제목,감독이름,제작국가,개봉일,장르,누적관객수,누적매출액
매트릭스3 레볼루션,"릴리 워쇼스키, 라나 워쇼스키",미국,2003-11-05,"SF, 액션, 범죄",46337,329369500
위대한 유산,오상훈,한국,2003-10-24,코미디,22789,150931500
아이덴티티,제임스 맨골드,미국,2003-10-31,"범죄, 스릴러",18288,125982500
황산벌,이준익,한국,2003-10-17,코미디,4560,34701000
스캔들-조선남녀상열지사,이재용,한국,2003-10-02,사극,851,8320000
케이트 앤 레오폴드,제임스 맨골드,미국,2003-10-31,"멜로/로맨스, 판타지",195,1591000
깝스,요제프 파레스,"스웨덴, 덴마크",2003-11-05,"코미디, 액션",103,969000
최후의 만찬,손영호,한국,2003-11-14,코미디,59,2163500
써클,박승배,한국,2003-11-14,스릴러,47,321500
인터스테이트,밥 게일,"미국, 캐나다",2003-11-14,"어드벤처, 판타지, 드라마",37,331500
올드보이,박찬욱,한국,2003-11-21,스릴러,294319,1897548500
킬빌,쿠엔틴 타란티노,미국,2003-11-21,액션,33975,224943500
프리다,줄리 테이머,"미국, 캐나다, 멕시코",2003-11-21,드라마,25661,170436000
웰컴 투 콜린우드,"조 루소, 안소니 루소",미국,2003-01-17,"코미디, 범죄",6748,42686500
사토라레,모토히로 카츠유키,일본,2003-11-21,드라마,30281,196009500
씨비스킷,게리 로스,미국,2003-11-21,드라마,1338,9006500
마스터 앤드 커맨더: 위대한 정복자 ,피터 위어,미국,2003-11-28,"전쟁, 드라마, 액션, 어드벤처",45532,289836500
천년호,이광훈,한국,2003-11-28,"멜로/로맨스, 액션, 판타지",25127,158290000
...ing,이언희,한국,2003-11-28,"드라마, 멜로/로맨스",34264,217269000
러브 액츄얼리,리차드 커티스,"미국, 영국",2003-12-05,"멜로/로맨스, 드라마, 코미디",325088,2305172758
야마카시,아리엘 제이통,프랑스,2003-12-05,"액션, 드라마, 범죄",10032,65707500
낭만자객,윤제균,한국,2003-12-05,코미디,48744,312851500
춤추는 대수사선 2,모토히로 카츠유키,일본,2003-12-12,"액션, 범죄, 코미디",19882,129612500
반지의 제왕 : 왕의 귀환,피터 잭슨,미국,2003-12-17,"판타지, 어드벤처",726364,4675917630
해피 에로 크리스마스,이건동,한국,2003-12-17,드라마,64378,411188500
실미도,강우석,한국,2003-12-24,전쟁,1708985,10858321500
스노우 보더,올리아스 바르코,"프랑스, 미국",2003-12-24,액션,2332,15516000
붉은 돼지,미야자키 하야오,일본,2003-12-19,"애니메이션, 전쟁",998,7050000
루니 툰 : 백 인 액션,조 단테,미국,2003-12-24,"액션, 어드벤처",566,3600000
동해물과 백두산이,안진우,한국,2003-12-31,코미디,163084,1041198500
더 캣,보 웰치,미국,2003-12-31,"판타지, 어드벤처",30403,185512000
라스트 사무라이,에드워드 즈윅,미국,2004-01-09,액션,296076,1883780000
말죽거리 잔혹사,유하,한국,2004-01-16,"액션, 멜로/로맨스",604625,3834994000
내사랑 싸가지,신동엽,한국,2004-01-16,코미디,294918,1828895000
피터 팬,P.J. 호건,미국,2004-01-16,"어드벤처, 가족, 판타지",136429,818847500
빙우,김은숙,한국,2004-01-16,드라마,49463,322899500
브라더 베어,"애론 블레이즈, 로버트 워커",미국,2004-01-16,드라마,15887,104735000
페이첵,오우삼,미국,2004-01-22,액션,130266,832432500
안녕! 유에프오,김진민,한국,2004-01-30,드라마,39682,246417500
그녀를 모르면 간첩,박한준,한국,2004-01-30,코미디,23907,146877500
런어웨이,게리 플레더,미국,2004-01-30,스릴러,14532,92187500
태극기 휘날리며,강제규,한국,2004-02-05,"전쟁, 드라마",2542870,15680941000
베이직,존 맥티어난,미국,2004-02-06,액션,11597,74411000
사랑할 때 버려야 할 아까운 것들,낸시 마이어스,미국,2004-02-13,코미디,121364,790557000
열두명의 웬수들 ,숀 레비,미국,2004-02-13,코미디,12618,80004000
자토이치,기타노 다케시,일본,2004-01-30,액션,22338,144138000
목포는 항구다,김지훈,한국,2004-02-20,"드라마, 코미디",423833,2662114000
그녀를 믿지 마세요,배형준,한국,2004-02-20,코미디,287380,1791543000
콜드 마운틴,안소니 밍겔라,미국,2004-02-20,전쟁,48670,308899500
사랑도 통역이 되나요?,소피아 코폴라,미국,2004-02-20,"멜로/로맨스, 액션",25153,163676000
스파이 키드 3D,로버트 로드리게즈,미국,2004-02-13,액션,5663,34331500
타임라인,리차드 도너,미국,2004-02-27,SF,14412,90901500
스쿨 오브 락,리차드 링클레이터,영국,2004-02-27,코미디,21585,135408000
8명의 여인들,프랑수아 오종,프랑스,2004-02-27,코미디,7205,45975500
사마리아,김기덕,한국,2004-03-05,드라마,41580,264384000
빅 피쉬,팀 버튼,미국,2004-03-05,판타지,66031,435353000
휴먼 스테인,로버트 벤튼,미국,2004-03-05,드라마,11901,76406500
어디선가 누군가에 무슨일이 생기면 틀림없이 나타난다 홍반장,강석범,한국,2004-03-12,코미디,178900,1141231000
어깨동무,조진규,한국,2004-03-12,코미디,114906,722932000
헌티드,윌리엄 프리드킨,미국,2004-03-12,액션,24440,155582000
모나리자 스마일,마이크 뉴웰,미국,2004-03-19,드라마,34941,224228000
히달고,조 존스톤,미국,2004-03-19,액션,27991,178098000
맹부삼천지교,김지영,한국,2004-03-26,코미디,216251,1346611000
아홉살 인생,윤인호,한국,2004-03-26,드라마,79738,492547000
허니 ,빌 우드러프,미국,2004-03-26,드라마,15229,99903000
패션 오브 크라이스트,멜 깁슨,미국,2004-04-02,드라마,835216,5300866500
어린 신부,김호준,한국,2004-04-02,코미디,990624,6233979000
마지막 늑대,구자홍,한국,2004-04-01,코미디,42850,272413500
폴리와 함께,존 햄버그,미국,2004-04-02,멜로/로맨스,26728,177086000
고티카,마티유 카소비츠,미국,2004-04-02,공포(호러),21018,136434500
바람의 전설,박정우,한국,2004-04-09,드라마,94096,611858000
저지 걸,케빈 스미스,미국,2004-04-09,멜로/로맨스,86084,551868000
범죄의 재구성,최동훈,한국,2004-04-15,스릴러,938870,6111808000
첫키스만 50번째,피터 시걸,미국,2004-04-15,코미디,181188,1190170000
무간도3: 종극무간,"유위강, 맥조휘",홍콩,2004-07-02,드라마,36852,250262500
테이킹 라이브즈,D.J. 카루소,미국,2004-04-15,스릴러,33774,217911000
라이어,김경형,한국,2004-04-23,"코미디, 멜로/로맨스",99603,651215500
아라한 장풍대작전,류승완,한국,2004-04-30,"액션, 드라마",808765,5197419000
인 더 컷,제인 캠피온,미국,2004-04-30,스릴러,15996,106105500
스타스키와 허치,토드 필립스,미국,2004-04-30,액션,10954,72874000
더티 댄싱 - 하바나 나이트,가이 퍼랜드,미국,2004-04-23,멜로/로맨스,23872,153958000
효자동 이발사,임찬상,한국,2004-05-05,드라마,743496,4824704900
여자는 남자의 미래다,홍상수,한국,2004-05-05,드라마,114312,763024500
스쿠비-두2 : 몬스터 대소동,라자 고스넬,미국,2004-04-30,코미디,18362,115126000
천공의 성 라퓨타,미야자키 하야오,일본,2004-04-30,애니메이션,15432,95991000
킬 빌2,쿠엔틴 타란티노,미국,2004-05-14,액션,138008,920422500
새벽의 저주,잭 스나이더,"미국, 캐나다, 일본, 프랑스",2004-05-14,"공포(호러), 스릴러",102386,668887500
트로이,볼프강 페터젠,미국,2004-05-21,사극,1974402,12606074500
하류인생,임권택,한국,2004-05-21,액션,218853,1432800500
옹박 - 무에타이의 후예,프라챠 핀카엡,태국,2004-05-26,액션,139813,895381800
디 아이2,"대니 팽, 옥사이드 팽 천",홍콩,2004-05-26,공포(호러),149566,958240500
내 여자친구를 소개합니다,곽재용,한국,2004-06-03,"멜로/로맨스, 드라마",1296554,8316311500
투모로우,롤랜드 에머리히,미국,2004-06-03,SF,1817828,11585040500
레이디킬러,"조엘 코엔, 에단 코엔",미국,2004-06-04,코미디,22402,150561500
페이스,유상곤,한국,2004-06-11,공포(호러),238694,1532573500
데스티네이션 2,데이비드 R. 엘리스,미국,2004-06-11,공포(호러),80758,533677000
나두야 간다,정연원,한국,2004-06-25,코미디,192645,1209516500
슈렉2,"콘래드 베논, 캘리 애스버리, 앤드류 아담슨",미국,2004-06-18,애니메이션,1647892,10708702500
령,"이인규, 김태경",한국,2004-06-17,공포(호러),553110,3518412000
내 남자 친구는 왕자님,마사 쿨리지,미국,2004-06-18,멜로/로맨스,47975,314774000
몬스터,팻티 젠킨스,독일,2004-06-18,드라마,48954,321639000
블러디 선데이,폴 그린그래스,영국,2004-06-18,드라마,47536,294595000
아는 여자,장진,한국,2004-06-25,드라마,518365,3328749500
스파이더맨 2,샘 레이미,미국,2004-06-30,SF,1490256,9530789500
인어 공주,박흥식,한국,2004-06-30,드라마,427009,2762204000
"달마야, 서울 가자",육상효,한국,2004-07-09,코미디,687912,4369993500
투 가이즈,박헌수,한국,2004-07-09,코미디,556557,3514513000
착신아리,미이케 다카시,일본,2004-07-09,공포(호러),203491,1269866000
해리포터와 아즈카반의 죄수,알폰소 쿠아론,미국,2004-07-16,드라마,1860996,11728505020
내 남자의 로맨스,박제현,한국,2004-07-16,드라마,731411,4676806000
늑대의 유혹,김태균,한국,2004-07-22,드라마,1246447,7700513000
킹 아더,안톤 후쿠아,미국,2004-07-23,사극,753901,4799323500
그놈은 멋있었다,이환경,한국,2004-07-22,코미디,315767,1958224000
화씨 911,마이클 무어,미국,2004-07-22,다큐멘터리,145296,951934500
"아이, 로봇",알렉스 프로야스,미국,2004-07-30,SF,1105486,7081014000
반 헬싱,스티븐 소머즈,미국,2004-07-30,액션,807542,5172162000
누구나 비밀은 있다,장현수,한국,2004-07-30,"코미디, 멜로/로맨스",523880,3403789500
인형사,정용기,한국,2004-07-30,공포(호러),188405,1162595500
신부수업,허인무,한국,2004-08-05,"드라마, 멜로/로맨스",663087,4178385000
분신사바,안병기,한국,2004-08-05,공포(호러),535933,3377453000
얼굴 없는 미녀,김인식,한국,2004-08-06,스릴러,310902,2002568000
바람의 파이터,양윤호,한국,2004-08-12,액션,1432317,9094978000
시실리 2km,신정원,한국,2004-08-13,코미디,1261624,8039211500
리딕 - 헬리온 최후의 빛,데이빗 토히,미국,2004-08-13,SF,270346,1738678000
알포인트,공수창,한국,2004-08-20,전쟁,1061025,6748817500
본 슈프리머시,폴 그린그래스,미국,2004-08-20,액션,360883,2371624500
가필드,피터 휴잇,미국,2004-08-19,코미디,221631,1354277000
쓰리 몬스터,"프루트 챈, 미이케 다카시, 박찬욱","한국, 홍콩, 일본",2004-08-20,공포(호러),165615,1065356000
헬보이,길예르모 델 토로,미국,2004-08-20,SF,108946,699350000
터미널,스티븐 스필버그,미국,2004-08-27,드라마,963266,6223737500
프레디 대 제이슨-13일의 금요일11,우인태,미국,2004-08-27,공포(호러),34652,222921000
가족,이정철,한국,2004-09-03,드라마,1260717,7989199500
돈 텔 파파,이상훈,한국,2004-09-03,코미디,507083,3166358500
에이리언 VS 프레데터,폴 W.S. 앤더슨,미국,2004-09-03,SF,180395,1150069500
퀸카로 살아남는 법,마크 S. 워터스,미국,2004-09-03,코미디,79676,518106500
거미숲,송일곤,한국,2004-09-03,"미스터리, 범죄",60482,393159000
연인,장예모,중국,2004-09-10,"멜로/로맨스, 액션",1010742,6539823000
귀신이 산다,김상진,한국,2004-09-17,"코미디, 공포(호러), 판타지",1870319,11863951000
80일간의 세계 일주,프랑코 코라시,미국,2004-09-17,"코미디, 드라마, 어드벤처, 액션",469656,2969522500
슈퍼스타 감사용,김종현,한국,2004-09-17,드라마,612525,3983054000
꽃피는 봄이 오면,류장하,한국,2004-09-23,드라마,495187,3187049500
빌리지,M. 나이트 샤말란,미국,2004-09-24,공포(호러),364594,2414736500
캣우먼,피토프,미국,2004-09-24,액션,173974,1141818500
맨 온 파이어,토니 스콧,미국,2004-09-24,액션,294896,1902098500
스텝포드 와이프,프랭크 오즈,미국,2004-10-01,코미디,162295,1076576500
우리 형,안권태,한국,2004-10-08,드라마,1772880,11055687000
세상의 중심에서 사랑을 외치다,유키사다 이사오,일본,2004-10-08,멜로/로맨스,311845,1990503000
콜래트럴,마이클 만,미국,2004-10-15,액션,568727,3703083000
2046,왕가위,홍콩,2004-10-15,드라마,104994,679843500
빈집,김기덕,한국,2004-10-15,드라마,66979,427619500
S 다이어리,권종관,한국,2004-10-22,코미디,1081092,6916142000
썸,장윤현,한국,2004-10-22,스릴러,232847,1458883500
비포 선셋,리차드 링클레이터,미국,2004-10-22,드라마,87214,585295000
21 그램,알레한드로 곤잘레스 이냐리투,미국,2004-10-23,드라마,54152,355718000
주홍글씨,변혁,한국,2004-10-29,"스릴러, 멜로/로맨스",1017527,6567997500
이프 온리,길 정거,미국,2004-10-29,"멜로/로맨스, 판타지",986902,6539543500
프린세스 다이어리 2,게리 마샬,미국,2004-10-29,멜로/로맨스,113516,701125500
내 머리 속의 지우개,이재한,한국,2004-11-05,멜로/로맨스,1878294,11874090000
레지던트 이블 2-아포칼립스,알렉산더 윗,미국,2004-11-05,액션,343017,2237383500
완벽한 그녀에게 딱 한가지 없는 것,게리 위닉,미국,2004-11-05,코미디,42964,275533000
쉘 위 댄스,피터 첼섬,미국,2004-11-12,드라마,74877,495861500
사랑에 빠지는 아주 특별한 법칙,피터 호윗,아일랜드,2004-11-12,멜로/로맨스,45231,299435000
모터사이클 다이어리,월터 살레스,영국,2004-11-12,드라마,26998,174158000
여선생 VS 여제자,장규성,한국,2004-11-17,코미디,840243,5228068506
나비효과,"에릭 브레스, J. 마키에 그러버",미국,2004-11-12,드라마,943700,6174494500
하나와 앨리스,이와이 슌지,일본,2004-11-17,드라마,84915,535573500
엑소시스트: 더 비기닝,레니 할린,미국,2004-11-17,공포(호러),71391,469014500
화이트 칙스,키넌 아이보리 웨이언스,미국,2004-11-17,코미디,36521,229061500
노트북,닉 카사베츠,미국,2004-11-26,멜로/로맨스,816180,6244402340
택시: 더 멕시멈,팀 스토리,미국,2004-11-17,액션,109061,687932000
"DMZ, 비무장지대",이규형,한국,2004-11-26,"드라마, 전쟁",88321,569482000
귀여워,김수현,한국,2004-11-26,"드라마, 코미디",33391,216259000
포가튼,조셉 루벤,미국,2004-12-03,스릴러,196890,1274726000
까불지마,오지명,한국,2004-12-03,드라마,141235,910084000
발레 교습소,변영주,한국,2004-12-03,드라마,82568,503175500
오페라의 유령,조엘 슈마허,미국,2004-12-08,"뮤지컬, 드라마",1517913,9669369000
브리짓 존스의 일기2 : 열정과 애정,비번 키드론,영국,2004-12-08,"멜로/로맨스, 드라마",1109235,7202274000
역도산,송해성,한국,2004-12-15,드라마,994873,6332405000
블레이드 3,데이빗 S. 고이어,미국,2004-12-15,액션,703229,4573433000
인크레더블,브래드 버드,미국,2004-12-15,애니메이션,861338,5378607000
엘프,존 파브로,미국,2004-12-15,코미디,52359,320576500
하울의 움직이는 성,미야자키 하야오,일본,2004-12-23,애니메이션,2609628,16459721617
폴라 익스프레스,로버트 저메키스,미국,2004-12-23,애니메이션,286551,1801387500
여고생 시집가기,오덕환,한국,2004-12-23,코미디,40924,252704500
서바이빙 크리스마스,마이크 미첼,미국,2004-12-24,코미디,23102,148832500
알렉산더,올리버 스톤,미국,2004-12-31,"전쟁, 드라마",1251270,7969745289
내셔널 트레져,존 터틀타웁,미국,2004-12-31,액션,1132477,7271874000
신석기 블루스,김도혁,한국,2004-12-30,코미디,257558,1640640000
샤크,"비키 젠슨, 롭 레터맨",미국,2005-01-07,"애니메이션, 코미디",893045,5551434000
오션스 트웰브,스티븐 소더버그,"호주, 미국",2005-01-07,"범죄, 코미디",769887,4987708000
몽정기2,정초신,한국,2005-01-14,코미디,802712,5044425000
쿵푸 허슬,주성치,중국,2005-01-14,코미디,820994,5292961000
키다리 아저씨,공정식,한국,2005-01-14,드라마,436973,2766454000
월드 오브 투모로우,케리 코란,미국,2005-01-14,SF,326694,2100460500
뉴 폴리스 스토리,진목승,홍콩,2005-01-21,액션,336882,2111232000
엘렉트라,롭 보우먼,미국,2005-01-21,액션,164162,1070588000
공공의 적 2,강우석,한국,2005-01-27,드라마,3123600,20022519500
말아톤,정윤철,한국,2005-01-27,드라마,4155296,26034613500
레모니 스니켓의 위험한 대결,브래드 실버링,미국,2005-01-28,코미디,744972,4643510500
B형 남자친구,최석원,한국,2005-02-03,코미디,1121897,7005258500
그때 그 사람들,임상수,한국,2005-02-03,"미스터리, 코미디",866750,5624003000
클로저,마이크 니콜스,미국,2005-02-03,"멜로/로맨스, 드라마",206786,1357699000
피닉스,존 무어,미국,2005-02-04,액션,49302,316064500
콘스탄틴,프란시스 로렌스,미국,2005-02-08,"드라마, 액션, 스릴러, 판타지",1729635,11122425500
마더 데레사,파브리지오 코스타,이탈리아,2005-01-21,드라마,50851,300772000
파송송 계란탁,오상훈,한국,2005-02-18,코미디,993352,6232845500
에비에이터,마틴 스코세이지,독일,2005-02-18,"드라마, 어드벤처, 멜로/로맨스",582513,3742326500
"제니, 주노",김호준,한국,2005-02-18,드라마,189323,1121322500
레드 아이,김동빈,한국,2005-02-18,공포(호러),175625,1092776500
숨바꼭질,존 폴슨,미국,2005-02-25,"드라마, 공포(호러), 스릴러",682248,4345401500
네버랜드를 찾아서,마크 포스터,미국,2005-02-25,드라마,178534,1147688500
나인 야드 2,하워드 더치,미국,2005-02-24,코미디,97498,622588500
레이,테일러 핵포드,미국,2005-02-25,드라마,207963,1374983500
코러스,크리스토퍼 파라티에,프랑스,2005-03-03,드라마,62742,404028000
마파도,추창민,한국,2005-03-10,코미디,2618070,16633378003
밀리언 달러 베이비,클린트 이스트우드,미국,2005-03-10,드라마,707253,4560094179
Mr.히치: 당신을 위한 데이트 코치,앤디 테넌트,미국,2005-03-11,"멜로/로맨스, 코미디",572478,3728940000
쏘우,제임스 완,미국,2005-03-10,"스릴러, 공포(호러)",235032,1516896500
잠복근무,박광춘,한국,2005-03-17,"코미디, 액션",1518037,9500011000
호스티지,플로렝 에밀리오 시리,미국,2005-03-18,스릴러,358062,2284340003
"여자, 정혜",이윤기,한국,2005-03-10,드라마,32044,208513500
"지금, 만나러 갑니다",도이 노부히로,일본,2005-03-25,"드라마, 멜로/로맨스, 판타지",129361,806913000
윔블던,리차드 론크레인,영국,2005-03-25,드라마,55831,367959000
래더 49,제이 러셀,미국,2005-03-25,드라마,27764,175131500
주먹이 운다(Crying Fist),류승완,한국,2005-04-01,드라마,1458473,9295771000
달콤한 인생,김지운,한국,2005-04-01,액션,1105198,7185826000
미스 에이전트2 : 라스베가스 잠입사건,존 파스킨,미국,2005-04-01,"액션, 코미디",131149,837949000
유희왕,츠지 하츠키,일본,2010-01-28,"애니메이션, 액션, 어드벤처",102784,506442000
엄마,구성주,한국,2005-04-07,드라마,154807,939877000
블랙아웃,필립 카우프만,독일,2005-04-07,스릴러,106397,680799000
화이트 노이즈,제프리 삭스,미국,2005-04-08,"공포(호러), 미스터리, 스릴러",27811,179999000
역전의 명수,박흥식,한국,2005-04-15,코미디,507882,3208178500
미트 페어런츠2,제이 로치,미국,2005-04-15,코미디,234051,1523359500
아나콘다2 : 사라지지 않는 저주,드와이트 H. 리틀,미국,2005-04-15,공포(호러),74816,462991500
어바웃 러브,존 헤이,영국,2005-04-21,드라마,316264,2058679500
인터프리터,시드니 폴락,영국,2005-04-22,"드라마, 스릴러",267548,1723908000
댄서의 순정,박영훈,한국,2005-04-28,드라마,1846350,11610810500
트리플 X2 : 넥스트 레벨,리 타마호리,미국,2005-04-29,"범죄, 액션, 스릴러, 어드벤처",463743,2941773500
착신아리2,츠카모토 렌페이,일본,2005-04-29,공포(호러),289460,1771179500
혈의 누,김대승,한국,2005-05-04,스릴러,1900798,12197117006
킹덤 오브 헤븐,리들리 스콧,미국,2005-05-04,액션,1209213,7642330000
밀리언즈,대니 보일,영국,2005-05-04,"코미디, 드라마",164730,1007757000
코치 카터,토머스 카터,미국,2005-05-13,드라마,59881,372030000
킨제이 보고서,빌 콘돈,미국,2005-05-13,드라마,27959,179288500
남극일기,임필성,한국,2005-05-19,스릴러,869512,5466614000
연애술사,천세환,한국,2005-05-20,"멜로/로맨스, 코미디",1007705,6340995000
하우스 오브 왁스,자움 세라,미국,2005-05-20,공포(호러),192020,1245216500
"우리, 사랑일까요?",나이젤 콜,미국,2005-05-20,"드라마, 코미디, 멜로/로맨스",115702,750531500
스타워즈 에피소드3 - 시스의복수,조지 루카스,미국,2005-05-26,SF,1449449,9227800500
"안녕, 형아",임태형,한국,2005-05-27,드라마,918547,5581639000
그루지,시미즈 다카시,일본,2005-05-26,공포(호러),551416,3403095000
pm 11:14,그레그 마크스,미국,2005-06-02,"드라마, 스릴러, 범죄, 코미디",224447,1443086000
링2(2005),나카타 히데오,미국,2005-06-03,공포(호러),173612,1085452503
패시파이어,아담 쉥크만,미국,2005-06-03,"액션, 코미디",58333,369480500
연애의 목적,한재림,한국,2005-06-10,"드라마, 코미디, 멜로/로맨스",1428430,9216001390
간 큰 가족,조명남,한국,2005-06-09,코미디,1237480,7797612393
미스터 & 미세스 스미스,더그 라이만,미국,2005-06-16,"멜로/로맨스, 액션, 어드벤처, 스릴러",2957303,18862683500
텍사스 전기톱 연쇄살인사건,마커스 니스펠,미국,2005-06-16,공포(호러),200662,1287085000
2005 [통합]패키지영화,,기타, ,,224707,1561962000
배트맨 비긴즈,크리스토퍼 놀란,미국,2005-06-24,"범죄, 액션, 판타지",901342,5786789020
사하라,브렉 에이즈너,미국,2005-06-24,"액션, 어드벤처",358981,2290315500
분홍신,김용균,한국,2005-06-30,공포(호러),1052445,6639066500
씬 시티,"프랭크 밀러, 쿠엔틴 타란티노",미국,2005-06-30,"범죄, 스릴러, 액션",305033,1984434506
셔터,팍품 웡품,태국,2005-06-30,공포(호러),287045,1802732000
아미티빌 호러,앤드류 더글라스,미국,2005-07-01,공포(호러),47470,306033500
우주전쟁,스티븐 스필버그,미국,2005-07-07,"드라마, 액션, SF, 스릴러",2634395,16705619190
마다가스카,"에릭 다넬, 톰 맥그라스",미국,2005-07-14,"애니메이션, 코미디, 어드벤처",1376138,8564508500
천군,민준기,한국,2005-07-15,액션,929044,5827457500
여고괴담 4 : 목소리,최익환,한국,2005-07-15,공포(호러),393569,2452349500
어썰트 13,장-프랑소와 리셰,미국,2005-07-07,"공포(호러), 액션, 드라마, 범죄",83016,530481500
아일랜드,마이클 베이,미국,2005-07-21,"SF, 드라마, 액션, 스릴러",3197261,20223741000
샤크보이와 라바걸의 모험 : 3-D,로버트 로드리게즈,미국,2005-07-21,"SF, 액션, 판타지, 가족",21016,124659000
친절한 금자씨,박찬욱,한국,2005-07-29,스릴러,3079279,20215625393
스텔스,롭 코헨,미국,2005-07-28,"액션, 어드벤처, 스릴러",526634,3327571000
로봇(애니),카를로스 살다나,미국,2005-07-28,코미디,607794,3653729500
부기맨,스테판 케이,미국,2005-07-28,공포(호러),72180,448993500
웰컴 투 동막골,박광현,한국,2005-08-04,"전쟁, 드라마",6413223,40180937500
발리언트(애니),게리 채프먼,영국,2005-08-05,코미디,118495,709997000
박수칠 때 떠나라,장진,한국,2005-08-11,"드라마, 코미디, 미스터리",2063656,13118633500
판타스틱4,팀 스토리,미국,2005-08-11,"액션, SF, 판타지",507699,3173403500
가발,원신연,한국,2005-08-12,공포(호러),409483,2575393000
"이대로, 죽을 순 없다(Short Time)",이영은,한국,2005-08-18,코미디,666913,4189421000
옹박 : 두번째 미션,프라챠 핀카엡,태국,2005-08-18,액션,296190,1843476500
첼로-홍미주 일가 살인사건,이우철,한국,2005-08-18,공포(호러),153169,953072000
그녀는 요술쟁이,노라 에프론,미국,2005-08-25,"코미디, 멜로/로맨스, 판타지",228046,1457858500
애프터 선셋,브렛 래트너,미국,2005-08-25,코미디,269021,1675249500
인 굿 컴퍼니,폴 웨이츠,미국,2005-08-26,"코미디, 드라마",174110,1138293500
크림슨 리버2,올리비에 다한,"프랑스, 영국, 이탈리아",2005-09-01,"범죄, 액션",137197,861542000
게스후,케빈 로드니 설리반,미국,2005-09-02,코미디,119486,769606000
형사 Duelist,이명세,한국,2005-09-08,"멜로/로맨스, 액션",900483,5716642500
랜드 오브 데드,조지 A. 로메로,미국,2005-09-02,"공포(호러), 액션, 스릴러",62235,404152000
가문의 위기,정용기,한국,2005-09-07,코미디,4508292,28485712000
외출,허진호,한국,2005-09-07,멜로/로맨스,665420,4292733000
나이트 플라이트,웨스 크레이븐,미국,2005-09-09,"스릴러, 액션",293075,1895479500
신데렐라맨,론 하워드,미국,2005-09-15,드라마,350385,2222300500
너는 내 운명,박진표,한국,2005-09-23,멜로/로맨스,2659825,17382891000
찰리와 초콜릿 공장,팀 버튼,미국,2005-09-16,"코미디, 가족, 판타지",1227801,7511913003
더 독,루이스 리테리어,프랑스,2005-09-16,"액션, 스릴러",295799,1866318500
미스터 주부퀴즈왕,유선동,한국,2005-09-30,코미디,315370,1972572000
내 생애 가장 아름다운 일주일,민규동,한국,2005-10-07,멜로/로맨스,2269939,14576101500
강력 3반,손희창,한국,2005-09-29,액션,808897,4939380000
칠검,서극,홍콩,2005-09-29,액션,264797,1699086000
날 미치게하는 남자,"바비 패럴리, 피터 패럴리",미국,2005-10-07,"코미디, 멜로/로맨스, 드라마",73916,445104000
사랑니,정지우,한국,2005-09-29,멜로/로맨스,131646,843448500
신화 : 진시황릉의 비밀,당계례,홍콩,2005-10-13,"액션, 어드벤처, 판타지",443587,2761428500
당신이 사랑하는 동안에,폴 맥기건,미국,2005-10-13,"드라마, 멜로/로맨스, 스릴러",119970,776305000
4 브라더스,존 싱글톤,미국,2005-10-14,"액션, 드라마, 범죄",52353,343836000
새드무비,권종관,한국,2005-10-20,드라마,886670,5536840500
케이브,브루스 헌트,독일,2005-10-20,드라마,201335,1275021000
베니스의 상인,마이클 래드포드,이탈리아,2005-10-20,드라마,116090,695764500
트랜스포터 엑스트림,루이스 리테리어,미국,2005-10-20,액션,57625,371211000
야수와 미녀,이계벽,한국,2005-10-27,코미디,1320043,8256875000
오로라 공주,방은진,한국,2005-10-27,"범죄, 스릴러",774324,4998821500
레전드 오브 조로,마틴 캠벨,미국,2005-10-28,액션,270165,1689727500
퍼펙트 웨딩(몬스터 인 로),로버트 루게틱,미국,2005-10-20,코미디,106637,677027000
유령신부(애니),"팀 버튼, 마이크 존슨",영국,2005-11-03,"애니메이션, 드라마, 멜로/로맨스, 판타지",413811,2618287000
"사랑해, 말순씨",박흥식,한국,2005-11-03,드라마,323670,2034973500
월래스와 그로밋 : 거대토끼의 저주,"닉 파크, 스티브 박스",영국,2005-11-04,"애니메이션, 코미디, 가족, 어드벤처",289701,1794640500
40살까지 못해본 사람,주드 아패토우,미국,2005-11-04,"코미디, 멜로/로맨스, 드라마",35899,234841500
미스터 소크라테스,최진원,한국,2005-11-10,액션,1063012,6746152000
플라이트 플랜,로베르트 슈벤트케,미국,2005-11-18,드라마,681062,4305327000
"소년, 천국에 가다",윤태용,한국,2005-11-11,드라마,201269,1221924500
이터널 선샤인,미셸 공드리,미국,2005-11-10,멜로/로맨스,411303,3092214500
그림형제 : 마르바덴 숲의 전설,테리 길리엄,미국,2005-11-17,"판타지, 가족, 어드벤처",719743,4564547500
무영검,김영준,한국,2005-11-18,액션,517660,3293824500
로드 오브 워,앤드류 니콜,미국,2005-11-18,"액션, 드라마, 범죄, 스릴러",99171,621946500
엘리자베스타운,카메론 크로우,미국,2005-11-18,"코미디, 드라마, 멜로/로맨스",51885,343386000
광식이 동생 광태,김현석,한국,2005-11-23,코미디,2018197,12768581009
나의 결혼원정기,황병국,한국,2005-11-23,드라마,632473,3859676500
도쿄타워,미나모토 타카시,일본,2005-11-23,드라마,32516,211045500
해리 포터와 불의 잔,마이크 뉴웰,미국,2005-12-01,"액션, 판타지",3494937,22054759400
6월의 일기,임경수,한국,2005-12-01,"드라마, 범죄",593396,3643223500
저스트 라이크 헤븐,마크 S. 워터스,미국,2005-12-01,"코미디, 멜로/로맨스",238328,1547895000
둠,안드레이 바르코비악,미국,2005-12-02,"액션, 공포(호러), SF",21321,138643500
프라임 러브,벤 영거,미국,2005-12-08,"코미디, 멜로/로맨스",209036,1303284000
애인,김태은,한국,2005-12-08,멜로/로맨스,96465,612396000
태풍,곽경택,한국,2005-12-14,"드라마, 액션",3456331,22114691300
킹콩,피터 잭슨,미국,2005-12-14,"드라마, 어드벤처",3441206,21297631900
"우리, 사랑해도 되나요?",토마스 베주차,미국,2005-12-15,"멜로/로맨스, 드라마, 코미디",62780,405952500
작업의 정석,오기환,한국,2005-12-21,코미디,1846581,11660380100
파랑주의보,전윤수,한국,2005-12-22,드라마,234338,1436262000
왕의 남자,이준익,한국,2005-12-29,드라마,10489308,65866410400
"나니아 연대기-사자,마녀 그리고 옷장",앤드류 아담슨,미국,2005-12-29,"가족, 어드벤처, 판타지",2152416,13136434000
청연,윤종찬,한국,2005-12-29,드라마,480760,3007402400
싸움의 기술,신한솔,한국,2006-01-05,코미디,1110115,7100516000
퍼햅스 러브,"진가신, 진가상",홍콩,2006-01-05,뮤지컬,82190,523444000
야수,김성수,한국,2006-01-12,액션,834937,5326031000
당신이 그녀라면,커티스 핸슨,미국,2006-01-12,"코미디, 드라마",43612,277342500
투사부일체,김동원,한국,2006-01-19,코미디,4997745,31474767000
홀리데이,양윤호,한국,2006-01-19,"드라마, 스릴러, 범죄",1155175,7248315000
투 브라더스,장 자끄 아노,"프랑스, 영국",2006-01-20,"드라마, 가족, 어드벤처",142389,860737500
무극,첸 카이거,중국,2006-01-26,"멜로/로맨스, 액션, 판타지",645249,4055091000
사랑을 놓치다,추창민,한국,2006-01-26,"멜로/로맨스, 드라마",458517,2896581000
치킨리틀,마크 딘달,미국,2006-01-26,"애니메이션, 코미디, 어드벤처",447357,2671558000
게이샤의 추억,롭 마샬,미국,2006-02-02,드라마,795036,4999893000
내니맥피-우리 유모는 마법사,커크 존스,영국,2006-02-03,"코미디, 가족",193439,1165344500
흡혈형사 나도열,이시명,한국,2006-02-09,"코미디, 드라마",1559301,9667183800
뮌헨,"스티븐 스필버그, 크리스토프 데아크",미국,2006-02-10,"스릴러, 드라마, 범죄",717927,4571113500
백만장자의 첫사랑,김태균,한국,2006-02-09,"멜로/로맨스, 코미디",535371,3213511000
폭풍우 치는 밤에,스기이 기사부로,일본,2006-02-09,애니메이션,234955,1351114500
구세주,김정우,한국,2006-02-16,"코미디, 액션, 멜로/로맨스",1612280,10032181200
쏘우 2,대런 린 보우즈만,미국,2006-02-16,"공포(호러), 스릴러",381898,2436547400
파이어월,리차드 론크레인,미국,2006-02-17,"액션, 스릴러, 범죄",82174,528711000
음란서생,김대우,한국,2006-02-23,"사극, 코미디",2297550,14900783300
언더월드2 - 에볼루션,렌 와이즈먼,미국,2006-02-23,"액션, 공포(호러), 판타지",543921,3479122500
손님은 왕이다,오기현,한국,2006-02-23,"드라마, 범죄, 미스터리",143128,914385700
웨딩 크래셔,데이빗 돕킨,미국,2006-03-01,코미디,241086,1529283400
브로크백 마운틴,이안,미국,2006-03-01,드라마,146373,948631500
데이지,유위강,"한국, 네덜란드, 홍콩",2006-03-09,멜로/로맨스,901868,5694319300
앙코르,제임스 맨골드,미국,2006-03-09,드라마,165242,1059458800
여교수의 은밀한 매력,이하,한국,2006-03-16,코미디,601621,3892732800
방과후 옥상,이석훈,한국,2006-03-16,코미디,766125,4776254500
로망스,문승욱,한국,2006-03-16,멜로/로맨스,328911,2108073300
브이 포 벤데타,제임스 맥티그,미국,2006-03-16,액션,421647,2715463800
청춘만화,이한,한국,2006-03-23,"코미디, 멜로/로맨스",1549089,9671450500
오만과 편견,조 라이트,미국,2006-03-24,"멜로/로맨스, 드라마",865702,5407648900
무인 곽원갑,우인태,중국,2006-03-23,액션,280584,1754983200
뻔뻔한 딕&제인,딘 패리소트,미국,2006-03-30,"코미디, 범죄",474970,2980181100
원초적 본능 2,"프레드 올렌 레이, 마이클 카튼-존스",미국,2006-03-30,스릴러,292387,1866874200
카리스마 탈출기,권남기,한국,2006-03-30,코미디,63227,393693100
시리아나,스티븐 개건,미국,2006-03-30,"스릴러, 드라마",55761,357061900
"달콤, 살벌한 연인",손재곤,한국,2006-04-06,"스릴러, 멜로/로맨스",2065433,13346093600
빨간모자의 진실,"토니 리치, 코리 에드워즈, 토드 에드워즈",미국,2006-04-06,"애니메이션, 코미디",914278,5498141600
크래쉬,폴 해기스,미국,2006-04-06,"드라마, 범죄, 미스터리",123422,784839400
에디슨 시티,데이비드 J. 버크,미국,2006-04-06,액션,62427,390272500
달콤한 백수와 사랑만들기,톰 듀이,미국,2006-04-07,"멜로/로맨스, 코미디",43260,287391000
드리머,존 개틴스,미국,2006-04-13,드라마,143754,874175900
엑소시즘 오브 에밀리 로즈,스콧 데릭슨,미국,2006-04-13,공포(호러),87846,545914400
연리지,김성중,한국,2006-04-13,"멜로/로맨스, 드라마",80705,488192200
매치 포인트,우디 알렌,"영국, 미국",2006-04-13,"멜로/로맨스, 드라마",64990,432213600
사생결단,최호,한국,2006-04-27,액션,1716901,10883749600
맨발의 기봉이,권수경,한국,2006-04-26,"드라마, 코미디, 가족",1988117,12140210400
도마뱀,강지은,한국,2006-04-27,"멜로/로맨스, 드라마",361496,2287748200
인사이드 맨,스파이크 리,미국,2006-04-21,"드라마, 범죄",262689,1674501700
식스틴블럭,리차드 도너,미국,2006-04-20,"액션, 범죄",251296,1595793500
원피스 - 기계태엽성의 메카거병,우다 코우노스케,일본,2006-10-26,"애니메이션, 코미디",555726,3278762000
아이스 에이지 2,카를로스 살다나,미국,2006-04-20,"애니메이션, 코미디, 어드벤처",232768,1460364400
미션 임파서블 3,J.J. 에이브럼스,미국,2006-05-03,액션,5119669,32108973900
국경의 남쪽,안판석,한국,2006-05-04,드라마,226133,1424212800
개구리중사 케로로,사토 준이치,일본,2006-05-04,"애니메이션, 코미디",47803,278356000
파이널 데스티네이션,제임스 왕,미국,2006-05-11,"공포(호러), 드라마",353924,2263936700
공필두,공정식,한국,2006-05-11,코미디,156627,936846600
안소니 짐머,제롬 샬레,프랑스,2006-05-11,스릴러,18536,119301600
다빈치 코드,론 하워드,미국,2006-05-18,"미스터리, 스릴러",2993922,18689786600
가족의 탄생,김태용,한국,2006-05-18,드라마,189785,1150594700
짝패,류승완,한국,2006-05-25,액션,1007490,6494487500
호로비츠를 위하여,권형진,한국,2006-05-25,드라마,435826,2648878100
"생, 날선생",김동욱,한국,2006-05-25,코미디,218912,1338379600
행운을 돌려줘!,도날드 페트리,미국,2006-05-25,"멜로/로맨스, 코미디",23989,150503700
포세이돈,볼프강 페터젠,미국,2006-05-31,"액션, 드라마, 스릴러",2295241,14476110800
헷지,"팀 존슨, 캐리 커크패트릭",미국,2006-05-31,"애니메이션, 코미디",824345,4967191600
모노폴리,이항배,한국,2006-06-01,범죄,353346,2166683600
구타유발자들,원신연,한국,2006-05-31,"코미디, 범죄",139687,912495300
오멘,존 무어,미국,2006-06-06,공포(호러),271920,1729593600
환생,시미즈 다카시,일본,2006-06-08,공포(호러),318057,1935090900
엑스맨 : 최후의 전쟁,브렛 래트너,미국,2006-06-15,"SF, 액션",1788914,11248109200
비열한 거리,유하,한국,2006-06-15,"액션, 범죄, 드라마",1805361,11505961200
강적,조민호,한국,2006-06-22,"액션, 드라마",317398,1952397500
착신아리 파이널,아소 마나부,"일본, 한국",2006-06-22,공포(호러),237877,1477986900
럭키 넘버 슬레븐,폴 맥기건,미국,2006-06-22,"스릴러, 범죄",356117,2207907400
이온 플럭스,캐린 쿠사마,미국,2006-06-22,액션,45256,285973100
수퍼맨 리턴즈,브라이언 싱어,미국,2006-06-28,"SF, 액션, 판타지",1677330,10654663400
아랑,안상훈,한국,2006-06-28,공포(호러),932587,5610866300
아치와 씨팍,조범진,한국,2006-06-28,"애니메이션, 코미디, 액션, SF, 범죄",96630,617781800
하프 라이트,크레이그 로젠버그,미국,2006-06-28,스릴러,35310,220665000
캐리비안의 해적 : 망자의 함,고어 버빈스키,미국,2006-07-06,"액션, 코미디, 어드벤처, 판타지",3898341,23747857500
아파트,안병기,한국,2006-07-06,공포(호러),529373,3390717900
파이스토리,"베이커 하워드 E., 폭스 존, 이경호","한국, 미국",2006-07-06,"애니메이션, 가족",224002,1286008500
한반도,강우석,한국,2006-07-13,"드라마, 액션",3296716,20378712500
얼음왕국 : 북극의 여름이야기(다큐),"티에리 피안타니다, 티에리 라고베르트","프랑스, 캐나다",2006-07-13,다큐멘터리,27796,166025500
카,존 라세터,미국,2006-07-20,"애니메이션, 액션, 코미디",562821,3222938000
패스트 앤 퓨리어스 도쿄 드리프트,저스틴 린,미국,2006-07-20,"액션, 범죄",165653,1015245000
울트라바이올렛,커트 위머,미국,2006-07-20,"액션, SF",90370,562467500
포켓몬 레인저와 바다의 왕자 마나피,유야마 쿠니히코,일본,2006-07-20,"애니메이션, 어드벤처",159704,920424200
괴물,봉준호,한국,2006-07-27,"SF, 가족, 드라마",10892305,66569033800
유실물,후루사와 다케시,일본,2006-07-27,공포(호러),247912,1513868500
가필드 2,팀 힐,미국,2006-07-27,"애니메이션, 코미디",165164,935018600
2월 29일 - 어느날 갑자기 첫번째 이야기,정종훈,한국,2006-07-21,공포(호러),53216,332301000
스승의 은혜,임대웅,한국,2006-08-03,공포(호러),546192,3448516000
플라이 대디,최종태,한국,2006-08-03,드라마,389524,2311969800
네번째 층 - 어느날 갑자기 두번째 이야기,권호영,한국,2006-07-27,공포(호러),30047,185946000
몬스터 하우스,길 키넌,미국,2006-08-10,"공포(호러), 코미디, 애니메이션",1004700,6273367000
다세포소녀,이재용,한국,2006-08-10,"코미디, 멜로/로맨스",462289,2775995000
각설탕,이환경,한국,2006-08-10,드라마,1253826,7564388700
게드전기 : 어스시의 전설,미야자키 고로,일본,2006-08-10,"애니메이션, 판타지, 어드벤처",195043,1165889700
신데렐라,봉만대,한국,2006-08-17,공포(호러),514903,3087439700
마이애미 바이스,마이클 만,미국,2006-08-17,액션,382194,2459541500
"사랑하니까, 괜찮아",곽지균,한국,2006-08-17,"멜로/로맨스, 드라마",144989,859524300
겁나는 여친의 완벽한 비밀,이반 라이트만,미국,2006-08-17,"코미디, 멜로/로맨스",214602,1353442500
예의없는 것들,박철희,한국,2006-08-24,"액션, 코미디",780722,4873254700
아이스케키,여인광,한국,2006-08-24,드라마,357088,2048042900
원탁의 천사,권성국,한국,2006-08-24,"코미디, 판타지",358712,2109034600
13구역,피에르 모렐,프랑스,2006-08-24,"액션, SF",186111,1184548000
일본침몰,히구치 신지,일본,2006-08-31,드라마,772264,4667720200
천하장사 마돈나,"이해준, 이해영",한국,2006-08-31,"드라마, 코미디",571105,3525330000
해변의 여인,홍상수,한국,2006-08-31,"드라마, 멜로/로맨스",151179,956736000
레이크 하우스,알레한드로 아그레스티,미국,2006-08-31,"멜로/로맨스, 드라마",126157,799889000
"연애, 그 참을 수 없는 가벼움",김해곤,한국,2006-09-07,"멜로/로맨스, 드라마",554541,3541632800
뚝방전설,조범구,한국,2006-09-07,"액션, 코미디",337997,2128481200
센티넬,클락 존슨,미국,2006-09-07,"범죄, 드라마",121151,766733500
우리들의 행복한 시간,송해성,한국,2006-09-14,드라마,2468816,14918176000
"두뇌유희프로젝트, 퍼즐",김태경,한국,2006-09-14,"범죄, 스릴러",221157,1405687200
플라이트93,폴 그린그래스,미국,2006-09-08,"범죄, 드라마",64193,398659000
가문의 부활 - 가문의 영광3,정용기,한국,2006-09-21,코미디,2588560,15933880400
야연,펑샤오강,중국,2006-09-21,"사극, 멜로/로맨스",370576,2323982200
무도리,이형선,한국,2006-09-21,"드라마, 코미디",58842,358606000
타짜,최동훈,한국,2006-09-28,드라마,5577385,35481613900
라디오 스타,이준익,한국,2006-09-28,드라마,1535055,9531283500
잘 살아보세,안진우,한국,2006-09-28,코미디,232236,1389657300
BB프로젝트,진목승,홍콩,2006-09-28,액션,329991,1963017500
구미호 가족,이형곤,한국,2006-09-28,"코미디, 뮤지컬, 판타지",128150,797060800
앤트 불리,존 A. 데이비스,미국,2006-09-28,"애니메이션, 코미디",223021,1401384500
월드 트레이드 센터,올리버 스톤,미국,2006-10-15,드라마,297552,1779249500
레이디 인 더 워터,M. 나이트 샤말란,미국,2006-10-13,판타지,105559,646691500
거룩한 계보,장진,한국,2006-10-19,"드라마, 액션",1394392,8529821300
DOA,원규,"독일, 영국",2006-10-19,액션,124655,756319200
악마는 프라다를 입는다,데이빗 프랭클,미국,2006-10-25,드라마,1300831,7896566800
폭력써클,박기형,한국,2006-10-19,"액션, 드라마",18015,117153300
가을로,김대승,한국,2006-10-26,"멜로/로맨스, 드라마",510457,3113611500
마음이...,"박은형, 오달균",한국,2006-10-26,드라마,785482,4466442800
데스노트,카네코 슈스케,일본,2006-11-02,"범죄, 스릴러, 드라마",591384,3387637000
잔혹한 출근,김태윤,한국,2006-11-02,"코미디, 범죄",323443,1931543600
프레스티지,크리스토퍼 놀란,"미국, 영국",2006-11-02,스릴러,439946,2743577500
가디언,앤드류 데이비스,미국,2006-11-02,액션,76817,481369500
사랑 따윈 필요 없어,이철하,한국,2006-11-09,"멜로/로맨스, 드라마",392869,2372948800
열혈남아,이정범,한국,2006-11-09,"드라마, 범죄, 액션",456799,2780758200
사일런트 힐,크리스토프 갱스,"미국, 일본, 프랑스, 캐나다",2006-11-09,"공포(호러), 스릴러",96784,615900500
애정결핍이 두 남자에게 미치는 영향,김성훈,한국,2006-11-16,코미디,416816,2469780400
누가 그녀와 잤을까?,김유성,한국,2006-11-16,코미디,309585,1816380400
어느 멋진 순간,리들리 스콧,미국,2006-11-16,"드라마, 멜로/로맨스",171301,1070364000
그루지 2,시미즈 다카시,미국,2006-11-16,공포(호러),88459,503356000
해바라기,강석범,한국,2006-11-23,액션,1300978,7811258900
디파티드,마틴 스코세이지,미국,2006-11-23,드라마,535553,3308627400
플러쉬,"샘 펠, 데이빗 보워스, 데이비드 보","미국, 영국",2006-11-23,"애니메이션, 코미디, 액션",131234,734764300
스텝 업,앤 플레쳐,미국,2006-11-23,멜로/로맨스,359898,2115006000
싸이보그지만 괜찮아,박찬욱,한국,2006-12-07,"SF, 멜로/로맨스, 판타지",648196,3823286000
Mr.로빈 꼬시기,김상우,한국,2006-12-07,"멜로/로맨스, 코미디",659688,3902401700
판의 미로 - 오필리아와 세 개의 열쇠,길예르모 델 토로,"스페인, 멕시코",2006-11-30,"드라마, 판타지, 전쟁",482035,2875427448
쏘우 3,대런 린 보우즈만,미국,2006-11-30,"공포(호러), 스릴러",382682,2383185500
저스트 프렌드,로저 컴블,미국,2006-12-07,"코미디, 멜로/로맨스",221676,1355902000
그해 여름,조근식,한국,2006-11-30,"멜로/로맨스, 드라마",273104,1647540600
사랑할 때 이야기하는 것들,변승욱,한국,2006-11-30,"멜로/로맨스, 드라마",190510,1187692200
미녀는 괴로워,김용화,한국,2006-12-14,"멜로/로맨스, 코미디",6018121,35905471900
로맨틱 홀리데이,낸시 마이어스,미국,2006-12-14,"코미디, 멜로/로맨스",1136877,7163459000
조용한 세상,조의석,한국,2006-12-14,"드라마, 미스터리, 스릴러",160448,933669900
박물관이 살아있다!,숀 레비,미국,2006-12-21,"코미디, 어드벤처",4110118,23640835300
중천,조동오,"한국, 중국",2006-12-21,"액션, 드라마, 판타지",1407740,8497073100
007 카지노 로얄,마틴 캠벨,미국,2006-12-21,액션,991902,6138394700
올드미스다이어리,김석윤,한국,2006-12-21,코미디,718648,4269237000
해피 피트,"조지 밀러, 주디 모리스","미국, 호주",2006-12-21,"애니메이션, 코미디",456608,2744793500
조폭마누라3,조진규,"한국, 홍콩",2006-12-28,"액션, 코미디",1419119,8562572700
위대한 탄생,캐서린 하드윅,미국,2006-12-21,드라마,56687,345729200
오래된 정원,임상수,한국,2007-01-04,드라마,134272,805242500
부그와 엘리엇(애니),로저 알러스,미국,2007-01-04,"애니메이션, 코미디, 어드벤처, 가족",271367,1523880500
언니가 간다,김창래,한국,2007-01-04,코미디,129181,768670900
에라곤,스테판 팡메이어,미국,2007-01-11,"판타지, 드라마, 액션, 스릴러",897826,5259989000
허브,허인무,한국,2007-01-11,드라마,1194747,7015203200
데스노트 : 라스트 네임,카네코 슈스케,일본,2007-01-10,"범죄, 드라마, 스릴러",515756,2904671000
데자뷰,토니 스콧,미국,2007-01-11,액션,722186,4420271000
묵공,장지량,"중국, 한국, 일본, 홍콩",2007-01-10,"전쟁, 드라마, 액션",276202,1675663000
블러드 다이아몬드,에드워드 즈윅,미국,2007-01-11,"드라마, 스릴러",308285,1945437000
마파도2,이상훈,한국,2007-01-18,코미디,1373457,8163214000
로보트 태권V(76년 디지털 복원판),,, ,,586151,3229821500
최강로맨스,김정우,한국,2007-01-25,"멜로/로맨스, 코미디",1173982,6838097100
황후화,장예모,홍콩,2007-01-25,"액션, 드라마",876908,5513813300
천년여우 여우비,이성강,한국,2007-01-25,"애니메이션, 가족, 판타지",405389,2209491000
미스 포터,크리스 누난,영국,2007-01-25,드라마,280018,1732631500
그놈 목소리,박진표,한국,2007-02-01,"드라마, 스릴러",2911117,17242160400
클릭,프랭크 코라치,미국,2007-02-01,"코미디, 드라마, 판타지",320472,1922141900
아포칼립토,멜 깁슨,미국,2007-01-31,"액션, 어드벤처",246589,1541976700
바람피기 좋은 날,장문일,한국,2007-02-08,"드라마, 멜로/로맨스, 코미디",1700763,10688201400
김관장 대 김관장 대 김관장,박성균,한국,2007-02-08,코미디,904577,5453499500
샬롯의 거미줄,게리 위닉,미국,2007-02-08,"드라마, 코미디, 가족",206668,1154606500
1번가의 기적,윤제균,한국,2007-02-14,"드라마, 코미디",2525464,15436848600
복면달호,"김현수, 김상찬",한국,2007-02-14,"코미디, 드라마",1494678,8933215000
비밀의 숲 테라비시아,가버 추보,미국,2007-02-15,"어드벤처, 드라마, 가족, 판타지",431997,2422402500
아버지의 깃발,클린트 이스트우드,미국,2007-02-15,"드라마, 사극, 전쟁",193872,1226513000
록키 발보아,실베스터 스탤론,미국,2007-02-14,"드라마, 액션",105334,662893000
드림걸즈,빌 콘돈,미국,2007-02-22,"드라마, 뮤지컬",692383,4355229800
마강호텔,최성철,한국,2007-02-22,"코미디, 드라마",127116,737293800
바벨,알레한드로 곤잘레스 이냐리투,"멕시코, 프랑스, 미국",2007-02-22,드라마,189261,1218710000
그 여자 작사 그 남자 작곡,마크 로렌스,미국,2007-02-28,"멜로/로맨스, 드라마",1054208,6697623000
행복을 찾아서,가브리엘 무치노,미국,2007-02-28,"드라마, 가족",552945,3415210100
좋지 아니한가,정윤철,한국,2007-03-01,"드라마, 코미디",279539,1689941000
한니발 라이징,피터 웨버,미국,2007-02-28,"스릴러, 드라마, 범죄",232256,1459433600
일루셔니스트,닐 버거,미국,2007-03-08,"드라마, 멜로/로맨스, 판타지",539051,3288810200
스모킹 에이스,조 카나한,"미국, 영국, 프랑스",2007-03-08,"액션, 코미디, 스릴러, 범죄",131502,837970500
300,잭 스나이더,미국,2007-03-14,액션,2897382,18473233000
쏜다,박정우,한국,2007-03-14,코미디,303059,1793381600
페인티드 베일,존 커랜,"중국, 미국, 캐나다",2007-03-15,"멜로/로맨스, 드라마",75450,470812000
향수 : 어느 살인자의 이야기,톰 티크베어,영국,2007-03-22,"드라마, 스릴러",940991,5681577000
넘버23,조엘 슈마허,미국,2007-03-22,스릴러,418582,2545011500
수,최양일,"한국, 일본",2007-03-22,액션,189474,1145674500
브레이크 업 : 이별후애(愛),페이튼 리드,미국,2007-03-22,"코미디, 멜로/로맨스",195828,1238617500
빼꼼의 머그잔 여행,임아론,한국,2007-03-22,"드라마, 어드벤처",83949,377431000
이장과 군수,장규성,한국,2007-03-29,코미디,1161231,7479720000
뷰티풀 선데이,진광교,한국,2007-03-29,스릴러,158670,1056689500
블랙북,폴 버호벤,네덜란드,2007-03-29,"드라마, 스릴러, 전쟁",174696,1091161500
우아한 세계,한재림,한국,2007-04-05,액션,917031,5921931500
철없는 그녀의 아찔한 연애코치,마이클 레만,미국,2007-04-05,"코미디, 드라마, 멜로/로맨스",189199,1178650000
마하 2.6: 풀스피드,제라르 피레,프랑스,2007-04-05,"액션, 어드벤처",47214,289283500
극락도 살인사건,김한민,한국,2007-04-12,"공포(호러), 미스터리, 스릴러",2074312,13294442500
고스트 라이더,마크 스티븐 존슨,미국,2007-04-12,"액션, 스릴러, 판타지",351377,2278419500
천년학,임권택,한국,2007-04-12,드라마,65554,407523500
동갑내기 과외하기 레슨 2,"지길웅, 김호정",한국,2007-04-19,"코미디, 멜로/로맨스",483960,3123111500
리핑 10개의 재앙,스티븐 홉킨스,미국,2007-04-19,"SF, 공포(호러), 스릴러",597763,3852948500
눈부신 날에,박광수,한국,2007-04-19,드라마,250961,1595452000
선샤인,대니 보일,미국,2007-04-19,"SF, 스릴러",58276,365922000
로빈슨 가족,스테판 J. 앤더슨,미국,2007-04-19,"애니메이션, 코미디, 어드벤처, 가족, SF",101662,704741000
더블타겟,안톤 후쿠아,미국,2007-04-26,"액션, 드라마, 스릴러",509297,3415555500
날아라 허동구,박규태,한국,2007-04-26,"가족, 드라마",355178,2205137000
닌자거북이 TMNT,케빈 먼로,미국,2007-04-25,"액션, 코미디, 어드벤처, 판타지",159215,973298500
굿셰퍼드,로버트 드 니로,미국,2007-04-19,"미스터리, 드라마, 스릴러",78569,508602500
스파이더맨 3,샘 레이미,미국,2007-05-01,"액션, SF",4579910,29438396000
아들,장진,한국,2007-05-01,"드라마, 가족",372793,2393796000
쉬즈 더 맨,앤디 픽맨,"미국, 캐나다",2007-05-03,"코미디, 멜로/로맨스",119078,738782500
못말리는 결혼,김성욱,한국,2007-05-10,코미디,1184054,7685994500
용호문,엽위신,홍콩,2007-05-10,액션,50142,299118500
내일의 기억,츠츠미 유키히코,일본,2007-05-10,드라마,44565,298367500
캐리비안의 해적: 세상의 끝에서,고어 버빈스키,미국,2007-05-23,"액션, 코미디, 어드벤처, 판타지",4562802,29079898000
밀양,이창동,한국,2007-05-23,드라마,1601328,10250374000
전설의 고향,김지환,한국,2007-05-23,공포(호러),349075,2226029500
넥스트,리 타마호리,미국,2007-05-17,"SF, 스릴러, 액션",454264,3008737000
눈물이 주룩주룩,도이 노부히로,일본,2007-05-17,"드라마, 멜로/로맨스, 미스터리, 코미디",109483,670744000
상성: 상처받은 도시,"유위강, 맥조휘",홍콩,2007-05-31,"액션, 스릴러, 범죄",77149,518375500
데스워터,야마모토 키요시,일본,2007-05-31,공포(호러),60117,384854000
팩토리 걸 ,조지 하이켄루퍼,미국,2007-05-31,드라마,6485,45004500
슈렉3,"크리스 밀러, 라맨 허",미국,2007-06-06,"애니메이션, 코미디, 어드벤처, 가족, 판타지",2819895,17860075000
황진이,장윤현,한국,2007-06-06,"드라마, 멜로/로맨스",1188172,7741313500
메신져 - 죽은자들의 경고,"대니 팽, 옥사이드 팽 천",미국,2007-06-06,공포(호러),225352,1446803000
오션스 써틴,스티븐 소더버그,미국,2007-06-14,"범죄, 드라마, 코미디",1367023,9093266800
러브 & 트러블,알렉 케시시안,프랑스,2007-06-14,"멜로/로맨스, 코미디",246587,1658784000
황색 눈물,이누도 잇신,일본,2007-06-14,드라마,16954,110000500
시간을 달리는 소녀,호소다 마모루,일본,2007-06-14,"애니메이션, 판타지, 멜로/로맨스",12316,77138000
검은 집,신태라,한국,2007-06-21,"스릴러, 미스터리, 공포(호러)",1316488,8806455200
4.4.4,롤랑 조페,"미국, 러시아",2007-06-20,"범죄, 공포(호러), 스릴러",207041,1393559000
뜨거운녀석들,에드가 라이트,영국,2007-06-21,"코미디, 액션, 미스터리, 범죄",53918,364357000
두 번째 사랑,김진아,"한국, 미국",2007-06-21,"드라마, 멜로/로맨스",81075,535924000
트랜스포머,마이클 베이,미국,2007-06-28,"SF, 액션, 어드벤처",7346198,47273331838
디센트,닐 마샬,영국,2007-07-05,"공포(호러), 스릴러, 어드벤처",230403,1534352100
택시 4,제라르 크라브지크,프랑스,2007-07-05,"액션, 코미디",145378,945498500
해리 포터와 불사조 기사단,데이빗 예이츠,미국,2007-07-11,"판타지, 액션, 어드벤처",3656865,22685421300
해부학 교실,손태웅,한국,2007-07-11,"공포(호러), 스릴러",573138,3620593000
다이 하드 4 : 죽어도 산다,렌 와이즈먼,미국,2007-07-17,액션,3139500,20381075400
샴,팍품 웡품,태국,2007-07-17,"공포(호러), 드라마",463691,2949751300
파워레인저매직포스&트레저포스,모로타 사토시,일본,2007-07-17,"액션, SF",65948,401946500
"뉴욕에서 온 남자, 파리에서 온 여자",줄리 델피,"프랑스, 독일",2007-07-19,"멜로/로맨스, 드라마, 코미디",27186,150327000
일본인디필름 페스티벌 리턴즈,,일본,2007-06-28,기타,28397,193260000
화려한 휴가,김지훈,한국,2007-07-25,드라마,6845718,44038118600
라따뚜이,브래드 버드,미국,2007-07-25,"애니메이션, 드라마, 코미디, 가족",893935,5529443400
에반 올마이티,톰 새디악,미국,2007-07-25,"코미디, 판타지",224376,1412890600
므이,김태경,"한국, 베트남",2007-07-25,공포(호러),162775,1048372000
꽃미남 연쇄 테러 사건,이권,한국,2007-07-26,코미디,63507,383548000
디워,심형래,한국,2007-08-01,"액션, 판타지",7854274,49333551700
기담,"정범식, 정식",한국,2007-08-01,"공포(호러), 미스터리, 스릴러",514336,3296043500
1408,미카엘 하프스트롬,미국,2007-08-01,"공포(호러), 스릴러",243855,1584210500
판타스틱 4: 실버 서퍼의 위협,팀 스토리,미국,2007-08-08,"SF, 액션, 어드벤처",562532,3594608000
리턴,이규만,한국,2007-08-08,"미스터리, 스릴러",615406,4101320000
서핑 업,"애쉬 브래넌, 크리스 벅",미국,2007-08-09,"애니메이션, 드라마, 액션, 가족",249646,1484756500
만남의 광장,김종진,한국,2007-08-15,코미디,1168111,7543033500
지금 사랑하는 사람과 살고 있습니까?,정윤수,한국,2007-08-15,"드라마, 멜로/로맨스",1033725,6945152500
스타더스트,매튜 본,미국,2007-08-15,"판타지, 액션, 어드벤처, SF",836121,5429288500
조디악,데이빗 핀처,미국,2007-08-15,"범죄, 드라마, 스릴러",117103,772478500
미스터 빈의 홀리데이,스티브 벤델락,영국,2007-08-15,코미디,98447,622614500
사랑방 선수와 어머니,임영성,한국,2007-08-08,코미디,473811,3062043500
두 사람이다,오기환,한국,2007-08-22,공포(호러),155191,1047286500
"심슨가족, 더무비",데이빗 실버맨,미국,2007-08-22,"애니메이션, 코미디, 어드벤처",138522,858693500
죽어도 해피엔딩,강경훈,한국,2007-08-22,"코미디, 멜로/로맨스, 스릴러",111817,737582000
디스터비아,D.J. 카루소,미국,2007-08-30,스릴러,566646,3729671000
내 생애 최악의 남자,손현희,한국,2007-08-30,"드라마, 멜로/로맨스",437260,2872758500
사랑의 레시피,스콧 힉스,미국,2007-08-30,"멜로/로맨스, 드라마, 코미디",358992,2388211500
라파예트,토니 빌,미국,2007-08-30,전쟁,81875,538943500
마이 파더,황동혁,한국,2007-09-06,"드라마, 가족",834630,5330582500
데쓰 프루프,쿠엔틴 타란티노,미국,2007-09-06,"액션, 스릴러",64136,437223000
브라보 마이 라이프,박영훈,한국,2007-09-06,"드라마, 코미디",57754,373710500
본 얼티메이텀,폴 그린그래스,미국,2007-09-12,"액션, 스릴러, 미스터리, 어드벤처",1962124,13016759500
권순분여사 납치사건,김상진,한국,2007-09-12,코미디,1450374,9414715500
두 얼굴의 여친,이석훈,한국,2007-09-13,"멜로/로맨스, 코미디",680245,4455736500
즐거운 인생,이준익,한국,2007-09-13,드라마,1167110,7651723000
어머니는 죽지 않는다,하명중,한국,2007-09-12,"가족, 드라마",115096,635248000
사랑,곽경택,한국,2007-09-19,"멜로/로맨스, 액션",1999172,13319761000
상사부일체,심승보,한국,2007-09-19,"코미디, 액션",862296,5670784000
인베이젼,올리버 히르비겔,미국,2007-09-20,"SF, 공포(호러), 스릴러",541117,3636737500
원스,존 카니,아일랜드,2007-09-20,드라마,255424,1765654200
행복,허진호,한국,2007-10-03,"드라마, 멜로/로맨스",1159548,7641761500
러시 아워 3,브렛 래트너,미국,2007-10-03,"범죄, 코미디, 액션, 스릴러",768347,4874793000
내니 다이어리,"로버트 풀치니, 샤리 스프링어 버먼",미국,2007-10-03,"코미디, 드라마",460823,3011123500
아드레날린24,"마크 네빌딘, 브라이언 테일러",미국,2007-10-03,액션,67889,461395000
비커밍 제인,줄리언 재롤드,미국,2007-10-11,"드라마, 멜로/로맨스",182486,1175113000
카핑 베토벤,아그네츠카 홀란드,독일,2007-10-03,"드라마, 멜로/로맨스",263490,1682335500
브레이브 원,닐 조단,미국,2007-10-11,"드라마, 스릴러, 범죄",92896,618229000
거침없이 쏴라! 슛뎀업 ,마이클 데이비스,미국,2007-10-11,액션,66333,445109500
바르게 살자,라희찬,한국,2007-10-18,"코미디, 드라마",2129648,13907627500
궁녀,김미정,한국,2007-10-18,"미스터리, 스릴러",1339015,8909668000
레지던트 이블 3 - 인류의 멸망,러셀 멀케이,"프랑스, 호주, 독일, 영국, 미국",2007-10-18,"액션, 공포(호러), SF, 스릴러",512382,3443821500
어깨 너머의 연인,이언희,한국,2007-10-18,"드라마, 멜로/로맨스",289715,1937727500
엠,이명세,한국,2007-10-25,"미스터리, 멜로/로맨스, 스릴러",403369,2610962500
오다기리 죠의 도쿄타워,마츠오카 조지,일본,2007-10-25,드라마,30453,200129000
펀치레이디,강효진,한국,2007-10-25,"드라마, 코미디",26397,173409500
식객,전윤수,한국,2007-11-01,드라마,2958352,18942577500
히어로,스즈키 마사유키,일본,2007-11-01,드라마,225199,1452909500
킹덤,피터 버그,미국,2007-11-01,"액션, 스릴러",242146,1622711000
블랙 달리아,브라이언 드 팔마,"독일, 미국, 프랑스",2007-11-01,"드라마, 미스터리, 범죄",119008,801360500
"색, 계",이안,미국,2007-11-08,멜로/로맨스,1830854,12014593000
더 버터플라이,마이크 베이커,영국,2007-11-08,"스릴러, 드라마, 범죄",177523,1127135000
로스트 라이온즈,로버트 레드포드,미국,2007-11-08,드라마,144567,959546500
세븐 데이즈,원신연,한국,2007-11-14,"스릴러, 범죄",2020299,13534396000
베오울프,로버트 저메키스,미국,2007-11-14,"애니메이션, 드라마, 어드벤처, 판타지",922702,6485738500
스카우트,김현석,한국,2007-11-14,"드라마, 코미디",268374,1751541000
마을금고 연쇄습격사건,박상준,한국,2007-11-14,코미디,109300,689003000
쏘우 4,대런 린 보우즈만,미국,2007-11-21,"공포(호러), 스릴러",252697,1708888500
골든 에이지,세자르 카푸르,영국,2007-11-22,"드라마, 사극",117908,750385000
라 비 앙 로즈,올리비에 다한,"프랑스, 영국, 체코",2007-11-21,드라마,60368,397133000
어거스트 러쉬,커스틴 쉐리단,미국,2007-11-29,드라마,2091486,13427962000
우리 동네,정길영,한국,2007-11-29,"스릴러, 범죄",364474,2460823500
열한번째 엄마,김진성,한국,2007-11-29,드라마,336652,2063715500
히트맨,자비에르 젠스,미국,2007-11-29,"액션, 범죄",153795,1031842000
마이클 클레이튼,토니 길로이,미국,2007-11-29,"스릴러, 드라마",121503,767405000
헤어스프레이,아담 쉥크만,미국,2007-12-06,"드라마, 뮤지컬",298881,1923845500
데스 센텐스 ,제임스 왕,미국,2007-12-06,"액션, 드라마",59123,403916000
나는 전설이다,프란시스 로렌스,미국,2007-12-12,"SF, 드라마, 액션",2440370,15954909500
색즉시공 시즌2,윤태윤,한국,2007-12-12,코미디,1987758,13368146500
싸움,한지승,한국,2007-12-12,"멜로/로맨스, 코미디",323611,2076960000
황금 나침반,크리스 웨이츠,미국,2007-12-18,"판타지, 드라마, 액션, 어드벤처",2813277,17891649000
내셔널 트레져:비밀의 책,존 터틀타웁,미국,2007-12-19,"액션, 어드벤처",1715632,11165285500
내 사랑,이한,한국,2007-12-18,"멜로/로맨스, 드라마",930446,6107489500
용의주도 미스신,박용집,한국,2007-12-18,"멜로/로맨스, 코미디",516364,3326829500
앨빈과 슈퍼밴드,팀 힐,미국,2007-12-19,"코미디, 가족, 애니메이션",465056,2831572000
마고리엄의 장난감 백화점,자크 헬름,미국,2007-12-24,"가족, 코미디, 판타지",451248,2776411500
아메리칸 갱스터,리들리 스콧,미국,2007-12-27,"범죄, 드라마",353587,2407447500
꿀벌대소동,"스티브 히크너, 사이몬 J.스미스",미국,2008-01-03,"가족, 애니메이션, 어드벤처, 코미디",1141085,6802893500
기다리다 미쳐,류승진,한국,2008-01-01,멜로/로맨스,427096,2774891500
P.S. 아이 러브 유,리차드 라그라브네스,미국,2008-01-03,"멜로/로맨스, 드라마",298190,2015530500
우리 생애 최고의 순간,임순례,한국,2008-01-10,드라마,3959087,25765937500
무방비도시,이상기,한국,2008-01-10,"범죄, 액션",1573143,10407574000
미스트,프랭크 다라본트,미국,2008-01-10,"SF, 공포(호러), 드라마",504651,3298906500
마법에 걸린 사랑,케빈 리마,미국,2008-01-10,"멜로/로맨스, 드라마, 코미디",415114,2666437500
스위니 토드 : 어느 잔혹한 이발사 이야기,팀 버튼,미국,2008-01-17,"뮤지컬, 범죄, 스릴러",682451,4645352500
뜨거운 것이 좋아,권칠인,한국,2008-01-17,드라마,514118,3372731500
에이리언 VS 프레데터2 ,"콜린 스트라우스, 그레그 스트라우스",미국,2008-01-17,"SF, 액션, 어드벤처",271897,1756026000
어린 왕자,최종현,한국,2008-01-17,드라마,46845,290689000
써티 데이즈 오브 나이트,데이빗 슬레이드,미국,2008-01-10,"공포(호러), 스릴러",84464,569630000
클로버필드,맷 리브스,미국,2008-01-24,"SF, 스릴러, 액션",521117,3468631000
엘라의 모험 : 해피엔딩의 위기,폴 J. 볼거,"독일, 미국",2008-01-24,"애니메이션, 코미디, 가족",298442,1729764500
더 게임,윤인호,한국,2008-01-30,스릴러,1468710,9737082001
원스어폰어타임,정용기,한국,2008-01-31,"액션, 코미디",1514017,9946068500
슈퍼맨이었던 사나이,정윤철,한국,2008-01-31,"드라마, 코미디",518670,3437263000
명장,진가신,중국,2008-01-30,"액션, 전쟁",351204,2356164000
라듸오 데이즈,하기호,한국,2008-01-31,코미디,198176,1314471000
6년째 연애중,박현진,한국,2008-02-05,"멜로/로맨스, 드라마",1089093,7272527500
마지막 선물,김영준,한국,2008-02-05,드라마,261834,1719187500
찰리윌슨의 전쟁,마이크 니콜스,미국,2008-02-06,"코미디, 드라마",145042,968139000
점퍼,더그 라이만,미국,2008-02-14,"SF, 드라마, 어드벤처",1649984,10841404000
추격자,나홍진,한국,2008-02-14,"범죄, 스릴러, 액션",5033022,33899183000
스파이더위크가의 비밀,마크 S. 워터스,미국,2008-02-14,"어드벤처, 판타지",654544,4002091000
오퍼나지: 비밀의계단,후안 안토니오 바요나,"스페인, 멕시코",2008-02-14,"드라마, 미스터리, 스릴러",155235,1009249000
"대한이, 민국씨",최진원,한국,2008-02-14,코미디,188161,1104797000
데스노트 L: 새로운 시작,나카타 히데오,일본,2008-02-21,"스릴러, 판타지",336596,2052451500
어톤먼트,조 라이트,미국,2008-02-21,"멜로/로맨스, 드라마, 전쟁",182913,1221056500
밴티지 포인트,피트 트래비스,미국,2008-02-28,"스릴러, 드라마, 액션",1003809,6653720000
바보,김정권,한국,2008-02-28,드라마,946225,6172874500
람보 4 : 라스트 블러드,실베스터 스탤론,"미국, 독일",2008-02-28,"액션, 스릴러, 전쟁",100987,653532500
사랑보다 황금,앤디 테넌트,미국,2008-02-28,"멜로/로맨스, 어드벤처, 코미디",42852,286239500
마이 뉴 파트너,김종현,한국,2008-03-06,"액션, 코미디",252841,1652912500
27번의 결혼리허설,앤 플레쳐,미국,2008-03-06,"멜로/로맨스, 코미디",212167,1420904000
마이 블루베리 나이츠,왕가위,"홍콩, 프랑스",2008-03-06,멜로/로맨스,137054,892086500
집결호,펑샤오강,"중국, 한국, 홍콩",2008-03-06,"액션, 전쟁",69120,450298000
"10,000 BC",롤랜드 에머리히,미국,2008-03-13,"어드벤처, 드라마",1123077,7374097000
스텝업 2 : 더 스트리트,존 추,미국,2008-03-13,"멜로/로맨스, 드라마",1004774,6616005500
허밍,박대영,한국,2008-03-13,"멜로/로맨스, 드라마, 판타지",89729,570324500
숙명,,,2008-03-20,,825419,5540066000
천일의 스캔들,,,2008-03-20,,629525,4194542000
워터호스,,,2008-03-20,,74373,444437000
어웨이크,,,2008-03-27,,414661,2724820000
댄 인 러브,,,2008-03-27,,157341,1031950500
데스 디파잉:어느 마술사의 사랑,,,2008-03-27,,84100,561355500
GP 506,,,2008-04-03,,923551,6228482000
삼국지:용의 부활,,,2008-04-03,,1007468,6545218000
도레미파솔라시도,,,2008-04-03,,166389,1002911000
테이큰,,,2008-04-09,,2345432,15896767000
연의 황후,,,2008-04-09,,173101,1129930000
나의 특별한 사랑이야기,,,2008-04-09,,171423,1114418000
버킷 리스트:죽기전에 꼭 하고싶은것들,,,2008-04-09,,243186,1617384500
내가 숨쉬는 공기,,,2008-04-09,,70757,485614000
스트리트 킹,,,2008-04-17,,269296,1760078000
킬위드미,,,2008-04-17,,191104,1297889500
패솔로지,,,2008-04-17,,78903,504489000
포비든 킹덤: 전설의 마스터를 찾아서,,,2008-04-24,,1202231,7811541500
아이언맨,,,2008-04-30,,4283819,27752325000
비스티 보이즈,,,2008-04-30,,715069,4763903500
호튼,,,2008-04-30,,632377,3784899000
가루지기,,,2008-04-30,,158841,1035351500
명탐정 코난:베이커가의 망령,,,2008-05-01,,116618,677959500
나니아 연대기:캐스피언 왕자 ,,,2008-05-15,,1466358,9220932500
스피드 레이서,,,2008-05-08,,790013,5159641500
페넬로피,,,2008-05-15,,211107,1372808000
프라이스리스,,,2008-05-08,,118113,792977500
인디아나 존스 4 : 크리스탈 해골의 왕국,,,2008-05-22,,4096532,26593345500
겟 썸,,,2008-05-22,,111372,733855500
날나리 종부전,,,2008-05-22,,17317,107263500
라스베가스에서만 생길 수 있는 일,,,2008-05-29,,690922,4581258000
88분,,,2008-05-29,,266714,1763915500
바디,,,2008-05-29,,106714,695094000
위 오운 더 나잇,,,2008-05-29,,43638,293841500
쿵푸 팬더,,,2008-06-05,,4643518,29932030000
섹스 앤 더 시티,,,2008-06-05,,1061774,7096946100
걸스카우트,,,2008-06-05,,218832,1405068000
디 아이,,,2008-06-05,,63221,406679500
인크레더블 헐크,,,2008-06-12,,989946,6441101000
해프닝,,,2008-06-12,,331961,2272533000
흑심모녀,,,2008-06-12,,40637,268416000
도화선,,,2008-06-12,,21078,141393000
강철중: 공공의 적 1-1,,,2008-06-19,,4310578,28622175100
겟 스마트,,,2008-06-19,,166837,1095162000
21,,,2008-06-19,,102690,693085100
둠스데이:지구 최후의 날,,,2008-06-19,,88761,589366500
원티드,,,2008-06-26,,2843024,19142691000
크로싱,,,2008-06-26,,853679,5420202500
무림여대생,,,2008-06-26,,18363,117531000
핸콕,,,2008-07-02,,2703775,17723878500
노크:낯선 자들의 방문,,,2008-07-02,,222305,1399352500
크로우즈 제로,,,2008-07-02,,14629,94164500
돼지코 아기공룡 임피의 모험,,,2008-06-26,,28251,161768500
적벽대전:거대한 전쟁의 시작,,,2008-07-10,,1561116,10132413000
알이씨(Rec),,,2008-07-10,,48072,329270500
잘못된 만남,,,2008-07-10,,34559,225708000
"좋은 놈, 나쁜 놈, 이상한 놈 ",,,2008-07-17,,6676132,43691368500
님스 아일랜드,,,2008-07-17,,694076,4269054000
스페이스 침스:우주선을 찾아서,,,2008-07-17,,250645,1463531500
극장판 도라에몽:진구의 마계대모험 7인의 마법사,,,2008-07-17,,298903,1801094500
님은 먼 곳에,,,2008-07-24,,1627023,10688878000
100 피트,,,2008-07-24,,51955,344154500
미이라 3:황제의 무덤,,,2008-07-30,,3998989,25637211000
눈에는 눈 이에는 이,,,2008-07-31,,2034395,13317611500
다크 나이트,,,2008-08-06,,4266806,28573761199
고死 : 피의 중간고사,,,2008-08-07,,1629264,10270120500
월ㆍE,,,2008-08-06,,1300033,8124336000
케로로 더 무비:케로로 VS 케로로 천공대결전,,,2008-08-07,,133863,774068500
다찌마와리,,,2008-08-14,,610625,4010224000
아기와 나,,,2008-08-14,,355599,2176936500
엑스파일:나는 믿고싶다,,,2008-08-13,,168667,1115951500
CJ7:장강7호,,,2008-08-21,,290119,1814034500
미드나잇 미트 트레인,,,2008-08-21,,287902,1949389500
신기전,,,2008-09-04,,3710813,24226194500
맘마미아!,,,2008-09-03,,4504067,29352508250
지구,,,2008-09-04,,193869,1214082500
스타워즈 : 클론 전쟁,,,2008-09-04,,78730,489543500
영화는 영화다,,,2008-09-11,,1292227,8843432000
울학교 이티,,,2008-09-11,,639965,4085311000
20세기 소년,,,2008-09-11,,177172,1107556500
방콕 데인저러스,,,2008-09-11,,191598,1259052500
꽃보다 남자,,,2008-09-11,,159394,977421500
미러,,,2008-09-18,,186098,1281076500
황시,,,2008-09-18,,127098,791985000
트럭,,,2008-09-25,,528127,3588018500
헬보이 2 : 골든 아미,,,2008-09-25,,356182,2309756500
멋진 하루,,,2008-09-25,,326969,2187923000
동키호테,,,2008-09-25,,31975,186031000
모던보이,,,2008-10-02,,745167,4885716500
고고 70,,,2008-10-03,,578134,3761278500
바빌론 A.D.,,,2008-10-02,,217845,1423206000
더 클럽,,,2008-10-02,,46316,319713000
이글 아이,,,2008-10-09,,2267279,14720425000
비몽,,,2008-10-09,,50816,343856000
내 친구의 사생활,,,2008-10-09,,43216,289090500
미쓰 홍당무,,,2008-10-16,,507782,3402959000
공작부인:세기의 스캔들,,,2008-10-16,,209199,1336648000
데스 레이스,,,2008-10-16,,136028,907491000
하우 투 루즈 프렌즈,,,2008-10-16,,95686,606364000
사과,,,2008-10-16,,32957,218845500
아내가 결혼했다,,,2008-10-23,,1782210,11952014000
바디 오브 라이즈,,,2008-10-23,,581523,3788485500
화피,,,2008-10-23,,136615,905368500
그 남자의 책 198쪽,,,2008-10-23,,58243,371139000
뱅크 잡,,,2008-10-30,,537318,3483255500
굿바이,,,2008-10-30,,110504,684808000
플라이 미 투 더 문,,,2008-10-30,,143596,930588500
너를 잊지 않을 거야,,,2008-10-30,,31668,193078500
007 퀀텀 오브 솔러스,,,2008-11-05,,2202744,14374514000
소년은 울지 않는다,,,2008-11-06,,89511,571089500
서양 골동 양과자점 앤티크,,,2008-11-13,,1167865,7339240000
미인도,,,2008-11-13,,2337993,15630907000
눈먼자들의 도시,,,2008-11-20,,644648,4352951500
맥스 페인,,,2008-11-20,,255543,1615541500
커넥트,,,2008-11-20,,187430,1136996000
렛 미 인,,,2008-11-13,,44617,298754500
순정만화,,,2008-11-27,,717666,4596175000
과속스캔들,,,2008-12-03,,8199215,53654446900
1724 기방난동사건,,,2008-12-03,,276079,1820510000
쏘우 V,,,2008-12-03,,143343,993877000
트와일라잇,,,2008-12-10,,1329584,8617902000
오스트레일리아,,,2008-12-10,,976637,6328475500
트로픽 썬더 ,,,2008-12-10,,66685,462314500
잃어버린 세계를 찾아서,,,2008-12-17,,1421660,9209056000
벼랑 위의 포뇨,,,2008-12-17,,1500980,9419456500
예스맨,,,2008-12-17,,1388890,9247820000
달콤한 거짓말,,,2008-12-18,,465342,3083903500
쌍화점,,,2008-12-30,,3645900,24747777900
지구가 멈추는 날,,,2008-12-24,,1562647,10303125500
로맨틱 아일랜드,,,2008-12-24,,128175,856790500
니코,,,2008-12-24,,125935,776736500
볼트,,,2008-12-31,,723754,4784466500
마다가스카 2,,,2009-01-08,,1188793,7301895500
트랜스포터-라스트 미션,,,2009-01-08,,885564,5888633000
디파이언스,,,2009-01-08,,200862,1343024000
탑 블레이드 더 무비,,,2009-01-15,,23069,137521500
적벽대전 2 : 최후의 결전,,,2009-01-22,,2634150,17399831000
작전명 발키리,,,2009-01-22,,1773451,11806625000
유감스러운 도시,,,2009-01-22,,1472418,9900889500
체인질링,,,2009-01-22,,437465,3006926500
베드타임 스토리,,,2009-01-22,,193165,1230167000
잉크하트 : 어둠의 부활,,,2009-01-29,,499719,3193164000
알파독,,,2009-01-29,,74242,476980500
마린보이,,,2009-02-05,,815287,5424978000
워낭소리,,,2009-01-15,,2845331,18652098400
세븐 파운즈,,,2009-02-05,,219646,1441791500
키친,,,2009-02-05,,86171,578277000
벤자민 버튼의 시간은 거꾸로 간다,,,2009-02-12,,1662533,10928468500
작전,,,2009-02-12,,1445923,9635679000
그는 당신에게 반하지 않았다,,,2009-02-12,,921911,6285090500
작은 영웅 데스페로,,,2009-02-12,,399885,2300696000
핸드폰,,,2009-02-19,,593223,4027337500
문프린세스 : 문에이커의 비밀,,,2009-02-19,,330647,2040093500
말리와 나,,,2009-02-19,,178653,1199580000
인터내셔널,,,2009-02-26,,219538,1469074500
언데드,,,2009-02-26,,192428,1283103500
왓치맨,,,2009-03-05,,585264,4031432500
더 레슬러,,,2009-03-05,,40581,280749500
킬러들의 도시,,,2009-03-05,,32652,229789500
슬픔보다 더 슬픈 이야기,,,2009-03-11,,668373,4417490500
드래곤볼 에볼루션,,,2009-03-12,,384927,2447302500
뉴욕은 언제나 사랑 중,,,2009-03-12,,225322,1541864000
13일의 금요일,,,2009-03-12,,196888,1391683500
푸시,,,2009-03-19,,680177,4511865500
슬럼독 밀리어네어,,,2009-03-19,,1118134,7425871300
실종,,,2009-03-19,,615411,4208220500
그랜 토리노,,,2009-03-19,,104810,707753000
더 리더: 책 읽어주는 남자,,,2009-03-26,,404280,2638937500
쇼퍼홀릭,,,2009-03-26,,296264,2007051500
카오스,,,2009-03-26,,185602,1230861000
기프트,,,2009-03-26,,139717,940305000
그림자 살인,,,2009-04-02,,1859624,12442033500
분노의 질주: 더 오리지널,,,2009-04-02,,665113,4463904175
신부들의 전쟁,,,2009-04-02,,64742,427830500
우리 집에 왜 왔니,,,2009-04-09,,193375,1255329500
용의자 X의 헌신,,,2009-04-09,,57970,391709000
미쓰 루시힐,,,2009-04-09,,52935,364764500
안나와 알렉스 : 두자매 이야기,,,2009-04-09,,34149,232063000
노잉,,,2009-04-16,,1039276,6830413500
13구역: 얼티메이텀,,,2009-04-16,,489043,3267994675
엽문,,,2009-04-16,,100336,664861500
내 남자의 아내도 좋아,,,2009-04-15,,35707,244467500
7급 공무원,,,2009-04-22,,4002500,26174181000
더블 스파이,,,2009-04-16,,31071,207779500
몬스터 vs 에이리언,,,2009-04-23,,654702,4500001000
똥파리,,,2009-04-16,,72545,498978500
제독의 연인,,,2009-04-23,,29791,199646000
박쥐,,,2009-04-30,,2199378,14797212500
엑스맨 탄생: 울버린,,,2009-04-30,,1278245,8392519500
인사동 스캔들,,,2009-04-29,,1139972,7576340000
케로로 더 무비: 드래곤 워리어,,,2009-04-30,,195201,1166410500
스테이트 오브 플레이,,,2009-04-30,,138552,920577500
스타 트렉: 더 비기닝,,,2009-05-07,,1079349,7206493000
리틀 비버,,,2009-04-30,,114867,692589000
천사와 악마,,,2009-05-14,,1890280,12431921000
김씨표류기,,,2009-05-14,,708270,4648134000
옹박: 더 레전드,,,2009-05-14,,22693,146994000
할로윈:살인마의 탄생,,,2009-05-14,,19803,138665500
터미네이터 : 미래전쟁의 시작,,,2009-05-21,,4486511,29604168000
코렐라인: 비밀의 문,,,2009-05-21,,207978,1370991500
잘 알지도 못하면서,,,2009-05-14,,23673,164725000
마더,,,2009-05-28,,2973710,19936796500
에코,,,2009-05-28,,44351,286783500
박물관이 살아있다 2,,,2009-06-04,,1970693,12389119000
거북이 달린다,,,2009-06-11,,3017903,20573500000
펠햄 123,,,2009-06-11,,346515,2319576500
드래그 미 투 헬,,,2009-06-11,,269772,1822937500
블러드,,,2009-06-11,,98948,668725500
임피 원더랜드 가다,,,2009-06-11,,19899,121535500
여고괴담 5,,,2009-06-18,,627429,4069280000
블룸 형제 사기단,,,2009-06-18,,69228,464506500
신주쿠 사건,,,2009-06-18,,29420,197672000
트랜스포머: 패자의 역습,,,2009-06-24,,7387680,50654972500
링스 어드벤처,,,2009-06-24,,124639,760779000
킹콩을 들다,,,2009-07-01,,1245275,8750996500
언노운 우먼,,,2009-07-01,,12257,92992000
오감도,,,2009-07-09,,388416,2839911500
주온-원혼의 부활,,,2009-07-09,,301878,2090844000
아더와 미니모이-제1탄비밀원정대의출정,,,2009-07-09,,119921,773240500
해리 포터와 혼혈 왕자,,,2009-07-15,,2993239,20675726000
차우,,,2009-07-15,,1740738,12280120000
극장판 도라에몽: 진구의 공룡대탐험,,,2009-07-15,,206041,1344936500
해운대,,,2009-07-22,,11276049,80692196500
블러디 발렌타인,,,2009-07-22,,85037,788996500
국가대표,,,2009-07-29,,8002297,57351291000
업,,,2009-07-29,,957437,6998110500
명탐정 코난 : 칠흑의 추적자,,,2009-07-29,,599162,3860808000
메디엄,,,2009-07-29,,75242,547205500
지.아이.조 : 전쟁의 서막,,,2009-08-06,,2636648,19374358000
10억,,,2009-08-06,,407614,2922322500
아이스 에이지 3: 공룡시대,,,2009-08-12,,824459,5823142000
퍼블릭 에너미,,,2009-08-12,,415208,3062167000
불신지옥,,,2009-08-12,,237044,1714843500
썸머 워즈,,,2009-08-13,,63717,458217000
요가학원,,,2009-08-20,,255609,1834717500
퍼펙트 겟어웨이,,,2009-08-20,,305686,2267868500
오펀: 천사의 비밀,,,2009-08-20,,416428,3185361500
소피의 연애 매뉴얼,,,2009-08-20,,80076,595799000
블랙,,,2009-08-27,,842865,6029926000
코코 샤넬,,,2009-08-27,,190183,1412353000
나의 로맨틱 가이드,,,2009-08-27,,44604,333246500
프로포즈,,,2009-09-03,,312205,2356663500
왼편 마지막 집,,,2009-09-03,,57496,438758000
드림업,,,2009-09-03,,57401,401045000
애자,,,2009-09-09,,1857685,13397583000
이태원 살인사건,,,2009-09-10,,523620,3926185500
국가대표 완결판-못 다한 이야기,,,2009-09-10,,235250,1751292500
하이 레인,,,2009-09-09,,68600,526101500
마이 시스터즈 키퍼,,,2009-09-10,,110652,799769500
9:나인,,,2009-09-09,,59289,426062500
어글리 트루스,,,2009-09-17,,258705,1991475000
S러버,,,2009-09-17,,61787,479051500
내 사랑 내 곁에,,,2009-09-24,,2130369,15548697000
불꽃처럼 나비처럼,,,2009-09-24,,1666737,12275928500
페임,,,2009-09-24,,590815,4353441000
써로게이트,,,2009-10-01,,761828,5690900000
게이머,,,2009-10-01,,290754,2231873000
파이널 데스티네이션 4,,,2009-10-01,,246075,1949484500
나는 갈매기,,,2009-09-26,,89220,539110500
짱구는 못말려 극장판:태풍을 부르는 노래하는 엉덩이 폭탄,,,2009-09-24,,90638,633444500
정승필 실종사건,,,2009-10-08,,287083,2074780000
호우시절,,,2009-10-08,,281632,2094922000
디스트릭트 9,,,2009-10-15,,830043,6337871500
나는 비와 함께 간다,,,2009-10-15,,199333,1522484500
부산,,,2009-10-15,,144001,1079063500
굿모닝 프레지던트,,,2009-10-22,,2550349,18539787300
팬도럼,,,2009-10-22,,143661,1095618500
뉴욕 아이 러브 유,,,2009-10-22,,69584,540693500
시간 여행자의 아내,,,2009-10-28,,715778,5320636000
바스터즈: 거친 녀석들,,,2009-10-28,,329712,2498898000
파주,,,2009-10-28,,115894,863869000
마이클 잭슨의 디스 이즈 잇,,,2009-10-28,,122781,923167000
집행자,,,2009-11-05,,366886,2786217000
펜트하우스 코끼리,,,2009-11-05,,135953,1028067500
내 눈에 콩깍지,,,2009-11-05,,42318,313717500
킬 미,,,2009-11-05,,39091,301586500
2012,,,2009-11-12,,5386352,38861212000
청담보살,,,2009-11-11,,1274347,9393585500
천국의 우편배달부,,,2009-11-12,,90592,607218000
19-Nineteen,,,2009-11-12,,27274,173832000
백야행,,,2009-11-19,,936619,7025615000
솔로이스트,,,2009-11-19,,112095,822802000
홍길동의 후예,,,2009-11-26,,607768,4234253500
닌자 어쌔신,,,2009-11-26,,1308155,9959682000
크리스마스 캐롤,,,2009-11-26,,339415,2586988000
뉴 문,,,2009-12-02,,1932411,13861946000
바람,,,2009-11-26,,87956,638327500
시크릿,,,2009-12-03,,1039444,7929663000
에반게리온: 파,,,2009-12-03,,28152,222237500
모범시민,,,2009-12-10,,799361,5872116000
여배우들,,,2009-12-10,,504881,3718739500
아바타,,,2009-12-17,,13324025,125145737000
걸프렌즈,,,2009-12-17,,75440,555963000
전우치,,,2009-12-23,,6022722,43788329500
셜록 홈즈,,,2009-12-23,,2159283,15856274500
파르나서스 박사의 상상극장,,,2009-12-23,,440904,3205120000
포켓 몬스터 DP: 아르세우스 초극의 시공으로,,,2009-12-24,,573595,4420170994
나인,,,2009-12-31,,459250,3495088000
앨빈과 슈퍼밴드2,,,2009-12-30,,571799,3823014000
위대한 침묵,,,2009-12-03,,29532,210707500
용서는 없다,,,2010-01-07,,1121003,8568559500
더 로드,,,2010-01-07,,162066,1198714500
극장판파워레인저 엔진포스VS 와일드스피릿,,,2010-01-07,,82859,591672500
아스트로 보이-아톰의 귀환,,,2010-01-13,,378150,2493892500
파라노말 액티비티,,,2010-01-13,,434729,3182369500
아빠가 여자를 좋아해,,,2010-01-14,,112405,809857000
웨딩드레스,,,2010-01-14,,76271,537076000
주유소 습격사건 2,,,2010-01-21,,718810,5300598500
500일의 썸머,,,2010-01-21,,252720,1999303700
8인: 최후의 결사단,,,2010-01-21,,81603,618196000
공주와 개구리,,,2010-01-21,,59047,406805000
하모니,,,2010-01-28,,3004402,21565119500
식객2 : 김치전쟁,,,2010-01-28,,431598,3079482000
꼬마 니콜라,,,2010-01-28,,181922,1242305000
들어는 봤니? 모건 부부,,,2010-01-28,,106701,818286500
의형제,,,2010-02-04,,5405194,40071406000
퍼시 잭슨과 번개 도둑,,,2010-02-11,,1808612,12896549000
공자 춘추전국시대,,,2010-02-11,,348892,2614018000
하늘에서 음식이 내린다면,,,2010-02-11,,644345,5341223000
울프맨,,,2010-02-11,,251642,1960016000
발렌타인 데이,,,2010-02-11,,157673,1224580500
원피스 극장판: 스트롱 월드,,,2010-02-11,,103832,705164000
평행이론,,,2010-02-18,,902616,6660151500
러블리 본즈,,,2010-02-25,,200577,1489323500
포스 카인드,,,2010-02-25,,196456,1463617000
클로이,,,2010-02-25,,69903,538370500
하치 이야기,,,2010-02-18,,89724,653373000
이상한 나라의 앨리스,,,2010-03-04,,2136647,20247259500
디어 존,,,2010-03-04,,177173,1331895500
프롬 파리 위드 러브,,,2010-03-11,,342143,2604245500
사랑은 너무 복잡해,,,2010-03-11,,209137,1560958500
대병소장,,,2010-03-11,,66671,491030500
우리가 꿈꾸는 기적: 인빅터스,,,2010-03-04,,92468,688359500
셔터 아일랜드,,,2010-03-18,,966508,7232534000
육혈포 강도단,,,2010-03-18,,1185505,8501692000
무법자,,,2010-03-18,,146832,1124238000
데이브레이커스,,,2010-03-18,,128076,976296000
그린 존,,,2010-03-25,,591482,4423567000
비밀애,,,2010-03-25,,149135,1106872000
솔로몬 케인,,,2010-03-25,,120055,905215000
타이탄,,,2010-04-01,,2640690,21784949500
폭풍전야,,,2010-04-01,,49278,370461500
아마존의 눈물,,,2010-03-25,,52856,380640500
반가운 살인자,,,2010-04-08,,580700,4226601000
크레이지,,,2010-04-08,,132214,1016553500
프로포즈 데이,,,2010-04-08,,97938,743768000
집 나온 남자들,,,2010-04-08,,16979,124414000
베스트셀러,,,2010-04-15,,1077983,7958284000
일라이,,,2010-04-15,,200525,1499951500
블라인드 사이드,,,2010-04-15,,343085,2524247500
바운티 헌터,,,2010-04-15,,55270,422419500
친정엄마,,,2010-04-22,,454746,3221875500
허트 로커,,,2010-04-22,,157936,1183417500
킥 애스: 영웅의 탄생,,,2010-04-22,,144398,1099390000
아이언맨 2,,,2010-04-29,,4400089,32453794500
구르믈 버서난 달처럼,,,2010-04-28,,1349616,10059109000
대한민국 1%,,,2010-05-05,,429967,2192720500
케로로 더 무비 5: 기적의 사차원섬,,,2010-04-29,,104626,720694000
드래곤 길들이기,,,2010-05-20,,2532130,26705349500
브라더스,,,2010-05-05,,67035,496703500
하녀,,,2010-05-13,,2230417,16782850000
로빈 후드,,,2010-05-13,,1556550,11460511500
시,,,2010-05-13,,187643,1342563950
내 깡패 같은 애인,,,2010-05-20,,680956,4976550500
나이트메어,,,2010-05-20,,129623,1003063000
페르시아의 왕자: 시간의 모래,,,2010-05-27,,1944979,14297086500
꿈은 이루어진다,,,2010-05-27,,97231,689000000
방자전,,,2010-06-02,,2974675,22418945000
엣지 오브 다크니스,,,2010-06-02,,185853,1362345000
유령작가,,,2010-06-02,,166642,1230264000
A-특공대,,,2010-06-10,,759295,5658966000
베스트 키드,,,2010-06-10,,283994,2009325000
섹스 앤 더 시티 2,,,2010-06-10,,390188,2960695000
포화속으로,,,2010-06-16,,3307797,23698033100
스트리트댄스,,,2010-06-16,,120630,1348427500
엽문2,,,2010-06-16,,41416,314436500
토마스와 친구들 - 극장판 2,,,2010-06-10,,9330,66889500
나잇&데이,,,2010-06-24,,2231896,16694191100
맨발의 꿈,,,2010-06-24,,326764,2339436000
여대생 기숙사,,,2010-06-23,,41189,316771000
슈렉 포에버,,,2010-07-01,,2186433,22456134100
파괴된 사나이,,,2010-07-01,,1008614,7672379600
스플라이스,,,2010-07-01,,161546,1254635500
필립모리스,,,2010-07-01,,55572,429335700
이클립스,,,2010-07-07,,2018643,14584884500
킬러 인사이드 미,,,2010-07-07,,49666,377721500
아더와 미니모이 2 : 셀레니아 공주 구출 작전,,,2010-07-08,,33665,220809500
이끼,,,2010-07-14,,3335242,25324875500
인셉션,,,2010-07-21,,6012199,45101393940
마법사의 제자,,,2010-07-21,,516191,3679170000
마음이2,,,2010-07-21,,641235,4279476000
명탐정 코난: 천공의 난파선,,,2010-07-21,,577853,3742307000
솔트,,,2010-07-29,,2663916,19856845000
고死 두 번째 이야기: 교생실습,,,2010-07-28,,803003,5444199000
오션스,,,2010-07-28,,620710,4274885000
극장판 도라에몽: 진구의 인어대해전,,,2010-07-28,,115619,773845500
아저씨,,,2010-08-04,,6159376,46963103000
토이 스토리 3,,,2010-08-05,,1414950,13909448800
스텝 업 3D,,,2010-08-05,,494279,5385619500
악마를 보았다,,,2010-08-12,,1802726,13814299500
내니맥피 2: 유모와마법소동,,,2010-08-11,,121941,811811500
오션월드 3D,,,2010-08-11,,83407,878766900
라스트 에어벤더,,,2010-08-19,,1330691,13469817000
피라냐,,,2010-08-26,,498723,5587760000
프레데터스,,,2010-08-26,,263014,1894627000
익스펜더블,,,2010-08-19,,366671,2796298000
아바타 3D 스페셜에디션,,,2010-09-04,,93094,1147344000
폐가,,,2010-08-19,,212872,1497467000
킬러스,,,2010-09-02,,304330,2247975000
뮬란: 전사의 귀환,,,2010-09-02,,89512,638875000
애프터 라이프,,,2010-09-02,,87817,647050000
죽이고 싶은,,,2010-08-26,,124179,925388500
해결사,,,2010-09-09,,1824666,13715683000
마루 밑 아리에티,,,2010-09-09,,1041060,7478455500
김복남 살인사건의 전말,,,2010-09-02,,123892,967447000
시라노; 연애조작단,,,2010-09-16,,2662361,19683988000
퀴즈왕,,,2010-09-16,,558668,4102238000
무적자,,,2010-09-16,,1520332,11457556500
레지던트 이블 4: 끝나지 않은 전쟁 3D,,,2010-09-16,,1180691,14425662000
슈퍼  배드,,,2010-09-16,,997452,9467732000
그랑프리,,,2010-09-16,,155886,1142083000
캣츠 앤 독스 2,,,2010-09-16,,99424,738841700
먹고 기도하고 사랑하라,,,2010-09-30,,467636,3438392000
방가? 방가!,,,2010-09-30,,954147,6890165000
적인걸: 측천무후의 비밀,,,2010-10-06,,446561,3249176000
레터스 투 줄리엣,,,2010-10-06,,548318,4023090000
심야의 F.M.,,,2010-10-14,,1193878,9101105500
검우강호,,,2010-10-14,,309911,2225609500
22 블렛,,,2010-10-14,,121544,924202500
파라노말 액티비티 2,,,2010-10-21,,354265,2545295500
월 스트리트: 머니 네버 슬립스,,,2010-10-21,,227759,1663604500
참을 수 없는,,,2010-10-21,,49408,375088000
부당거래,,,2010-10-28,,2718611,20964728500
가디언의 전설,,,2010-10-28,,287756,2509009600
나탈리,,,2010-10-28,,88305,1037615000
레드,,,2010-11-03,,472341,3487447500
불량남녀,,,2010-11-04,,472353,3488804500
데블,,,2010-11-04,,107433,791327000
돌이킬 수 없는,,,2010-11-04,,60391,439753000
대지진,,,2010-11-04,,48919,341775000
초능력자,,,2010-11-10,,2111567,15249631000
언스토퍼블,,,2010-11-10,,437784,3179655500
소셜 네트워크,,,2010-11-18,,493534,3638437000
페스티발,,,2010-11-18,,188270,1453748000
렛 미 인,,,2010-11-18,,154006,1069619000
쏘우 3D,,,2010-11-18,,79330,1006035000
두 여자,,,2010-11-18,,120966,908768500
스카이 라인,,,2010-11-24,,856053,6290699500
이층의 악당,,,2010-11-24,,595155,4260014500
더 콘서트,,,2010-11-25,,55658,410209500
쩨쩨한 로맨스,,,2010-12-01,,2029296,15499988000
워리어스 웨이,,,2010-12-01,,430956,3089561500
나니아 연대기: 새벽 출정호의 항해,,,2010-12-08,,1103913,10569099000
라스트 엑소시즘,,,2010-12-01,,100460,703786000
스위치,,,2010-12-01,,58645,405224000
투어리스트,,,2010-12-09,,894587,6674807500
김종욱 찾기,,,2010-12-08,,1093315,7985367500
베리드,,,2010-12-08,,60773,444608000
해리 포터와 죽음의 성물1,,,2010-12-15,,2881718,20534891500
새미의 어드벤쳐,,,2010-12-15,,966889,9105441000
톨스토이의 마지막 인생,,,2010-12-15,,34219,252392000
황해,,,2010-12-22,,2254603,17451929500
헬로우 고스트,,,2010-12-22,,3015394,22026844500
쓰리 데이즈,,,2010-12-22,,241873,1766295500
극장판 포켓 몬스터 DP 「환영의 패왕 조로아크」,,,2010-12-23,,339819,2375438500
라스트 갓파더,,,2010-12-29,,2512521,18310305500
트론: 새로운 시작,,,2010-12-29,,412742,4584056200
심장이 뛴다,,,2011-01-05,,985142,7356681000
극장판 메탈 베이블레이드 VS 태양 작열의 침략자 솔블레이즈,,,2011-01-05,,46127,311313000
"울지마, 톤즈",,,2010-09-09,,367683,2108957000
메가마인드,,,2011-01-13,,864893,8596625500
러브 & 드럭스,,,2011-01-13,,506008,3955646000
시즌 오브 더 위치: 마녀 호송단,,,2011-01-13,,397218,2999886000
꿀벌 하치의 대모험,,,2011-01-13,,39333,267175500
글러브,,,2011-01-20,,1799658,13141547000
아프리카 마법여행,,,2011-01-20,,37720,348922000
조선명탐정 : 각시투구꽃의 비밀,,,2011-01-27,,4766907,35701886000
걸리버 여행기,,,2011-01-27,,1733766,16222285500
평양성,,,2011-01-27,,1700360,12583550000
상하이,,,2011-01-27,,263511,1999633000
그린 호넷,,,2011-01-27,,180421,1988896100
타운,,,2011-01-27,,86873,674709500
가필드 펫 포스 3D,,,2011-01-27,,34202,365237000
라푼젤,,,2011-02-10,,980160,9826886800
생텀,,,2011-02-10,,442868,4609547500
친구와 연인사이,,,2011-02-10,,246697,1935356500
아이들...,,,2011-02-17,,1846698,13431687500
그대를 사랑합니다,,,2011-02-17,,1587105,11641767000
만추,,,2011-02-17,,825952,6172632000
언노운,,,2011-02-17,,506692,3830813000
127시간,,,2011-02-17,,123975,926287000
블랙 스완,,,2011-02-24,,1605629,12352923500
아이 엠 넘버 포,,,2011-02-24,,645860,4893414500
메카닉,,,2011-02-24,,123847,961661500
알파 앤 오메가,,,2011-02-24,,117388,888019000
컨트롤러,,,2011-03-03,,355343,2727793000
랭고,,,2011-03-03,,390210,2775140500
월드 인베이젼,,,2011-03-10,,1303169,9766179500
사랑이 무서워,,,2011-03-10,,384354,2887531000
파이터,,,2011-03-10,,83969,639503500
킹스 스피치,,,2011-03-17,,774113,5735447500
레드 라이딩 후드,,,2011-03-17,,320282,2419765500
굿모닝 에브리원,,,2011-03-17,,165237,1275217000
비스틀리,,,2011-03-17,,82727,627506500
웨이 백,,,2011-03-17,,60877,453189000
마이 블랙 미니드레스,,,2011-03-24,,307860,2275195500
위험한 상견례,,,2011-03-31,,2578242,19091806000
로맨틱 헤븐,,,2011-03-24,,54088,402067500
줄리아의 눈,,,2011-03-31,,233780,1808661500
내 이름은 칸,,,2011-03-24,,360377,2674002000
미트 페어런츠 3,,,2011-03-31,,51304,380121000
베니싱,,,2011-03-31,,50088,369282500
써커 펀치,,,2011-04-07,,152778,1194716000
라스트 나잇,,,2011-04-07,,113291,861154500
황당한 외계인: 폴,,,2011-04-07,,46349,349622000
수상한 고객들,,,2011-04-14,,1032877,7759832500
한나,,,2011-04-14,,199401,1500997000
나는 아빠다,,,2011-04-14,,149067,1108365500
노미오와 줄리엣,,,2011-04-14,,147968,1361036500
분노의 질주: 언리미티드,,,2011-04-20,,1620836,12284647500
세상에서 가장 아름다운 이별,,,2011-04-20,,256549,1873709500
제인 에어,,,2011-04-20,,116714,844169000
더 라이트: 악마는 있다,,,2011-04-20,,39031,301061500
토르: 천둥의 신,,,2011-04-28,,1688350,15937845500
적과의 동침,,,2011-04-27,,222967,1594800500
체포왕,,,2011-05-04,,865284,6375138000
써니,,,2011-05-04,,7318389,53721110100
마오의 라스트 댄서,,,2011-04-28,,29592,205973500
소스 코드,,,2011-05-04,,1269672,9583776000
짱구는 못말려 극장판 : 초시공! 태풍을 부르는 나의 신부,,,2011-05-05,,343860,2305965500
썬더일레븐 극장판 : 최강군단 오우거의 습격,,,2011-05-05,,122023,802437500
옥보단 3D,,,2011-05-12,,82507,946426000
천녀유혼,,,2011-05-12,,64838,486966000
캐리비안의 해적: 낯선 조류,,,2011-05-19,,3107674,27088800000
삼국지: 명장 관우,,,2011-05-19,,124592,916545500
회초리,,,2011-05-19,,69879,449452500
쿵푸팬더 2,,,2011-05-26,,5057595,44268827500
헤드,,,2011-05-26,,60019,451576500
마마,,,2011-06-01,,213591,1474475000
엑스맨: 퍼스트 클래스,,,2011-06-02,,2519639,18969284000
레지던트,,,2011-06-02,,65865,515707000
모비딕,,,2011-06-09,,383899,2915415000
화이트: 저주의 멜로디,,,2011-06-09,,772182,5455881000
프리스트,,,2011-06-09,,66735,610172500
스크림 4G,,,2011-06-09,,30942,246723000
슈퍼 에이트,,,2011-06-16,,467541,3590230000
그린랜턴: 반지의 선택,,,2011-06-16,,210187,1604318500
링컨 차를 타는 변호사,,,2011-06-16,,322704,2407803000
러브 앤 프렌즈,,,2011-06-16,,100960,728472500
풍산개,,,2011-06-23,,699528,5296953000
정무문 : 100대 1의 전설,,,2011-06-22,,112618,839663000
트랜스포머 3,,,2011-06-29,,7768284,74697656000
음모자,,,2011-06-30,,26683,203535000
고양이: 죽음을 보는 두 개의 눈,,,2011-07-07,,660831,4698813000
고 녀석 맛나겠다,,,2011-07-07,,43307,298282000
해리 포터와 죽음의 성물2,,,2011-07-13,,4358195,34195994500
빨간모자의 진실 2,,,2011-07-13,,155020,1120899000
고지전,,,2011-07-20,,2925790,21825842100
퀵,,,2011-07-20,,3104096,22808561500
포인트 블랭크,,,2011-07-13,,38995,298461500
카 2,,,2011-07-20,,366552,2967333500
바니버디,,,2011-07-20,,101401,678858000
마당을 나온 암탉,,,2011-07-28,,2021416,13439737000
퍼스트 어벤져,,,2011-07-28,,499855,4052432000
리오,,,2011-07-27,,583431,4588140000
극장판 도라에몽: 진구와 철인군단 날아라 천사들,,,2011-07-28,,71292,486979000
7광구,,,2011-08-04,,2225436,19263706000
명탐정 코난 : 침묵의 15분,,,2011-08-03,,625448,4091898000
최종병기 활,,,2011-08-10,,7463056,55780021000
블라인드,,,2011-08-10,,2260852,17541796500
개구쟁이 스머프,,,2011-08-11,,1010531,7604394000
카우보이 & 에이리언,,,2011-08-11,,175350,1327063500
혹성탈출: 진화의 시작,,,2011-08-17,,2723331,20256033000
세 얼간이,,,2011-08-18,,286300,2074641000
돈비 어프레이드 : 어둠 속의 속삭임,,,2011-08-25,,52910,393247500
행오버 2,,,2011-08-25,,37741,301276000
내 여자친구의 결혼식,,,2011-08-25,,36384,285421000
푸른소금,,,2011-08-31,,743551,5535565500
콜롬비아나,,,2011-08-31,,578519,4368556500
가문의 영광4 - 가문의 수난,,,2011-09-07,,2354393,17700339000
통증,,,2011-09-07,,679849,5102197000
파퍼씨네 펭귄들,,,2011-09-07,,973909,7008398500
챔프,,,2011-09-07,,521364,3761225500
파이널 데스티네이션5,,,2011-09-08,,227894,2124890500
쥴리의 육지 대모험,,,2011-09-08,,157395,1072319500
도가니,,,2011-09-22,,4636595,35383859800
컨테이젼,,,2011-09-22,,214370,1675634000
킬러 엘리트,,,2011-09-22,,153613,1162452500
의뢰인,,,2011-09-29,,2372813,17648919000
카운트다운,,,2011-09-29,,464316,3578627500
어브덕션,,,2011-09-29,,149528,1089142500
코쿠리코 언덕에서,,,2011-09-29,,178891,1275278000
투혼,,,2011-10-06,,208402,1416894000
리얼 스틸,,,2011-10-12,,3566300,26471137500
삼총사 3D,,,2011-10-12,,648013,5641008500
완득이,,,2011-10-20,,5296320,38436084000
오직 그대만,,,2011-10-20,,1004260,7427152500
히트,,,2011-10-13,,94426,673148000
파라노말 액티비티 3,,,2011-10-20,,120236,867690500
인 타임,,,2011-10-27,,598217,4444072500
프렌즈 위드 베네핏,,,2011-10-27,,57552,423887500
오늘,,,2011-10-27,,131142,706949000
커플즈,,,2011-11-02,,328293,2471276500
Mr.아이돌,,,2011-11-03,,56506,391679500
헬프,,,2011-11-03,,99788,727669000
청원,,,2011-11-02,,40785,297938500
더 킥,,,2011-11-03,,34636,250933500
쟈니 잉글리쉬2 : 네버다이,,,2011-11-02,,25918,186626000
신들의 전쟁,,,2011-11-10,,1324213,11619858000
너는 펫,,,2011-11-10,,541534,3798208500
티끌모아 로맨스,,,2011-11-10,,410929,2852481000
머니볼,,,2011-11-17,,631742,4610406500
타워 하이스트,,,2011-11-17,,57490,404296500
완벽한 파트너,,,2011-11-17,,52301,403351000
특수본,,,2011-11-24,,1110799,8043101500
아더 크리스마스,,,2011-11-25,,614838,4731667500
브레이킹 던 part1,,,2011-11-30,,1420104,10413414500
50/50,,,2011-11-24,,103460,774340500
오싹한 연애,,,2011-12-01,,2952858,21591571000
틴틴 : 유니콘호의 비밀,,,2011-12-07,,775785,6449864000
블리츠,,,2011-12-07,,46596,359029500
결정적 한방,,,2011-12-07,,58864,424547000
미션임파서블:고스트프로토콜,,,2011-12-15,,7493649,57189279500
앨빈과 슈퍼밴드3,,,2011-12-15,,516289,3416675000
퍼펙트 게임,,,2011-12-21,,1394143,10367870500
마이 웨이,,,2011-12-21,,2123634,15852337000
셜록홈즈 : 그림자 게임,,,2011-12-21,,2165504,16113060500
극장판 포켓몬스터 베스트 위시「비크티니와 백의 영웅 레시라무」,,,2011-12-22,,349214,2314523500
극장판 포켓몬스터 베스트 위시 「비크티니와 흑의 영웅 제크로무」,,,2011-12-22,,235070,1595695000
프렌즈: 몬스터섬의비밀 ,,,2011-12-29,,498690,3662530000
라이온 킹,,,1994-07-02,,278925,2982802500
원더풀 라디오,,,2012-01-05,,921887,6786842500
다크아워,,,2012-01-05,,116655,963820500
장화신은 고양이,,,2012-01-12,,2032196,17247846000
밀레니엄 : 여자를 증오한 남자들,,,2012-01-11,,425932,3364181000
코알라 키드 : 영웅의 탄생,,,2012-01-12,,88594,633780000
초한지 - 천하대전,,,2012-01-11,,71445,538514000
댄싱퀸,,,2012-01-18,,4048125,30066411000
부러진 화살,,,2012-01-18,,3436171,25767168500
잃어버린 세계를 찾아서 2: 신비의 섬,,,2012-01-19,,1133994,9673761000
페이스메이커,,,2012-01-18,,433056,3204706000
네버엔딩 스토리,,,2012-01-18,,269605,2008593500
우리는 동물원을 샀다,,,2012-01-18,,255306,1847423000
점박이:한반도의 공룡3D,,,2012-01-26,,967168,8978200000
범죄와의 전쟁: 나쁜놈들 전성시대,,,2012-02-02,,4682529,36258474000
파파,,,2012-02-01,,566746,3864042000
해피 피트 2,,,2012-02-02,,163186,1311667000
하이힐을 신고 달리는 여자,,,2012-02-02,,40246,310995000
토르: 마법망치의 전설,,,2012-02-09,,727423,5280779500
스타워즈:에피소드1 보이지 않는 위험 ,,,1999-06-26,,71777,798249000
워 호스,,,2012-02-09,,66098,482022500
팅커 테일러 솔저 스파이,,,2012-02-09,,56435,424901500
하울링,,,2012-02-16,,1604622,11709449500
더 그레이,,,2012-02-16,,279362,2107044500
고스트 라이더 : 복수의 화신,,,2012-02-16,,79786,620991500
우먼 인 블랙,,,2012-02-16,,71752,533738500
맨 온 렛지,,,2012-02-22,,586692,4355881000
언더월드 4: 어웨이크닝,,,2012-02-22,,141376,1321618000
철의 여인,,,2012-02-23,,113628,855180500
러브픽션,,,2012-02-29,,1718634,13145636000
디스 민즈 워,,,2012-02-29,,872741,6656701000
세이프 하우스,,,2012-02-29,,157605,1178947500
액트 오브 밸러: 최정예 특수부대 ,,,2012-02-29,,131811,982823500
화차,,,2012-03-08,,2418592,18327494000
존 카터: 바숨 전쟁의 서막 ,,,2012-03-08,,835114,7208054500
크로니클,,,2012-03-15,,381430,2863858500
가비,,,2012-03-15,,268583,1956649500
서약,,,2012-03-14,,227852,1723943000
건축학개론,,,2012-03-22,,4082092,30015340500
저스티스,,,2012-03-15,,29301,220788000
언터처블: 1%의 우정,,,2012-03-22,,1710969,12666879500
콘트라밴드,,,2012-03-22,,51487,384999500
타이탄의 분노,,,2012-03-29,,885251,7537520500
시체가 돌아왔다,,,2012-03-29,,984246,7342772000
헝거게임: 판엠의 불꽃,,,2012-04-05,,605351,4460608500
타이타닉,,,1998-02-20,,883847,11436767230
코난: 암흑의 시대,,,2012-04-05,,24037,188533500
간기남,,,2012-04-11,,1238151,9298067000
배틀쉽,,,2012-04-11,,2235290,16502405500
미녀와 야수,,,1992-07-04,,140703,1452038500
인류멸망 보고서,,,2012-04-11,,73916,533434000
킹메이커,,,2012-04-19,,35146,273659000
하트 브레이커,,,2012-04-19,,30392,225348000
어벤져스,,,2012-04-26,,7084961,59622367958
은교,,,2012-04-25,,1340209,9870962500
짱구는 못말려 극장판: 태풍을 부르는 황금스파이 대작전,,,2012-04-26,,260055,1724988000
코리아,,,2012-05-03,,1861422,13379372500
백설공주,,,2012-05-03,,558294,3912552000
로렉스,,,2012-05-03,,290471,2106073000
다크 섀도우,,,2012-05-10,,578949,4303237500
내 아내의 모든 것,,,2012-05-17,,4578886,34094035000
돈의 맛,,,2012-05-17,,1159005,8730170611
콜드 라잇 오브 데이,,,2012-05-17,,84804,608001090
맨 인 블랙 3,,,2012-05-24,,3352868,27109887070
스노우 화이트 앤 더 헌츠맨,,,2012-05-30,,606682,4431075000
극장판 썬더일레븐GO : 궁극의 우정 그리폰,,,2012-05-24,,81910,559754000
차형사,,,2012-05-30,,1330352,9640469296
미확인 동영상 : 절대클릭금지,,,2012-05-30,,839805,5743635000
마다가스카3 : 이번엔 서커스다!,,,2012-06-06,,1609541,12392648500
후궁 : 제왕의 첩,,,2012-06-06,,2575573,18912306500
프로메테우스,,,2012-06-06,,967022,8567452099
락아웃: 익스트림미션,,,2012-06-14,,458088,3345194500
사다코 3D : 죽음의 동영상,,,2012-06-14,,88075,818117032
더 씽,,,2012-06-14,,33566,246350589
미쓰GO,,,2012-06-21,,553917,4048154000
아부의 왕,,,2012-06-21,,486543,3436415000
페이스 블라인드,,,2012-06-21,,53238,405148169
어메이징 스파이더맨,,,2012-06-28,,4845970,41114727235
캐빈 인 더 우즈,,,2012-06-28,,212230,1593114000
연가시,,,2012-07-05,,4499856,32065476664
모모와 다락방의 수상한 요괴들,,,2012-07-05,,294389,1950225000
더 레이븐,,,2012-07-05,,143190,1051685000
미드나잇 인 파리,,,2012-07-05,,294070,2170178698
두 개의 달,,,2012-07-12,,424784,2937006170
나는 공무원이다,,,2012-07-12,,214080,1512685500
리미트리스,,,2012-07-12,,117570,842781500
다크 나이트 라이즈,,,2012-07-19,,6428445,47909865320
명탐정 코난: 11번째 스트라이커,,,2012-07-19,,499966,3204811000
5백만불의 사나이,,,2012-07-19,,79794,569565000
도둑들,,,2012-07-25,,12979237,93640884000
아이스 에이지 4: 대륙 이동설,,,2012-07-25,,1591294,11923427704
무서운 이야기,,,2012-07-25,,315775,2332497566
극장판 도라에몽: 진구와 기적의 섬 애니멀 어드벤처,,,2012-07-25,,141100,910905500
새미의 어드벤쳐 2,,,2012-08-01,,1438459,10737335000
나는 왕이로소이다,,,2012-08-08,,778171,5373954904
락 오브 에이지,,,2012-08-02,,67691,495762996
바람과 함께 사라지다,,,2012-08-08,,4898495,34542485661
빌리와 용감한 녀석들 3D,,,2012-08-08,,275373,1808498500
스텝업4 : 레볼루션,,,2012-08-15,,931833,7002404500
토탈 리콜,,,2012-08-15,,1206487,8865133500
R2B: 리턴투베이스,,,2012-08-15,,1172877,8406384871
이웃사람,,,2012-08-22,,2416123,17958955369
공모자들,,,2012-08-29,,1618517,12046391000
링컨: 뱀파이어 헌터,,,2012-08-30,,333363,2669330500
577 프로젝트,,,2012-08-30,,90377,656562000
본 레거시,,,2012-09-06,,998061,7289924000
익스펜더블 2,,,2012-09-06,,441149,3186448728
피에타,,,2012-09-06,,597386,4313267000
"광해, 왕이 된 남자",,,2012-09-13,,12274154,88620816269
레지던트 이블 5 : 최후의 심판,,,2012-09-13,,550478,4698599500
늑대아이,,,2012-09-13,,297532,2049791761
간첩,,,2012-09-20,,1301995,9259113000
테드: 황금도시 파이티티를 찾아서,,,2012-09-20,,202036,1426239500
테이큰 2,,,2012-09-27,,2304264,17549850553
메리다와 마법의 숲,,,2012-09-27,,1211487,8896100500
19곰 테드,,,2012-09-27,,256849,1961734793
점쟁이들,,,2012-10-03,,935818,6613703000
회사원,,,2012-10-11,,1091597,8183273500
루퍼,,,2012-10-11,,567933,4236453000
위험한 관계,,,2012-10-11,,293255,2090696230
프랑켄위니,,,2012-10-11,,30327,260514500
용의자X,,,2012-10-18,,1549944,11228841000
조조-황제의 반란,,,2012-10-18,,73424,521867000
로우리스: 나쁜 영웅들,,,2012-10-18,,46815,332160166
007 스카이폴,,,2012-10-26,,2349419,17304045500
강철대오:구국의 철가방,,,2012-10-25,,230319,1596638156
파라노말 액티비티4,,,2012-10-25,,43270,306459000
늑대소년,,,2012-10-31,,6627275,46409843500
아르고,,,2012-10-31,,128419,919184000
내가 살인범이다,,,2012-11-08,,2720031,20323516500
복숭아나무,,,2012-10-31,,24048,172763112
업사이드 다운,,,2012-11-08,,169384,1192087645
나우이즈굿 ,,,2012-11-08,,56691,399709500
밀림의 왕자 레오2,,,2012-11-08,,25725,164539000
브레이킹 던 part2,,,2012-11-15,,2648062,18863191565
자칼이 온다,,,2012-11-15,,201431,1373499000
살인소설,,,2012-11-15,,33809,251064676
돈 크라이 마미,,,2012-11-22,,956726,6694060599
남영동1985,,,2012-11-22,,305791,2176016101
가디언즈,,,2012-11-29,,1001207,7705945000
음치 클리닉 ,,,2012-11-29,,303595,2029783000
26년,,,2012-11-29,,2874554,20643695645
철가방 우수氏,,,2012-11-22,,69097,468381500
나의 PS 파트너 ,,,2012-12-06,,1822593,13828088116
늑대소년-확장판,,,2012-12-06,,372039,2586800500
호빗: 뜻밖의 여정,,,2012-12-13,,2775993,23084420716
원 데이,,,2012-12-13,,223313,1658242700
극장판 파워레인저: 캡틴포스 VS 미라클포스 199 히어로 대결전 ,,,2012-12-13,,63039,431157000
레미제라블,,,2012-12-19,,5835014,42507630500
반창꼬,,,2012-12-19,,2414195,17478112287
가문의 영광5 - 가문의 귀환,,,2012-12-19,,1133197,8138786500
주먹왕 랄프,,,2012-12-19,,893328,6426302500
극장판 포켓몬스터 베스트위시「큐레무 VS 성검사 케르디오」,,,2012-12-19,,316515,1229192000
극장판 포켓몬스터 베스트위시「메로엣타의 반짝반짝 음악회」,,,2012-12-19,,159425,530404750
타워,,,2012-12-25,,5142969,37395107500
니코: 산타비행단의 모험,,,2012-12-25,,371645,2554320500
잠베지아: 신비한 나무섬의 비밀,,,2012-12-25,,454891,3219853500
라이프 오브 파이,,,2013-01-01,,1568541,15617687000
박수건달,,,2013-01-09,,3884350,28284536069
클라우드 아틀라스,,,2013-01-09,,426659,3218717727
파이스토리 : 악당상어 소탕작전,,,2013-01-10,,248260,1692333000
마이 리틀 히어로,,,2013-01-09,,177475,1247865628
잭 리처,,,2013-01-17,,780719,5735200500
몬스터 호텔,,,2013-01-17,,868261,5976314000
더 임파서블,,,2013-01-17,,617895,4411413000
7번방의 선물,,,2013-01-23,,12786081,91291202670
뽀로로 극장판 슈퍼썰매 대모험,,,2013-01-23,,867148,6368320500
명탐정 코난:은빛 날개의 마술사,,,2013-01-24,,165371,1085119000
베를린,,,2013-01-30,,7146760,52218012637
다이하드: 굿 데이 투 다이,,,2013-02-06,,1422248,10718577000
남쪽으로 튀어,,,2013-02-06,,772571,5563756500
눈의 여왕,,,2013-02-07,,245977,1658368000
몬스터 주식회사,,,2001-12-20,,34617,364422000
남자사용설명서,,,2013-02-14,,502463,3568968757
헨젤과 그레텔: 마녀 사냥꾼 3D,,,2013-02-14,,261517,2066901500
해양경찰 마르코,,,2013-02-14,,159640,1016345000
실버라이닝 플레이북,,,2013-02-14,,70730,535384000
신세계,,,2013-02-21,,4670388,34794192405
분노의 윤리학,,,2013-02-21,,215983,1590133000
빌리와 용감한 녀석들 2 ,,,2013-02-21,,302550,1980821000
더 자이언트,,,2013-02-21,,149054,939642500
잭 더 자이언트 킬러,,,2013-02-28,,945119,7301650500
스토커,,,2013-02-28,,343745,2575965174
차이니즈 조디악,,,2013-02-27,,296005,2079113500
사이코메트리,,,2013-03-07,,526494,3927607629
오즈 그레이트 앤드 파워풀,,,2013-03-07,,326939,2704972000
제로 다크 서티,,,2013-03-07,,72222,525763500
웜 바디스,,,2013-03-14,,1164293,8323026624
파파로티,,,2013-03-14,,1710343,11790729500
링컨,,,2013-03-14,,119690,836253000
글래디에이터: 로마 영웅 탄생의 비밀 3D,,,2013-03-14,,35681,243004500
연애의 온도,,,2013-03-21,,1847774,13681617446
장고:분노의 추적자,,,2013-03-21,,229221,1662239000
안나 카레니나,,,2013-03-21,,108489,741335000
원피스 극장판 Z,,,2013-03-21,,79949,538314000
지.아이.조 2,,,2013-03-28,,1843583,14373765500
웃는 남자,,,2013-03-28,,37384,264494000
런닝맨,,,2013-04-04,,1412725,9993227000
호스트,,,2013-04-04,,34828,243631500
지슬 - 끝나지 않은 세월2,,,2013-03-21,,110028,767150100
호프 스프링즈,,,2013-04-04,,49589,349726000
전설의 주먹,,,2013-04-10,,1743466,12770102000
오블리비언,,,2013-04-11,,1513005,11149722500
꼬마영웅 경찰차 프로디,,,2013-04-11,,29812,198752000
노리개,,,2013-04-18,,158018,1153730500
송 포 유,,,2013-04-18,,209111,1451358500
뷰티풀 크리처스,,,2013-04-18,,56897,407935044
로마 위드 러브,,,2013-04-18,,173324,1272013590
아이언맨 3,,,2013-04-25,,8968799,70576547500
짱구는 못말려 극장판:태풍을 부르는 나와 우주의 프린세스,,,2013-04-25,,212423,1399462000
피노키오: 당나귀 섬의 비밀,,,2013-04-25,,37117,243634000
에반게리온: Q,,,2013-04-25,,32792,237369461
전국노래자랑,,,2013-05-01,,957494,6571042500
니모를 찾아서,,,2003-06-05,,60922,632657500
폭풍우 치는 밤에: 비밀 친구,,,2013-05-01,,32214,215582000
고령화 가족,,,2013-05-09,,1136853,8144486653
크루즈 패밀리,,,2013-05-16,,897813,6261768500
스니치,,,2013-05-09,,41407,287796500
몽타주,,,2013-05-16,,2089900,14963346500
위대한 개츠비,,,2013-05-16,,1418938,10393588643
미나문방구,,,2013-05-16,,302282,2042673000
분노의 질주: 더 맥시멈,,,2013-05-22,,1774615,13098437042
비포 미드나잇,,,2013-05-22,,163434,1196318900
스타트렉 다크니스,,,2013-05-30,,1590509,12860656000
애프터 어스,,,2013-05-30,,524610,3740441167
뜨거운 안녕,,,2013-05-30,,36769,248295000
은밀하게 위대하게,,,2013-06-05,,6950740,48647423913
무서운 이야기 2,,,2013-06-05,,493837,3382394500
백악관 최후의 날,,,2013-06-05,,161481,1146472000
극장판 썬더일레븐 GO VS 골판지 전사 W,,,2013-06-05,,30210,199876500
맨 오브 스틸,,,2013-06-13,,2174538,17043514898
월드 워 Z,,,2013-06-20,,5218825,38425682000
더 콜,,,2013-06-20,,86398,609825134
닥터,,,2013-06-20,,45162,338904500
토토의 움직이는 숲,,,2013-06-20,,60408,390791500
꼭두각시,,,2013-06-20,,21432,159299000
더 웹툰: 예고살인,,,2013-06-27,,1194450,8498172070
화이트 하우스 다운,,,2013-06-27,,566624,3996899500
쥬라기 공원,,,1993-07-17,,40092,489728500
빅 웨딩,,,2013-06-27,,32415,223228500
감시자들,,,2013-07-03,,5500389,39327312679
론 레인저,,,2013-07-04,,386976,2746196500
쿵후팬더: 영웅의 탄생,,,2013-07-04,,70987,449675000
퍼시픽 림,,,2013-07-11,,2531873,20409084012
사이드 이펙트,,,2013-07-11,,23440,169334000
미스터 고,,,2013-07-17,,1303250,9167055000
레드: 더 레전드,,,2013-07-18,,2986373,21429074970
터보,,,2013-07-25,,1915404,13066917000
토니 스토리: 깡통제국의 비밀,,,2013-07-18,,43372,281142000
더 울버린,,,2013-07-25,,1066227,7763582000
더 테러 라이브,,,2013-07-31,,5580701,39847400317
극장판 도라에몽: 진구의 비밀도구 박물관,,,2013-07-25,,110898,711497000
설국열차,,,2013-08-01,,9321959,66818452500
개구쟁이 스머프 2,,,2013-08-01,,915594,5956385000
에픽 : 숲속의 전설 ,,,2013-08-07,,945559,6536891000
명탐정 코난 : 수평선상의 음모,,,2013-08-07,,359687,2275582500
감기,,,2013-08-14,,3107800,21711645000
숨바꼭질,,,2013-08-14,,5581942,39441835000
슈퍼윙스 3D,,,2013-08-14,,32449,201163500
나우 유 씨 미 : 마술사기단,,,2013-08-22,,2713410,19112840369
R.I.P.D. : 알.아이.피.디.,,,2013-08-22,,74201,537346571
일대종사,,,2013-08-22,,81257,582290500
엘리시움,,,2013-08-29,,1201354,8974953500
잡스,,,2013-08-29,,217319,1541709636
슈퍼배드 2,,,2013-09-12,,941026,6459018000
드래곤볼Z : 신들의 전쟁,,,2013-08-29,,34252,226528000
스파이,,,2013-09-05,,3405822,24318271805
바람이 분다,,,2013-09-05,,78026,551346500
관상,,,2013-09-11,,9121108,65914706500
섀도우 헌터스: 뼈의 도시,,,2013-09-12,,561125,3968239000
몬스터 대학교,,,2013-09-12,,860213,5809988000
퍼시 잭슨과 괴물의 바다,,,2013-09-12,,512277,3742916609
컨저링,,,2013-09-17,,2259289,16328109277
프리버즈: 밍쿠와 찌아의 도시 대탈출,,,2013-09-17,,39103,259843000
히든 카드,,,2013-09-26,,120640,869337096
블루 재스민,,,2013-09-25,,54741,397244000
소원,,,2013-10-02,,2687628,18390287100
깡철이,,,2013-10-02,,1197467,8501041962
프리즈너스,,,2013-10-02,,182252,1334563000
로덴시아: 마법왕국의 전설,,,2013-10-02,,88108,570664500
정글번치 : 빙산으로의 귀환,,,2013-10-02,,42032,270546805
화이: 괴물을 삼킨 아이,,,2013-10-09,,2370593,17524880295
러시 : 더 라이벌,,,2013-10-09,,119596,875889500
그래비티,,,2013-10-17,,3292521,32412291000
롤러코스터,,,2013-10-17,,262853,1863329100
밤의 여왕,,,2013-10-17,,247275,1728155500
캡틴 필립스,,,2013-10-23,,219077,1525642434
공범,,,2013-10-24,,1764638,12324409382
톱스타,,,2013-10-24,,164000,1123171500
배우는 배우다,,,2013-10-24,,85298,628866500
토르: 다크 월드,,,2013-10-30,,3015162,22350686000
노브레싱,,,2013-10-30,,443719,2953848739
응징자,,,2013-10-30,,188140,1359939500
화이트 고릴라,,,2013-10-31,,53028,349463000
동창생,,,2013-11-06,,1032152,6931670626
더 퍼지,,,2013-11-06,,135353,1018728500
세이프 헤이븐,,,2013-11-06,,24389,177148500
친구 2,,,2013-11-14,,2964798,21759609513
더 파이브,,,2013-11-14,,714995,5228235000
카운슬러,,,2013-11-14,,126394,919076500
블랙 가스펠,,,2013-11-14,,23765,170896000
헝거게임: 캣칭 파이어,,,2013-11-21,,1114894,7779628000
결혼전야,,,2013-11-21,,1191464,8303836719
하늘에서 음식이 내린다면 2,,,2013-11-21,,785208,5339227500
열한시,,,2013-11-28,,862086,6043041500
창수,,,2013-11-28,,404990,2978968500
리딕,,,2013-11-28,,93783,670237500
어바웃 타임,,,2013-12-05,,3435478,25223609300
인시디어스: 두번째 집,,,2013-12-05,,573744,3974716000
이스케이프 플랜,,,2013-12-05,,292332,2102888179
버틀러: 대통령의 집사,,,2013-11-28,,108222,759425000
호빗: 스마우그의 폐허,,,2013-12-12,,2222016,17379010816
집으로 가는 길,,,2013-12-11,,1827986,12863644745
변호인,,,2013-12-18,,11311449,82444088000
캐치미,,,2013-12-18,,468006,3210687500
다이노소어 어드벤처 3D,,,2013-12-19,,583883,4743029500
비행기,,,2013-12-19,,193123,1384726500
세이빙 산타,,,2013-12-19,,209670,1353200000
용의자,,,2013-12-24,,4127745,30014103000
썬더와 마법저택,,,2013-12-24,,880137,5962594500
엔더스 게임,,,2013-12-31,,642617,4842825500
월터의 상상은 현실이 된다,,,2013-12-31,,901333,6585809299
저스틴,,,2013-12-31,,204779,1378315500
타잔 3D,,,2014-01-09,,590861,4416435500
플랜맨,,,2014-01-09,,602310,4319641058
더 울프 오브 월스트리트,,,2014-01-09,,553081,4247515500
"극장판 포켓몬스터 베스트위시: 신의 속도 게노세크트, 뮤츠의 각성",,,2014-01-09,,311436,2025275500
겨울왕국,,,2014-01-16,,10324794,82736415601
잭 라이언 : 코드네임 쉐도우,,,2014-01-16,,319299,2336624000
수상한 그녀,,,2014-01-22,,8642334,62618369749
피끓는 청춘,,,2014-01-22,,1648531,11497371388
남자가 사랑할 때,,,2014-01-22,,1933102,14184775500
극장판 가면라이더 VS 파워레인저 슈퍼히어로 대전,,,2014-01-23,,41056,275590000
조선미녀삼총사,,,2014-01-29,,473755,3425430321
넛잡: 땅콩 도둑들,,,2014-01-29,,433345,3016432500
폴리스 스토리 2014,,,2014-01-29,,122645,916039500
인사이드 르윈 ,,,2014-01-29,,38262,301869000
디노타샤: 공룡대탐험,,,2014-01-29,,20729,146713500
프랑켄슈타인: 불멸의 영웅,,,2014-02-06,,295143,2146615123
또 하나의 약속,,,2014-02-06,,443825,3149170100
레고 무비,,,2014-02-06,,164445,1128529000
로보캅,,,2014-02-13,,974420,7262030758
관능의 법칙,,,2014-02-13,,763858,5727826500
신이 보낸 사람,,,2014-02-13,,394472,2870824200
명탐정 코난 : 탐정들의 진혼가 ,,,2014-02-13,,155131,1018307000
폼페이: 최후의 날,,,2014-02-20,,1364158,10234714700
찌라시: 위험한 소문,,,2014-02-20,,1217370,9082797587
아메리칸 허슬,,,2014-02-20,,85322,664765500
논스톱,,,2014-02-27,,2083644,16060536940
노예 12년,,,2014-02-27,,494259,3618600200
모뉴먼츠 맨: 세기의 작전,,,2014-02-27,,55115,416870627
300: 제국의 부활,,,2014-03-06,,1586198,13343889900
다이애나,,,2014-03-06,,39326,286713800
우아한 거짓말,,,2014-03-13,,1604898,11646474300
몬스터,,,2014-03-13,,522199,4105242015
원 챈스,,,2014-03-13,,58634,439604900
노아,,,2014-03-20,,2020047,15469969000
그랜드 부다페스트 호텔,,,2014-03-20,,758009,5887435800
벨과 세바스찬,,,2014-03-20,,21875,157914300
캡틴 아메리카: 윈터 솔져,,,2014-03-26,,3959198,31679831585
초원의 왕 도제,,,2014-03-27,,17494,121455500
쓰리데이즈 투 킬,,,2014-04-03,,219823,1683138600
론 서바이버 ,,,2014-04-02,,179968,1356327820
짱구는 못말려 극장판：엄청 맛있어! B급 음식 서바이벌!,,,2014-04-03,,47476,333191200
어거스트: 가족의 초상,,,2014-04-03,,40518,314835700
백프로,,,2014-04-03,,29136,223219000
방황하는 칼날,,,2014-04-10,,989389,7824741300
헤라클레스 : 레전드 비긴즈,,,2014-04-10,,212961,1606089151
선 오브 갓,,,2014-04-10,,309120,2253308500
가시,,,2014-04-10,,133740,1034408500
다이버전트,,,2014-04-16,,421459,3277493011
니드 포 스피드,,,2014-04-16,,102792,816922600
한공주,,,2014-04-17,,211094,1675373800
페이스 오브 러브,,,2014-04-16,,71091,527739705
어메이징 스파이더맨 2,,,2014-04-23,,4136519,34621008800
천재 강아지 미스터 피바디,,,2014-04-24,,372847,2768844400
역린,,,2014-04-30,,3839411,29821447790
표적,,,2014-04-30,,2836918,22223989500
리오 2,,,2014-05-01,,749754,5561365200
라스트베가스,,,2014-05-08,,164313,1266559195
몬스터 왕국,,,2014-05-01,,35549,243752100
인간중독,,,2014-05-14,,1426083,11175339200
고질라,,,2014-05-15,,692019,5828258163
트랜센던스,,,2014-05-14,,689949,5434622000
엑스맨: 데이즈 오브 퓨처 패스트,,,2014-05-22,,4310013,34624443066
도희야,,,2014-05-22,,72393,583901800
그녀,,,2014-05-22,,309344,2521191800
더 바디,,,2014-05-22,,46128,355270000
끝까지 간다,,,2014-05-29,,3442630,26950815800
말레피센트,,,2014-05-29,,1395144,10760489000
오큘러스,,,2014-05-29,,257030,1954102500
극장판 루팡 3세 VS 명탐정 코난,,,2014-05-29,,207858,1457561305
엣지 오브 투모로우,,,2014-06-04,,4678236,38569973201
우는 남자,,,2014-06-04,,579242,4741269400
하이힐,,,2014-06-03,,312399,2515498600
황제를 위하여,,,2014-06-11,,581465,4672304471
경주,,,2014-06-12,,38319,293291800
베스트 오퍼,,,2014-06-12,,23169,180030600
미녀와 야수,,,2014-06-18,,310961,2356899700
그레이스 오브 모나코,,,2014-06-18,,216761,1609403800
창문 넘어 도망친 100세 노인,,,2014-06-18,,235681,1787243671
님포매니악 볼륨1,,,2014-06-18,,27505,218141100
트랜스포머: 사라진 시대,,,2014-06-25,,5286024,43941748845
신의 한 수,,,2014-07-03,,3563970,28792508456
소녀괴담,,,2014-07-02,,479275,3538282754
나쁜 이웃들 ,,,2014-07-03,,40674,329384700
혹성탈출: 반격의 서막,,,2014-07-10,,4001487,31506465095
좋은 친구들,,,2014-07-10,,406034,3213001031
더 시그널,,,2014-07-09,,101919,782631828
주온 : 끝의 시작,,,2014-07-16,,395456,2962811531
분신사바 2,,,2014-07-16,,78671,572931300
천하무적 키코리키,,,2014-07-17,,19122,134061100
군도: 민란의 시대,,,2014-07-23,,4741281,36743972099
드래곤 길들이기 2,,,2014-07-23,,2981802,23848649189
프란시스 하,,,2014-07-17,,56524,445556800
마담 프루스트의 비밀정원,,,2014-07-24,,79974,627491242
명량,,,2014-07-30,,17597914,135641990210
가디언즈 오브 갤럭시,,,2014-07-31,,1329992,11264413984
터키,,,2014-07-31,,103859,734161000
해적: 바다로 간 산적,,,2014-08-06,,8625574,66189968806
명탐정 코난 : 이차원의 저격수,,,2014-08-06,,349986,2426785300
허큘리스,,,2014-08-06,,69252,542294300
해무(海霧),,,2014-08-13,,1461574,11603339119
"안녕, 헤이즐",,,2014-08-13,,721675,5623373700
비행기 2: 소방구조대,,,2014-08-13,,281867,2041786900
비긴 어게인,,,2014-08-13,,3697882,29448872011
극장판 포켓몬스터 AG - 아름다운 소원의 별 지라치,,,2014-08-13,,55671,398561300
익스펜더블 3,,,2014-08-20,,149336,1140434000
더 기버: 기억전달자,,,2014-08-20,,79925,618608100
인투 더 스톰,,,2014-08-28,,2067173,16073779332
닌자터틀,,,2014-08-28,,373866,3114845047
브릭 맨션: 통제불능 범죄구역,,,2014-08-27,,66054,478532747
더 퍼지 : 거리의 반란,,,2014-08-27,,50280,381888400
타짜-신의 손,,,2014-09-03,,4011788,32355158927
루시,,,2014-09-03,,1966746,16407346339
두근두근 내 인생,,,2014-09-03,,1616325,12234787834
스텝 업: 올 인,,,2014-09-03,,544609,4192869234
마야,,,2014-09-04,,212309,1572085200
극장판 도라에몽: 진구의 아프리카 모험 ~베코와 5인의 탐험대~,,,2014-09-04,,154764,1108780400
메이즈 러너,,,2014-09-18,,2807658,21453841977
툼스톤,,,2014-09-18,,221079,1719143047
베리 굿 걸,,,2014-09-25,,75381,574190345
제보자,,,2014-10-02,,1745594,13452437902
슬로우 비디오,,,2014-10-02,,1140324,8709583219
애나벨,,,2014-10-02,,882502,6758787243
마담 뺑덕,,,2014-10-02,,425553,3393752090
"극장판 파워레인저 다이노포스VS고버스터즈 공룡 대결전! ~안녕, 영원한 친구여!~",,,2014-10-02,,177116,1288052300
정글히어로,,,2014-10-02,,50861,374740600
나의 사랑 나의 신부,,,2014-10-08,,2125585,16525589005
드라큘라: 전설의 시작,,,2014-10-08,,1320565,10598718308
맨홀,,,2014-10-08,,107544,880712030
노벰버 맨,,,2014-10-16,,240227,1801740820
컬러풀 웨딩즈,,,2014-10-16,,171740,1315620680
나를 찾아줘,,,2014-10-23,,1745972,13871969731
우리는 형제입니다,,,2014-10-23,,964549,7226027899
레드카펫,,,2014-10-23,,310915,2363032780
보이후드,,,2014-10-23,,156937,1205921365
나의 독재자,,,2014-10-30,,382500,2884118046
내가 잠들기 전에,,,2014-10-30,,35433,281293300
인터스텔라,,,2014-11-06,,10370394,83459526500
패션왕,,,2014-11-06,,583436,4295903079
박스트롤,,,2014-11-06,,85150,614725500
카트,,,2014-11-13,,770962,5620080633
아더 우먼,,,2014-11-13,,75340,566531418
울브스,,,2014-11-13,,41975,302326169
왓 이프,,,2014-11-13,,20183,153096200
헝거게임: 모킹제이,,,2014-11-20,,835938,6265471644
퓨리,,,2014-11-20,,1348948,10275594586
아빠를 빌려드립니다,,,2014-11-20,,153576,1082725900
부니 베어: 롤라 구출 대모험,,,2014-11-20,,23627,167876700
빅매치,,,2014-11-27,,1174667,8930390578
덤 앤 더머 투,,,2014-11-27,,181132,1358560785
"님아, 그 강을 건너지 마오",,,2014-11-27,,4746458,36971343179
꾸뻬씨의 행복여행,,,2014-11-27,,89773,666848383
엑소더스: 신들과 왕들,,,2014-12-03,,1497026,12338567726
덕수리 5형제,,,2014-12-04,,201303,1525020500
사랑에 대한 모든 것,,,2014-12-10,,258778,2010364046
"러브, 로지",,,2014-12-10,,272550,2071272246
뽀로로 극장판 눈요정 마을 대모험,,, ,,216503,1083730600
국제시장,,,2014-12-17,,14198690,110503513230
호빗: 다섯 군대 전투,,,2014-12-17,,2816638,24103973685
기술자들,,,2014-12-24,,2506515,19443145183
상의원,,,2014-12-24,,761853,5986545064
눈의 여왕 2: 트롤의 마법거울,,,2014-12-24,,584282,4262462100
숲속으로,,,2014-12-24,,267624,2054915488
일곱난쟁이,,,2014-12-24,,133411,965720600
테이큰 3,,,2015-01-01,,1973099,15844320200
마다가스카의 펭귄,,,2014-12-31,,1646782,12402140459
개를 훔치는 완벽한 방법,,,2014-12-31,,155810,1192351965
언브로큰,,,2015-01-07,,202647,1594950692
패딩턴,,,2015-01-07,,292537,2169741229
워킹걸,,,2015-01-07,,108449,886869479
타임 패러독스,,,2015-01-07,,64837,514666108
오늘의 연애,,,2015-01-14,,1879010,14824363987
허삼관,,,2015-01-14,,939342,7289807069
박물관이 살아있다 : 비밀의 무덤,,,2015-01-14,,1097568,8142413806
극장판 포켓몬스터 XY : 파괴의 포켓몬과 디안시,,,2015-01-14,,178035,1262687200
아메리칸 스나이퍼,,,2015-01-14,,257103,2080681338
강남 1970,,,2015-01-21,,2166921,17529262299
빅 히어로,,,2015-01-21,,2700367,21234266765
존 윅,,,2015-01-21,,92569,746256537
엑스 마키나,,,2015-01-21,,55192,449329263
내 심장을 쏴라,,,2015-01-28,,371780,2741962832
워터 디바이너,,,2015-01-28,,101128,749827235
더 이퀄라이저,,,2015-01-28,,62869,488978900
빅 아이즈,,,2015-01-28,,55091,423368235
쎄시봉,,,2015-02-05,,1693215,13419036411
주피터 어센딩,,,2015-02-05,,253291,2230796279
센과 치히로의 행방불명,,,2002-06-27,,85317,677277800
최강전사 미니특공대 : 새로운 악당의 습격,,,2015-02-05,,83630,632761800
조선명탐정 : 사라진 놉의 딸,,,2015-02-11,,3832898,30172666328
킹스맨 : 시크릿 에이전트,,,2015-02-11,,6126021,50340621795
도라에몽 : 스탠 바이 미,,,2015-02-12,,462056,3372986829
오즈의 마법사: 돌아온 도로시,,,2015-02-12,,223163,1644752900
명탐정 코난 : 코난 실종사건 - 사상 최악의 이틀,,,2015-02-12,,197187,1457079400
7번째 아들,,,2015-02-11,,74742,595831251
이미테이션 게임,,,2015-02-17,,1716576,13488810520
스폰지밥 3D,,,2015-02-18,,295863,2240348600
그레이의 50가지 그림자,,,2015-02-26,,343628,2754981996
백 투 더 비기닝,,,2015-02-26,,257025,1943564700
기생수 파트1,,,2015-02-26,,166223,1375774085
순수의 시대,,,2015-03-05,,447249,3583422128
헬머니,,,2015-03-05,,516818,4076978472
버드맨,,,2015-03-05,,178701,1448793100
세인트 빈센트,,,2015-03-05,,63024,497154928
살인의뢰,,,2015-03-12,,842282,6893791637
채피,,,2015-03-12,,569288,4587576454
위플래쉬,,,2015-03-12,,1695263,13657862385
소셜포비아,,,2015-03-12,,246722,1941197563
드래곤 블레이드,,,2015-03-12,,39439,301679300
신데렐라,,,2015-03-19,,702233,5392685100
런 올 나이트,,,2015-03-19,,288604,2286851495
추억의 마니,,,2015-03-19,,22799,175718200
스물,,,2015-03-25,,3031466,23472584186
인서전트,,,2015-03-25,,274304,2095341089
분노의 질주: 더 세븐,,,2015-04-01,,3206228,26122627194
송 원,,,2015-04-01,,34132,253716543
팔로우,,,2015-04-02,,24310,204480543
윈드랜드,,,2015-04-02,,20418,148559700
장수상회,,,2015-04-09,,1139592,8574925443
화장,,,2015-04-09,,122332,926836900
코블러,,,2015-04-08,,28415,222363532
한 번 더 해피엔딩,,,2015-04-08,,27059,212710051
엘리노어 릭비: 그 남자 그 여자,,,2015-04-09,,38896,314566000
더 건맨,,,2015-04-16,,106371,825864465
위자,,,2015-04-16,,71994,558899535
유고와 라라: 하늘고래와 구름섬 대모험,,,2015-04-09,,38432,279850600
어벤져스: 에이지 오브 울트론,,,2015-04-23,,10501765,88627465146
짱구는 못말려 극장판 : 정면승부! 로봇아빠의 역습,,,2015-04-23,,146852,1062451700
약장수,,,2015-04-23,,27559,208194400
"땡큐, 대디",,,2015-04-23,,23487,170357061
차이나타운,,,2015-04-29,,1466767,11948083867
위험한 상견례 2,,,2015-04-29,,463764,3514139054
다이노 타임,,,2015-04-30,,273264,2029362300
노아의 방주: 남겨진 녀석들,,,2015-04-30,,205424,1486773700
빌리와 용감한 녀석들 3,,,2015-04-30,,92946,663375200
스틸 앨리스,,,2015-04-29,,102160,786851646
언프렌디드: 친구삭제,,,2015-05-07,,211732,1585363641
연애의 맛,,,2015-05-07,,212691,1712212153
악의 연대기,,,2015-05-14,,2184571,17305012032
매드 맥스: 분노의 도로,,,2015-05-14,,3910308,33620216862
위아영,,,2015-05-14,,49418,395087987
말할 수 없는 비밀,,,2008-01-10,,145157,1013931200
스파이,,,2015-05-21,,2300898,18282590158
간신,,,2015-05-21,,1107273,8925087910
홈,,,2015-05-21,,353865,2641293791
무뢰한,,,2015-05-27,,402758,3168310531
투모로우랜드,,,2015-05-27,,259658,2037121600
피치 퍼펙트: 언프리티 걸즈,,,2015-05-28,,56590,446309297
사이코패스,,,2015-05-28,,16595,134494000
샌 안드레아스,,,2015-06-03,,1712507,14405032352
은밀한 유혹,,,2015-06-04,,145154,1135107247
령 : 저주받은 사진,,,2015-06-04,,34921,265068253
쥬라기 월드,,,2015-06-11,,5540864,47757116026
꼬마 유령,,,2015-06-11,,10595,74880900
극비수사,,,2015-06-18,,2816529,22057268497
경성학교: 사라진 소녀들,,,2015-06-18,,344923,2664519800
심야식당,,,2015-06-18,,108917,862166074
소수의견,,,2015-06-24,,372067,2806617405
연평해전,,,2015-06-24,,6036988,45528952430
나의 절친 악당들,,,2015-06-25,,129857,1025599164
19곰 테드 2,,,2015-06-25,,155803,1259252300
터미네이터 제니시스,,,2015-07-02,,3231238,26488181129
리틀드래곤 코코넛,,,2015-07-02,,29257,219166000
라자루스,,,2015-07-02,,17102,136174000
인사이드 아웃,,,2015-07-09,,4941734,37809429136
손님,,,2015-07-09,,826083,6373057080
인시디어스 3,,,2015-07-09,,824816,6391287220
우먼 인 골드,,,2015-07-09,,96949,743481900
러덜리스,,,2015-07-09,,26733,213484820
픽셀,,,2015-07-16,,681203,5385516947
쓰리 썸머 나잇,,,2015-07-15,,62162,497276346
다크 플레이스,,,2015-07-15,,51192,414500354
암살,,,2015-07-22,,12679383,98268589081
극장판 요괴워치: 탄생의 비밀이다냥!,,,2015-07-22,,532699,3760122100
미션 임파서블: 로그네이션,,,2015-07-30,,6117472,48475649507
미니언즈,,,2015-07-29,,2582937,18684093678
고녀석 맛나겠다2 : 함께라서 행복해,,,2015-07-29,,47079,328756800
베테랑,,,2015-08-05,,13397762,105058481650
명탐정 코난 : 화염의 해바라기,,,2015-08-05,,414680,2894683600
아마조니아,,,2015-08-05,,17319,125853000
"협녀, 칼의 기억",,,2015-08-13,,415016,3238938889
미쓰 와이프,,,2015-08-13,,973822,7303443666
숀더쉽,,,2015-08-13,,60188,436218300
뷰티 인사이드,,,2015-08-20,,2039642,16045075631
판타스틱 4,,,2015-08-20,,392325,2973845000
퇴마: 무녀굴,,,2015-08-20,,90057,719331000
치외법권,,,2015-08-27,,339763,2617960705
아메리칸 울트라,,,2015-08-27,,123541,1010683095
앤트맨,,,2015-09-03,,2838917,23508796837
오피스,,,2015-09-03,,423925,3330114630
갤로우즈,,,2015-09-03,,87647,677551806
히트맨: 에이전트 47,,,2015-09-03,,44917,356731600
함정,,,2015-09-10,,252429,2048060900
셀프/리스,,,2015-09-10,,110077,866331764
스트레이트 아웃 오브 컴턴,,,2015-09-10,,26255,224148400
사도,,,2015-09-16,,6229050,48720690101
메이즈 러너: 스코치 트라이얼,,,2015-09-16,,2721287,21426614749
극장판 도라에몽 : 진구의 우주영웅기~스페이스 히어로즈~,,,2015-09-17,,49952,359113500
탐정 : 더 비기닝,,,2015-09-24,,2618883,20417769573
인턴,,,2015-09-24,,3602931,28462910148
서부전선,,,2015-09-24,,604384,4721155400
에베레스트,,,2015-09-24,,315823,2920003748
뮨: 달의 요정,,,2015-09-24,,291260,2134654900
더 매직: 리틀톰과 도둑공주,,,2015-09-24,,77789,573245000
마션,,,2015-10-08,,4872780,39605944295
성난 변호사,,,2015-10-08,,1124137,8695004139
팬,,,2015-10-08,,180105,1383363192
트랜스포터: 리퓰드,,,2015-10-15,,158174,1241478915
더 비지트,,,2015-10-15,,38395,299883881
비밀,,,2015-10-15,,37750,282541100
아델라인 : 멈춰진 시간,,,2015-10-15,,38771,299944519
더 폰,,,2015-10-22,,1590883,12289697568
특종: 량첸살인기,,,2015-10-22,,584474,4515042518
돌연변이,,,2015-10-22,,96374,721395384
그놈이다,,,2015-10-28,,1031496,7994624952
하늘을 걷는 남자,,,2015-10-28,,227616,2176598753
맨 프롬 UNCLE,,,2015-10-28,,78767,618089753
미안해 사랑해 고마워,,,2015-10-28,,36065,258745500
검은 사제들,,,2015-11-05,,5437772,42374476592
스파이 브릿지,,,2015-11-05,,261428,2025486478
더 셰프,,,2015-11-05,,177275,1413396848
아더와 미니모이 3: 두 세계의 전쟁,,,2015-11-05,,38915,284045200
007 스펙터,,,2015-11-11,,1778136,13977002030
개구리왕국,,,2015-11-12,,42548,297461000
내부자들,,,2015-11-19,,7068121,56573537557
헝거게임: 더 파이널,,,2015-11-18,,766613,5774594963
프리덤,,,2015-11-19,,35221,258880300
열정같은소리하고있네,,,2015-11-25,,639549,4660029802
도리화가,,,2015-11-25,,300719,2140499839
괴물의 아이,,,2015-11-25,,173321,1290028816
극장판 파워레인저 트레인포스 VS 다이노포스 THE MOVIE,,,2015-11-26,,50147,369865400
크림슨 피크,,,2015-11-25,,31888,260040800
하트 오브 더 씨,,,2015-12-03,,806723,6758271223
극적인 하룻밤,,,2015-12-03,,319883,2602969929
사우스포,,,2015-12-03,,64836,506117748
시카리오: 암살자의 도시,,,2015-12-03,,109086,881995452
뽀로로 극장판 컴퓨터 왕국 대모험,,,2015-12-10,,357364,2654128400
레전드,,,2015-12-10,,178154,1423549930
보루토 - 나루토 더 무비,,,2015-12-10,,59715,443832200
파더 앤 도터,,,2015-12-10,,46792,363993200
히말라야,,,2015-12-16,,7725579,59912805715
스타워즈: 깨어난 포스,,,2015-12-17,,3232797,28010879831
대호,,,2015-12-16,,1713936,13138733332
몬스터 호텔 2,,,2015-12-24,,1453449,10649169276
어린왕자,,,2015-12-23,,522232,3921659027
포켓몬 더 무비 XY 후파: 광륜의 초마신,,,2015-12-23,,165058,1187585200
스누피: 더 피너츠 무비,,,2015-12-24,,117886,917790500
내부자들: 디 오리지널,,,2015-12-31,,2070126,16860243775
셜록: 유령신부,,,2016-01-02,,1261077,9859391249
조선마술사,,,2015-12-30,,612700,4534596127
라스트 위치 헌터,,,2015-12-30,,105596,809194800
굿 다이노,,,2016-01-07,,1321866,9709680738
나를 잊지 말아요,,,2016-01-07,,414345,3317335200
포인트 브레이크,,,2016-01-07,,279450,2211233851
짱구는 못말려 극장판: 나의 이사 이야기 선인장 대습격,,,2016-01-07,,169822,1236772900
레버넌트: 죽음에서 돌아온 자,,,2016-01-14,,1946981,15613976730
그날의 분위기,,,2016-01-14,,644822,5086492612
구스범스,,,2016-01-14,,285903,2139368412
오빠생각,,,2016-01-21,,1060103,7995444887
빅쇼트,,,2016-01-21,,399739,3228478307
극장판 꼬마버스 타요의 에이스 구출작전,,,2016-01-21,,109815,737752900
스티브 잡스,,,2016-01-21,,42317,336402107
쿵푸팬더3,,,2016-01-28,,3898675,30722547056
"로봇, 소리",,,2016-01-27,,466462,3451563960
검사외전,,,2016-02-03,,9664799,76993070464
앨빈과 슈퍼밴드: 악동 어드벤처,,,2016-02-04,,267023,1951230800
캐롤,,,2016-02-04,,350195,2883099385
최강전사 미니특공대: 영웅의 탄생,,,2016-02-04,,109324,823586500
극장판 아이엠스타 : 꿈의 오디션!,,,2016-02-11,,129907,963904500
데드풀,,,2016-02-17,,3303561,27487391251
번개맨,,,2016-02-11,,53366,406290100
좋아해줘,,,2016-02-17,,835704,6478054037
주토피아,,,2016-02-17,,4695025,37017403642
동주,,,2016-02-17,,1138753,8652077089
대니쉬 걸,,,2016-02-17,,53132,432813984
빌리와 용감한 녀석들: 치킨 히어로,,,2016-02-17,,22234,154614700
귀향,,,2016-02-24,,3571853,27145132890
순정,,,2016-02-24,,182958,1307814933
남과 여,,,2016-02-25,,192070,1561281633
스포트라이트,,,2016-02-24,,269287,2157980087
제 5침공,,,2016-02-25,,87122,670085400
갓 오브 이집트,,,2016-03-03,,918591,7612161124
13시간,,,2016-03-03,,138624,1112921814
런던 해즈 폴른,,,2016-03-10,,707068,5722999979
널 기다리며,,,2016-03-10,,622268,5136654136
조이,,,2016-03-10,,158926,1278053400
오 마이 그랜파,,,2016-03-17,,56754,462892632
부활,,,2016-03-17,,155828,1101515800
배트맨 대 슈퍼맨: 저스티스의 시작,,,2016-03-24,,2240135,18772638828
글로리데이,,,2016-03-24,,172805,1360369368
일사각오,,,2016-03-17,,38359,286797300
대배우,,,2016-03-30,,165401,1216534228
미스컨덕트,,,2016-03-30,,145561,1111911938
포레스트: 죽음의 숲,,,2016-03-30,,40136,311120862
나의 그리스식 웨딩 2,,,2016-03-30,,29922,226457300
마음이 외치고 싶어해,,,2016-03-30,,32635,264556000
"날, 보러와요",,,2016-04-07,,1051559,8744297090
클로버필드 10번지,,,2016-04-07,,353969,2899583255
독수리 에디,,,2016-04-07,,211713,1688409420
트럼보,,,2016-04-07,,33339,262205800
비포 선라이즈,,,1996-03-30,,21832,180057900
시간이탈자,,,2016-04-13,,1191587,9649606695
헌츠맨: 윈터스 워,,,2016-04-13,,440739,3521920206
해어화,,,2016-04-13,,477636,3718412759
인생은 아름다워,,,1999-03-06,,144459,1011774100
극장판 프랭키와 친구들: 생명의 나무,,,2016-04-13,,28654,225958700
위대한 소원,,,2016-04-21,,304044,2413501013
파라노말 액티비티: 더 고스트 디멘션,,,2016-04-21,,45091,376898800
트리플 9,,,2016-04-20,,39613,309673300
캡틴 아메리카: 시빌 워,,,2016-04-27,,8650500,72462267727
냉정과 열정사이,,,2003-10-10,,38139,307308500
시크릿 인 데어 아이즈,,,2016-04-27,,15633,118847400
탐정 홍길동: 사라진 마을,,,2016-05-04,,1424041,11468466145
극장판 안녕 자두야,,,2016-05-04,,263869,2015696000
매직브러시,,,2016-05-04,,166678,1260054200
다이노소어 어드벤처 : 백악기 공룡대백과,,,2016-05-04,,106928,818818700
다이노X 탐험대,,,2016-05-04,,75546,586758100
곡성,,,2016-05-12,,6853336,55649423282
다이버전트 시리즈: 얼리전트,,,2016-05-12,,100714,798248545
엽기적인 그녀 2,,,2016-05-12,,72027,558560400
나의 소녀시대,,,2016-05-12,,394229,3219586500
앵그리버드 더 무비,,,2016-05-19,,660632,5066740444
계춘할망,,,2016-05-19,,449358,3381729248
싱 스트리트,,,2016-05-19,,525529,4254166172
하드코어 헨리,,,2016-05-19,,37827,331553756
엑스맨: 아포칼립스,,,2016-05-25,,2930866,24405393150
오베라는 남자,,,2016-05-25,,44179,353429888
동급생,,,2016-05-19,,19788,143589500
아가씨,,,2016-06-01,,4215263,34642383891
미 비포 유,,,2016-06-01,,870278,7068341790
무서운 이야기 3 : 화성에서 온 소녀,,,2016-06-01,,70661,567227700
더 보이,,,2016-06-01,,38814,310636900
정글북,,,2016-06-09,,2530983,21469326234
워크래프트: 전쟁의 서막,,,2016-06-09,,1144051,9994848705
컨저링 2,,,2016-06-09,,1924313,15726315629
특별수사: 사형수의 편지,,,2016-06-16,,1198197,9596254265
닌자터틀 : 어둠의 히어로,,,2016-06-16,,178591,1487683000
본 투 비 블루,,,2016-06-09,,49161,419682700
인디펜던스 데이 : 리써전스,,,2016-06-22,,1488492,12679249940
비밀은 없다,,,2016-06-23,,193706,1599899339
크리미널,,,2016-06-22,,74159,603314681
굿바이 싱글,,,2016-06-29,,2103766,16880145895
레전드 오브 타잔,,,2016-06-29,,854460,7168051117
사냥,,,2016-06-29,,637081,4847135715
봉이 김선달,,,2016-07-06,,2043660,16179594942
도리를 찾아서,,,2016-07-06,,2564991,20439352233
나우 유 씨 미 2,,,2016-07-13,,3096296,25086637413
부산행,,,2016-07-20,,11531866,92914170048
언더 워터,,,2016-07-13,,382478,3095164591
트릭,,,2016-07-13,,30622,239293500
데몰리션,,,2016-07-13,,25229,207950121
아이스 에이지: 지구 대충돌,,,2016-07-20,,547390,4049289100
극장판 요괴워치: 염라대왕과 5개의 이야기다냥!,,,2016-07-20,,265728,2005984380
나의 산티아고,,,2016-07-14,,36786,288217700
BIFAN2016 판타스틱 단편 걸작선 1,,, ,,21500,129000000
인천상륙작전,,,2016-07-27,,7033357,54993437503
제이슨 본,,,2016-07-27,,2539270,20657824563
빅,,,2016-07-27,,115083,858616060
덕혜옹주,,,2016-08-03,,5568667,44154714009
수어사이드 스쿼드,,,2016-08-03,,1882718,15750215888
마이펫의 이중생활,,,2016-08-03,,2514105,19359039355
명탐정 코난: 순흑의 악몽,,,2016-08-03,,459210,3393969900
터널,,,2016-08-10,,7076050,57179520517
국가대표 2,,,2016-08-10,,645363,5025995742
슈퍼 프렌즈,,,2016-08-10,,56102,429475700
스타트렉 비욘드,,,2016-08-17,,1127332,9951795920
서울역,,,2016-08-17,,121578,967143500
마이 리틀 자이언트,,,2016-08-10,,100675,795867000
라이트 아웃,,,2016-08-24,,1081038,8652171775
고스트버스터즈,,,2016-08-25,,479470,3827006375
플로렌스,,,2016-08-24,,89966,710449600
올레,,,2016-08-25,,50358,405224400
메카닉: 리크루트,,,2016-08-31,,516530,4169110500
이퀄스,,,2016-08-31,,56266,425086300
밀정,,,2016-09-07,,7458824,60973761431
"고산자, 대동여지도",,,2016-09-07,,949563,7637324058
거울나라의 앨리스,,,2016-09-07,,502798,4072112367
달빛궁궐,,,2016-09-07,,138081,1047417000
장난감이 살아있다,,,2016-09-07,,131232,1026616000
로빈슨 크루소,,,2016-09-07,,114860,885628900
벤허,,,2016-09-14,,1388980,11333530995
매그니피센트 7,,,2016-09-14,,918835,7614973421
드림 쏭,,,2016-09-14,,204625,1612654000
아이엠스타 뮤직어워드,,,2016-09-14,,61382,417672800
아이 엠 어 히어로,,,2016-09-21,,201145,1712295000
브리짓 존스의 베이비,,,2016-09-28,,803928,6547882674
설리: 허드슨강의 기적,,,2016-09-28,,607841,5096553654
카페 소사이어티,,,2016-09-14,,94240,790550638
아수라,,,2016-09-28,,2577172,20457659662
미스 페레그린과 이상한 아이들의 집,,,2016-09-28,,2705153,21739035886
피터와 드래곤,,,2016-09-28,,88276,707852100
맨 인 더 다크,,,2016-10-05,,986332,8342437272
럭키,,,2016-10-13,,6969184,56402083256
죽여주는 여자,,,2016-10-06,,83937,623939000
바스티유 데이,,,2016-10-13,,93632,745548100
어카운턴트,,,2016-10-13,,67709,536050928
자백,,,2016-10-13,,108802,853383200
인페르노,,,2016-10-19,,675249,5547604303
걷기왕,,,2016-10-20,,82266,629010075
닥터 스트레인지,,,2016-10-26,,5436233,47403207196
혼숨,,,2016-10-26,,273028,2142233921
"무현, 두 도시 이야기",,,2016-10-26,,174356,1371982900
쿠보와 전설의 악기,,,2016-10-26,,16254,111273883
로스트 인 더스트,,,2016-11-03,,74630,584393322
선생님의 일기,,,2016-11-02,,51217,345194700
극장판 파워레인저: 닌자포스 VS 트레인포스 닌자 인 원더랜드,,,2016-11-03,,60786,476388700
무한대를 본 남자,,,2016-11-03,,23069,182936654
스플릿,,,2016-11-09,,746692,6020588339
위자: 저주의 시작,,,2016-11-09,,313861,2503223106
감바의 대모험,,,2016-11-10,,91968,698976000
세상에서 고양이가 사라진다면,,,2016-11-09,,48438,332846300
신비한 동물사전,,,2016-11-16,,4652626,39224573258
가려진 시간,,,2016-11-16,,506877,3920911900
하이큐!! 끝과 시작,,,2016-11-16,,49187,355832500
카페 6,,,2016-11-16,,20906,141095600
형,,,2016-11-23,,2975602,23086833893
블레어 위치,,,2016-11-23,,38525,309986100
리틀메딕: 몸속탐험대,,,2016-11-24,,62799,489328900
미스 사이공 : 25주년 특별 공연,,,2016-11-24,,33104,639706600
미씽: 사라진 여자,,,2016-11-30,,1139535,8783413956
잭 리처: 네버 고 백,,,2016-11-30,,591883,4497158958
언더월드: 블러드 워,,,2016-11-30,,71088,560193700
두 남자,,,2016-11-30,,49954,383746721
판도라,,,2016-12-07,,4545686,35802263464
라라랜드,,,2016-12-07,,3748316,30917206808
아기배달부 스토크,,,2016-12-07,,319473,2417357900
원피스 필름 골드,,,2016-12-08,,205900,1630319800
"당신, 거기 있어줄래요",,,2016-12-14,,1143445,9165307248
목숨 건 연애,,,2016-12-14,,37650,284751000
스노우타임,,,2016-12-15,,21676,164013200
마스터,,,2016-12-21,,7133595,57946651365
씽,,,2016-12-21,,1710057,13122174189
포켓몬 더 무비 XY&Z 「볼케니온 : 기계왕국의 비밀」,,,2016-12-22,,238452,1821568800
극장판 도라에몽: 신 진구의 버스 오브 재팬,,,2016-12-21,,43229,337881900
로그 원: 스타워즈 스토리,,,2016-12-28,,979088,8693148594
루돌프와 많이있어,,,2016-12-28,,119420,926773600
너의 이름은.,,,2017-01-04,,3907409,31750906211
하이큐!! 승자와 패자,,,2016-12-28,,22733,160576500
패신저스,,,2017-01-04,,654883,5368943318
눈의 여왕 3: 눈과 불의 마법대결,,,2017-01-04,,346092,2567049200
사랑하기 때문에,,,2017-01-04,,329548,2596789740
여교사,,,2017-01-04,,86439,718495760
모아나,,,2017-01-12,,2264365,17710081507
얼라이드,,,2017-01-11,,499678,4117861079
어쌔신 크리드,,,2017-01-11,,352139,2871166721
더 킹,,,2017-01-18,,5271641,43152675735
공조,,,2017-01-18,,7796328,63621717026
터닝메카드W: 블랙미러의 부활,,,2017-01-18,,422855,3164075300
반지의 제왕 : 두개의 탑 (확장판),,,2017-01-18,,20174,257843500
레지던트 이블: 파멸의 날,,,2017-01-25,,708002,5969029265
딥워터 호라이즌,,,2017-01-25,,68381,531162743
짱구는 못말려 극장판: 폭풍수면! 꿈꾸는 세계 대돌격,,,2017-01-25,,116961,890251200
컨택트,,,2017-02-02,,648652,5360340791
라이언,,,2017-02-01,,59439,476148900
조작된 도시,,,2017-02-09,,2492389,19979706387
트리플 엑스 리턴즈,,,2017-02-08,,465273,3892085595
50가지 그림자: 심연,,,2017-02-09,,173351,1457114300
발레리나,,,2017-02-09,,157498,1186421300
명탐정 코난: 에피소드 원-작아진 명탐정,,,2017-02-08,,81707,641814600
레고 배트맨 무비,,,2017-02-09,,105962,858695005
재심,,,2017-02-15,,2415253,19227864637
그레이트 월,,,2017-02-15,,488683,4265161858
트롤,,,2017-02-16,,669262,4963625800
더 큐어,,,2017-02-15,,126456,1066663300
마이펫 오지,,,2017-02-16,,63703,484126450
23 아이덴티티,,,2017-02-22,,1673890,13595005635
싱글라이더,,,2017-02-22,,338663,2592571721
존 윅 - 리로드,,,2017-02-22,,247687,2017288600
핵소 고지,,,2017-02-22,,121682,933424000
루시드 드림,,,2017-02-22,,85247,634084700
로건,,,2017-03-01,,2155751,18287659823
해빙,,,2017-03-01,,1197869,9854927322
눈길,,,2017-03-01,,118820,899737200
문라이트,,,2017-02-22,,141070,1138702995
콩: 스컬 아일랜드,,,2017-03-08,,1688976,13985192883
파도가 지나간 자리,,,2017-03-08,,68026,533261100
미녀와 야수,,,2017-03-16,,5152434,42227481639
비정규직 특수요원,,,2017-03-16,,146802,1127444200
스페이스 비트윈 어스,,,2017-03-16,,22200,173597361
프리즌,,,2017-03-23,,2920530,23707433787
보통사람,,,2017-03-23,,366697,2839343823
히든 피겨스,,,2017-03-23,,428291,3420399933
밤의 해변에서 혼자,,,2017-03-23,,40725,314676800
극장판 암살교실 : 365일의 시간,,,2017-03-23,,18560,138380500
공각기동대 : 고스트 인 더 쉘,,,2017-03-29,,757594,6237934884
원라인,,,2017-03-29,,430116,3290877933
데스노트: 더 뉴 월드,,,2017-03-29,,22822,175410963
미스 슬로운,,,2017-03-29,,22194,173477500
라이프,,,2017-04-05,,457539,3774163310
어느날,,,2017-04-05,,220707,1748062882
시간위의 집,,,2017-04-05,,125702,996676800
패트리어트 데이,,,2017-04-06,,58122,468198618
슈퍼 버드,,,2017-04-06,,18039,135091800
분노의 질주: 더 익스트림,,,2017-04-12,,3645767,29925352048
아빠는 딸,,,2017-04-12,,629652,4932670495
파워레인져스: 더 비기닝,,,2017-04-20,,62029,493400961
오두막,,,2017-04-20,,49328,375182500
파운더,,,2017-04-20,,19866,161891100
특별시민,,,2017-04-26,,1334084,10293045945
임금님의 사건수첩,,,2017-04-26,,1631220,12632234223
스머프: 비밀의 숲,,,2017-04-28,,420615,3077623600
극장판 또봇: 로봇군단의 습격,,,2017-04-27,,128099,985736600
"서서평, 천천히 평온하게",,,2017-04-26,,40346,300361300
극장판 쿠로코의 농구 라스트 게임,,,2017-04-27,,14730,112320000
가디언즈 오브 갤럭시 VOL. 2,,,2017-05-03,,2722323,23350962286
보안관,,,2017-05-03,,2575570,20759142509
보스 베이비,,,2017-05-03,,2432721,18800497204
슈퍼 빼꼼: 스파이 대작전,,,2017-05-03,,77067,557076200
에이리언: 커버넌트,,,2017-05-09,,1296444,10662276364
석조저택 살인사건,,,2017-05-09,,346044,2772559986
목소리의 형태,,,2017-05-09,,258840,2038696914
킹 아서: 제왕의 검,,,2017-05-17,,408198,3321508455
겟 아웃,,,2017-05-17,,2105869,17184295075
불한당: 나쁜 놈들의 세상,,,2017-05-17,,908271,7336751625
캐리비안의 해적: 죽은 자는 말이 없다,,,2017-05-24,,3039593,24893975922
노무현입니다,,,2017-05-25,,1842323,14470366712
너와 100번째 사랑,,,2017-05-25,,59146,467754300
원더 우먼,,,2017-05-31,,2141574,17291842186
대립군,,,2017-05-31,,815757,6171673502
베이블레이드 버스트 갓 : 갓 발키리의 탄생,,,2017-06-01,,103135,779437900
7번째 내가 죽던 날,,,2017-05-31,,25947,198539500
미이라,,,2017-06-06,,3678083,30434691978
악녀,,,2017-06-08,,1192888,9630308344
바다 탐험대 옥토넛 시즌4: 더 파이널,,,2017-06-01,,61644,401670500
하루,,,2017-06-15,,1127764,9060589342
나의 붉은고래,,,2017-06-15,,45432,353957500
꼬마참새 리차드: 아프리카 원정대,,,2017-06-15,,33477,254345600
꼬마돼지 베이브의 대모험,,,2017-06-15,,21755,158275700
트랜스포머: 최후의 기사,,,2017-06-21,,2607123,21447319228
더 서클,,,2017-06-22,,68616,559162900
다크 하우스,,,2017-06-22,,28965,239245000
언더더씨,,,2017-06-22,,22351,173810300
박열,,,2017-06-28,,2338871,17962255495
리얼,,,2017-06-28,,448430,3229013230
옥자,,,2017-06-29,,268452,2034564900
지랄발광 17세,,,2017-06-28,,71400,565169100
스파이더맨: 홈 커밍,,,2017-07-05,,7240766,58990707420
헤드윅,,,2002-08-09,,31740,246984131
카3: 새로운 도전,,,2017-07-13,,472712,3496069301
플립,,,2017-07-12,,349297,2776949100
내 사랑,,,2017-07-12,,253540,1898116925
예수는 역사다,,,2017-07-13,,135885,974834300
택시운전사,,,2017-08-02,,12176753,95786348149
덩케르크,,,2017-07-20,,2804045,24687472348
47 미터,,,2017-07-19,,572901,4559567257
극장판 짱구는 못말려 : 습격!! 외계인 덩덩이,,,2017-07-20,,316654,2300546700
오즈: 신기한 마법가루,,,2017-07-20,,54998,409389500
군함도,,,2017-07-26,,6554420,50291706468
슈퍼배드 3,,,2017-07-26,,3307911,24098141119
명탐정 코난:진홍의 연가,,,2017-08-02,,414156,3003959900
이모티: 더 무비,,,2017-08-02,,28250,207360400
청년경찰,,,2017-08-09,,5638636,44274279516
애나벨 : 인형의 주인,,,2017-08-10,,1897937,15238014464
빅풋 주니어,,,2017-08-09,,300223,2117540100
극장판 도라에몽: 진구의 남극 꽁꽁 대모험,,,2017-08-10,,153618,1093987100
파리로 가는 길,,,2017-08-03,,53208,422704900
혹성탈출: 종의 전쟁,,,2017-08-15,,2036947,16746601378
장산범,,,2017-08-17,,1286804,10193613283
공범자들,,,2017-08-17,,206599,1634900300
브이아이피,,,2017-08-23,,1364953,10899698535
다크타워: 희망의 탑,,,2017-08-23,,80298,637303875
킬러의 보디가드,,,2017-08-30,,1709712,13949327800
발레리안: 천 개 행성의 도시,,,2017-08-30,,491321,3899422008
아토믹 블론드,,,2017-08-30,,150895,1144267058
로마의 휴일,,,2017-08-30,,111457,829113076
살인자의 기억법,,,2017-09-06,,2622858,21109814192
그것,,,2017-09-06,,872909,7211516107
극장판 에그엔젤 코코밍: 푸르밍과 두근두근 코코밍 세계,,,2017-09-07,,120878,930665600
저수지 게임,,,2017-09-07,,93661,744320200
베이비 드라이버,,,2017-09-14,,801579,6533886214
아메리칸 메이드,,,2017-09-14,,385861,3065282145
몬스터 콜,,,2017-09-14,,75100,592161000
아이 캔 스피크,,,2017-09-21,,3258260,25403581386
인비저블 게스트,,,2017-09-21,,81574,656899100
잃어버린 도시 Z,,,2017-09-21,,35565,280893440
킹스맨: 골든 서클,,,2017-09-27,,4922079,40806477436
극장판 요괴워치: 하늘을 나는 고래와 더블세계다냥!,,,2017-09-27,,211374,1554200800
레고 닌자고 무비,,,2017-09-28,,143354,1062048800
김광석,,,2017-08-30,,82945,654930100
남한산성,,,2017-10-03,,3826223,31068730392
범죄도시,,,2017-10-03,,6861910,56179790849
넛잡 2,,,2017-10-03,,356706,2679229700
딥,,,2017-10-03,,218429,1691513300
리틀 프린세스 소피아 : 신비한 섬,,,2017-09-28,,50611,358013000
희생부활자,,,2017-10-12,,317745,2479370935
블레이드 러너 2049,,,2017-10-12,,301404,2606117465
"나는 내일, 어제의 너와 만난다",,,2017-10-12,,157991,1234214100
지오스톰,,,2017-10-19,,1025322,8460735614
대장 김창수,,,2017-10-19,,377071,2851892115
노 게임 노 라이프 -제로-,,,2017-10-19,,62123,512810000
토르: 라그나로크,,,2017-10-25,,4823188,38989715995
너의 췌장을 먹고 싶어,,,2017-10-25,,502477,4003057370
뷰티풀 투모로우,,,2017-10-26,,43715,382773900
부라더,,,2017-11-02,,1485834,11741448298
침묵,,,2017-11-02,,468934,3744410064
직쏘,,,2017-11-02,,76656,678366700
해피 데스데이,,,2017-11-08,,1372121,10927898602
미옥,,,2017-11-09,,236016,1880056664
채비,,,2017-11-09,,156825,1135032164
러빙 빈센트,,,2017-11-09,,325276,2585053261
극장판 파워레인저: 애니멀포스 VS 닌자포스 미래에서 온 메시지 ,,,2017-11-09,,40711,312975600
저스티스 리그,,,2017-11-15,,1754580,14391184295
7호실,,,2017-11-15,,334220,2581916639
꾼,,,2017-11-22,,3992574,31130276495
래빗 스쿨,,,2017-11-23,,50578,372958500
기억의 밤,,,2017-11-29,,1385195,10637399660
오리엔트 특급 살인,,,2017-11-29,,855662,6577776863
반드시 잡는다,,,2017-11-29,,445609,3320141772
뽀로로 극장판 공룡섬 대모험,,,2017-12-07,,812674,6140841300
메리와 마녀의 꽃,,,2017-12-07,,527015,4004981539
어쌔신: 더 비기닝,,,2017-12-07,,200817,1554788600
강철비,,,2017-12-14,,4436231,35370557666
스타워즈: 라스트 제다이,,,2017-12-14,,946547,8535886061
극장판 숲의 요정 페어리루 ~크리스마스의 기적: 마법의 날개~,,,2017-12-14,,40142,311518900
신과함께-죄와 벌,,,2017-12-20,,14398110,115602220137
위대한 쇼맨,,,2017-12-20,,1721355,13536013685
극장판 포켓몬스터 너로 정했다!,,,2017-12-21,,498530,3735795500
몬스터 패밀리,,,2017-12-21,,394152,2917373200
더 크리스마스,,,2017-12-21,,31468,231193900
1987,,,2017-12-27,,7218231,58074931145
원더,,,2017-12-27,,204774,1604088045
극장판 프리파라 모두의 동경♪ 렛츠고☆프리파리,,,2017-12-28,,36450,279848900
쥬만지: 새로운 세계,,,2018-01-03,,1684650,13636619864
페르디난드,,,2018-01-03,,523246,3787134300
코코,,,2018-01-11,,3488960,27543458340
다운사이징,,,2018-01-11,,148814,1226029104
"쏘아올린 불꽃, 밑에서 볼까? 옆에서 볼까?",,,2018-01-11,,22051,172098400
메이즈 러너: 데스 큐어,,,2018-01-17,,2285434,18791720504
그것만이 내 세상,,,2018-01-17,,3368262,27104676782
커뮤터,,,2018-01-24,,277445,2228060955
1급기밀,,,2018-01-24,,164380,1333325500
비밥바룰라,,,2018-01-24,,34470,245160900
극장판 레이디버그: 미라클스톤의 비밀,,,2018-01-25,,26133,197681200
염력,,,2018-01-31,,978127,7399043712
인시디어스4: 라스트 키,,,2018-01-31,,550239,4271450364
12 솔져스,,,2018-01-31,,205651,1694056000
마야2,,,2018-02-01,,55214,418505500
조선명탐정: 흡혈괴마의 비밀,,,2018-02-08,,2386716,19407392564
패딩턴 2,,,2018-02-08,,287876,2183782600
블랙 팬서,,,2018-02-14,,5376460,45710228657
골든슬럼버,,,2018-02-14,,1327592,10977885598
흥부: 글로 세상을 바꾼 자,,,2018-02-14,,404649,3300753200
명탐정 코난:감벽의 관,,,2018-02-14,,226287,1688201900
월요일이 사라졌다,,,2018-02-22,,872181,7235952000
셰이프 오브 워터: 사랑의 모양,,,2018-02-22,,476151,3966631000
50가지 그림자: 해방,,,2018-02-21,,191205,1644466700
궁합,,,2018-02-28,,1327441,10393302138
리틀 포레스트,,,2018-02-28,,1496204,11855826585
나미야 잡화점의 기적,,,2018-02-28,,157331,1192152185
레드 스패로,,,2018-02-28,,81330,651948700
게이트,,,2018-02-28,,75432,622442500
더 포스트,,,2018-02-28,,111760,885763000
사라진 밤,,,2018-03-07,,1314308,10688022116
툼레이더,,,2018-03-08,,516045,4316565662
온리 더 브레이브,,,2018-03-07,,40003,318981400
플로리다 프로젝트,,,2018-03-07,,41099,348503500
지금 만나러 갑니다,,,2018-03-14,,2586440,20679703228
치즈인더트랩,,,2018-03-14,,220587,1827732900
허리케인 하이스트,,,2018-03-14,,209225,1691528348
쓰리 빌보드,,,2018-03-15,,76440,634737900
퍼시픽 림: 업라이징,,,2018-03-21,,1052386,8773420895
콜 미 바이 유어 네임,,,2018-03-22,,218745,1843066608
곤지암,,,2018-03-28,,2662377,21332218044
미니특공대X,,,2018-03-22,,83232,623864700
레디 플레이어 원,,,2018-03-28,,2246322,19855491271
7년의 밤,,,2018-03-28,,513356,3870290924
소공녀,,,2018-03-22,,42346,337395400
바람 바람 바람,,,2018-04-05,,1191776,9765772375
덕구,,,2018-04-05,,292804,2236629800
레이디 버드,,,2018-04-04,,77198,619673100
번개맨과 신비의 섬,,,2018-04-05,,36416,289381200
콰이어트 플레이스,,,2018-04-12,,502875,4379421249
램페이지,,,2018-04-12,,1372657,11852177696
"그날, 바다",,,2018-04-12,,534665,4404932400
머니백,,,2018-04-12,,40109,323300700
나를 기억해,,,2018-04-19,,138198,1209399692
정글번치: 최강 악당의 등장,,,2018-04-19,,31087,250587900
크리미널 스쿼드,,,2018-04-19,,21562,181371900
어벤져스: 인피니티 워,,,2018-04-25,,11176953,99561715869
살인소설,,,2018-04-25,,38368,307112800
당갈,,,2018-04-25,,97632,816118300
레오나르도 다 빈치,,,2018-04-26,,51218,404465200
챔피언,,,2018-05-01,,1117539,9395967630
얼리맨,,,2018-05-03,,116005,893337600
커다랗고 커다랗고 커다란 배,,,2018-05-03,,89577,710580300
매직빈,,,2018-05-03,,53877,414087200
레슬러,,,2018-05-09,,765736,6445198957
원더스트럭,,,2018-05-03,,13987,120709200
루비 스팍스,,,2018-05-10,,18699,169621400
"부르고뉴, 와인에서 찾은 인생",,,2018-05-03,,37969,331771600
데드풀 2,,,2018-05-16,,3777696,34125325739
버닝,,,2018-05-17,,521670,4659495298
피터 래빗,,,2018-05-16,,364637,2822840800
"안녕, 나의 소녀",,,2018-05-16,,106529,830474454
마징가 Z: 인피니티,,,2018-05-17,,13924,114448300
독전,,,2018-05-22,,5053105,43399545713
트루스 오어 데어,,,2018-05-22,,309313,2633870200
한 솔로: 스타워즈 스토리,,,2018-05-24,,202950,1869517778
위 베어 베어스: 베이비 베어스,,,2018-05-24,,13114,104402000
데자뷰,,,2018-05-30,,41906,313168400
"스탠바이, 웬디",,,2018-05-30,,30268,238191880
쥬라기 월드: 폴른 킹덤,,,2018-06-06,,5644952,49639030437
극장판 포켓몬스터DP - 디아루가 VS 펄기아 VS 다크라이,,,2018-06-06,,173368,1312260300
아이 필 프리티,,,2018-06-06,,213596,1899465800
유전,,,2018-06-07,,167760,1483937625
벅스 프렌즈,,,2018-06-06,,27390,218642300
탐정: 리턴즈,,,2018-06-13,,3132986,26765465278
오션스8,,,2018-06-13,,1326792,11624774066
허스토리,,,2018-06-27,,310759,2342806449
토니스토리2: 고철왕국의 친구들,,,2018-06-13,,12415,95172200
미드나잇 선,,,2018-06-21,,306647,2535274400
여중생A,,,2018-06-20,,88662,739574100
아일라,,,2018-06-21,,23712,189865600
마녀,,,2018-06-27,,3188405,27236581063
시카리오: 데이 오브 솔다도,,,2018-06-27,,208131,1757824300
빅샤크: 매직체인지,,,2018-06-27,,124908,929933000
앤트맨과 와스프,,,2018-07-04,,5444801,47441368985
변산,,,2018-07-04,,480256,3947209073
스카이스크래퍼,,,2018-07-11,,999978,8590307518
속닥속닥,,,2018-07-13,,212507,1862517500
"오늘 밤, 로맨스 극장에서",,,2018-07-11,,24419,210818300
인크레더블 2,,,2018-07-18,,2998015,24278651388
독전: 익스텐디드 컷,,,2018-07-18,,136885,839082100
호텔 아르테미스,,,2018-07-18,,64950,547703500
신은 죽지 않았다 3: 어둠 속의 빛,,,2018-07-19,,63047,499708600
미션 임파서블: 폴아웃,,,2018-07-25,,6567099,55742105462
인랑,,,2018-07-25,,891308,6952808573
신비아파트: 금빛 도깨비와 비밀의 동굴,,,2018-07-25,,667879,4925114100
어느 가족,,,2018-07-26,,123887,1040666600
신과함께-인과 연,,,2018-08-01,,12264813,102587987709
극장판 헬로카봇 : 백악기 시대,,,2018-08-01,,854230,6406152000
맘마미아!2,,,2018-08-08,,2280120,19498125253
공작,,,2018-08-08,,4968325,42748555526
몬스터 호텔 3,,,2018-08-08,,1023630,7571342900
명탐정 코난 : 제로의 집행인,,,2018-08-08,,377257,2866475800
목격자,,,2018-08-15,,2512159,21635671397
메가로돈,,,2018-08-15,,515536,4421350497
극장판 도라에몽: 진구의 보물섬,,,2018-08-15,,138640,1054152400
너의 결혼식,,,2018-08-22,,2812226,23606222819
나를 차버린 스파이,,,2018-08-22,,258016,2286058500
마일22,,,2018-08-23,,51350,457414300
서치,,,2018-08-29,,2944333,25237568395
상류사회,,,2018-08-29,,760945,6254721463
업그레이드,,,2018-09-06,,178153,1641312300
어드리프트:우리가 함께한 바다,,,2018-09-06,,41977,346520418
물괴,,,2018-09-12,,702096,5930676554
더 프레데터,,,2018-09-12,,169814,1493618714
안시성,,,2018-09-19,,5413370,46159534276
명당,,,2018-09-19,,2066465,17757196874
협상,,,2018-09-19,,1953273,16963024316
더 넌,,,2018-09-19,,1007366,8743037545
극장판 요괴워치 섀도사이드: 도깨비왕의 부활,,,2018-09-20,,151054,1156057000
루이스,,,2018-09-20,,89501,706364450
원더풀 고스트,,,2018-09-26,,439910,3647539300
에그엔젤 코코밍: 두근두근 핼러윈 파티,,,2018-09-22,,42980,345766500
극장판 뽀잉: 슈퍼 변신의 비밀,,,2018-09-20,,35688,277155100
베놈,,,2018-10-03,,3851409,33835155107
암수살인,,,2018-10-03,,3777611,32916792648
곰돌이 푸 다시 만나 행복해,,,2018-10-03,,486038,4048878460
셜록 놈즈,,,2018-10-03,,83846,635301150
미쓰백,,,2018-10-11,,710780,5954309566
스타 이즈 본,,,2018-10-09,,519163,4401833580
다이노 어드벤처2: 육해공 공룡 대백과,,,2018-10-09,,34822,269492200
에브리데이,,,2018-10-11,,21620,195595300
퍼스트맨,,,2018-10-18,,630470,5806454689
배반의 장미,,,2018-10-18,,29890,251165850
펭귄 하이웨이,,,2018-10-18,,25631,208911000
액슬,,,2018-10-18,,12152,105174100
창궐,,,2018-10-25,,1588443,13194934490
크레이지 리치 아시안,,,2018-10-25,,147806,1278821141
해리포터와 마법사의 돌,,,2001-12-13,,330636,2972572510
완벽한 타인,,,2018-10-31,,5270621,44168998724
보헤미안 랩소디,,,2018-10-31,,9910706,85994783825
벽 속에 숨은 마법시계,,,2018-10-31,,211233,1629652800
할로윈,,,2018-10-31,,90492,738318013
동네사람들,,,2018-11-07,,445625,3707445912
바울,,,2018-10-31,,229837,1812908500
여곡성,,,2018-11-08,,55997,500277300
구스범스: 몬스터의 역습,,,2018-11-07,,21400,175567500
신비한 동물들과 그린델왈드의 범죄,,,2018-11-14,,2403686,20736646318
번 더 스테이지: 더 무비,,,2018-11-15,,298402,2533014600
성난황소,,,2018-11-22,,1567264,13046748087
출국,,,2018-11-14,,71407,568211850
너의 췌장을 먹고 싶어,,,2018-11-15,,48910,382540405
해피 투게더,,,2018-11-15,,15745,131818000
베일리 어게인,,,2018-11-22,,78439,674691900
툴리,,,2018-11-22,,24325,207640900
국가부도의 날,,,2018-11-28,,3723913,30658136987
후드,,,2018-11-28,,276658,2142023349
거미줄에 걸린 소녀,,,2018-11-28,,25172,200609650
투 프렌즈,,,2018-11-29,,20419,153100650
도어락,,,2018-12-05,,1546002,12682342036
호두까기 인형과 4개의 왕국,,,2018-12-06,,408425,3373284500
모털 엔진,,,2018-12-05,,262070,2283632469
런닝맨 : 풀룰루의 역습,,,2018-12-05,,180709,1378160850
스파이더맨: 뉴 유니버스,,,2018-12-12,,628327,5213784726
부탁 하나만 들어줘,,,2018-12-12,,87501,764048438
스윙키즈,,,2018-12-19,,1462873,12026471662
아쿠아맨,,,2018-12-19,,5019235,43960270904
마약왕,,,2018-12-19,,1787825,15575318452
그린치,,,2018-12-19,,543813,4129184050
극장판 짱구는 못말려: 아뵤! 쿵후 보이즈 ~라면 대란~,,,2018-12-19,,259753,2024729550
극장판 포켓몬스터 모두의 이야기,,,2018-12-19,,86997,677677750
범블비,,,2018-12-25,,1553491,13026874637
PMC: 더 벙커,,,2018-12-26,,1665200,13976452874
점박이 한반도의 공룡2 : 새로운 낙원,,,2018-12-25,,521053,4082991550
주먹왕 랄프 2: 인터넷 속으로,,,2019-01-03,,1754950,13890696553
언니,,,2019-01-01,,172338,1541639850
말모이,,,2019-01-09,,2848736,23866802370
내안의 그놈,,,2019-01-09,,1910802,16368484357
극장판 공룡메카드: 타이니소어의 섬,,,2019-01-10,,379569,2912790890
그린 북,,,2019-01-09,,409871,3475229481
글래스,,,2019-01-17,,452460,4152897522
언더독,,,2019-01-16,,176837,1365721920
미래의 미라이,,,2019-01-16,,77985,642752977
극한직업,,,2019-01-23,,16243231,139494525676
러브 유어셀프 인 서울,,,2019-01-26,,342366,3209682900
몬스터 파크,,,2019-01-23,,30571,226052140
뺑반,,,2019-01-30,,1821147,15179172708
드래곤 길들이기 3,,,2019-01-30,,1498759,12277016306
극장판 헬로카봇: 옴파로스 섬의 비밀,,,2019-01-31,,558144,4360476320
가버나움,,,2019-01-24,,87787,743239486
알리타: 배틀 엔젤,,,2019-02-05,,1946206,18521129207
레고 무비2,,,2019-02-06,,71030,558927960
증인,,,2019-02-13,,2519150,20365669721
해피 데스데이 2 유,,,2019-02-14,,392397,3277406870
기묘한 가족,,,2019-02-13,,216254,1758999795
메리 포핀스 리턴즈,,,2019-02-14,,199519,1627896230
명탐정 코난:전율의 악보,,,2019-02-14,,83376,643364000
사바하,,,2019-02-20,,2389760,19942028034
신데렐라:마법 반지의 비밀,,,2019-02-20,,281705,2090550630
해리포터와 비밀의 방,,,2002-12-13,,79301,695995000
콜드 체이싱,,,2019-02-20,,78303,645085987
항거:유관순 이야기,,,2019-02-27,,1143977,9207942851
자전차왕 엄복동,,,2019-02-27,,168884,1278688470
"어쩌다, 결혼",,,2019-02-27,,70827,541177479
더 페이버릿: 여왕의 여자,,,2019-02-21,,133508,1123283330
캡틴 마블,,,2019-03-06,,5796056,51448642813
리노,,,2019-03-07,,16489,128107520
이스케이프 룸,,,2019-03-14,,544462,4853040984
돈,,,2019-03-20,,3388756,28867333062
라스트 미션,,,2019-03-14,,93476,778893059
숲속왕국의 꿀벌 여왕,,,2019-03-14,,18305,146928040
악질경찰,,,2019-03-20,,254449,2195245798
우상,,,2019-03-20,,175481,1509473048
페이트 스테이 나이트 헤븐즈필 제2장 로스트 버터플라이,,,2019-03-21,,24340,221594940
정글북: 마법 원정대,,,2019-03-21,,22534,174844550
어스,,,2019-03-27,,1450902,12382160084
덤보,,,2019-03-27,,296253,2387235222
장난스런 키스,,,2019-03-27,,390548,3185508228
썬키스 패밀리,,,2019-03-27,,26086,204455870
1919 유관순,,,2019-03-14,,46858,390322410
콜레트,,,2019-03-27,,35223,287066591
샤잠!,,,2019-04-03,,636971,5577191657
생일,,,2019-04-03,,1191011,9840145970
로망,,,2019-04-03,,46938,372608100
바이스,,,2019-04-11,,131698,1117516684
헬보이,,,2019-04-10,,311910,2686990641
미성년,,,2019-04-11,,279305,2382388270
공포의 묘지,,,2019-04-10,,87134,763547676
파이브 피트,,,2019-04-10,,67395,594196760
요로나의 저주,,,2019-04-17,,197125,1740917801
크게 될 놈,,,2019-04-18,,90320,705645420
왓칭,,,2019-04-17,,46139,390600262
아이 엠 마더,,,2019-04-11,,83953,702779000
어벤져스: 엔드게임,,,2019-04-24,,13967234,122417938840
뽀로로 극장판 보물섬 대모험,,,2019-04-25,,752466,5783708550
노팅 힐,,,1999-07-03,,49958,416060282
나의 특별한 형제,,,2019-05-01,,1462434,11983973384
명탐정 피카츄,,,2019-05-09,,680420,5680413636
어글리 돌,,,2019-05-01,,50816,372052390
안도 타다오,,,2019-04-25,,25471,210666540
프렌즈: 둥지탈출,,,2019-05-01,,10184,69390950
걸캅스,,,2019-05-09,,1618601,13743033784
호텔 뭄바이,,,2019-05-08,,61163,504258400
악인전,,,2019-05-15,,3346654,28994814710
배심원들,,,2019-05-15,,270270,2171777600
교회오빠,,,2019-05-16,,65399,541037680
서스페리아,,,2019-05-16,,19684,185191770
알라딘,,,2019-05-23,,12794298,108999787539
어린 의뢰인,,,2019-05-22,,193949,1605025120
더 보이,,,2019-05-23,,88511,771209050
기생충,,,2019-05-30,,10307053,87409849835
고질라: 킹 오브 몬스터,,,2019-05-29,,352862,3034725308
0.0MHz,,,2019-05-29,,133522,1058297060
엑스맨: 다크 피닉스,,,2019-06-05,,861032,7634950480
이웃집 토토로,,,2001-07-28,,142372,1167697530
로켓맨,,,2019-06-05,,98703,851323713
빅샤크2: 해저2만리,,,2019-06-06,,44189,333298130
맨 인 블랙: 인터내셔널,,,2019-06-12,,843703,7406282720
천로역정: 천국을 찾아서,,,2019-06-13,,228366,1731193650
업사이드,,,2019-06-13,,30244,262416100
세상을 바꾼 변호인,,,2019-06-13,,31379,250009330
토이 스토리 4,,,2019-06-20,,3355807,28419422110
롱 리브 더 킹: 목포 영웅,,,2019-06-19,,1076594,9098086230
존 윅 3: 파라벨룸,,,2019-06-26,,913444,7806362702
사탄의 인형,,,2019-06-20,,46546,438408530
애나벨 집으로,,,2019-06-26,,459037,3809833030
비스트,,,2019-06-26,,199009,1573013300
마담 싸이코,,,2019-06-26,,37437,315462200
스파이더맨: 파 프롬 홈,,,2019-07-02,,7996657,68806123440
BIFAN2019 판타스틱 단편 걸작선 1,,, ,,25000,150000000
기방도령,,,2019-07-10,,278008,2263613440
진범,,,2019-07-10,,157393,1343407100
극장판 엉덩이 탐정: 화려한 사건 수첩,,,2019-07-11,,127100,1010318400
미드소마,,,2019-07-11,,69036,636821828
라이온 킹,,,2019-07-17,,4684247,41051484140
사일런스,,,2019-07-17,,43202,376794882
나랏말싸미,,,2019-07-24,,930998,7667924863
레드슈즈,,,2019-07-25,,786502,5972902650
명탐정 코난: 감청의 권,,,2019-07-24,,214485,1704460250
롱 샷,,,2019-07-24,,184741,1626545847
사자,,,2019-07-31,,1602046,12856028565
엑시트,,,2019-07-31,,9407840,79107313402
마이펫의 이중생활 2,,,2019-07-31,,1100521,8406345615
봉오동 전투,,,2019-08-07,,4767092,40446099578
브링 더 소울 : 더 무비,,,2019-08-07,,274064,2368846100
앵그리 버드 2: 독수리 왕국의 침공,,,2019-08-07,,134529,1040376333
김복동,,,2019-08-08,,29397,252440340
분노의 질주: 홉스&쇼,,,2019-08-14,,3649860,32182076313
"안녕, 티라노: 영원히, 함께",,,2019-08-14,,189723,1484246280
암전,,,2019-08-15,,85378,761578175
원더랜드,,,2019-08-14,,73851,570974860
변신,,,2019-08-21,,1797796,15376020385
광대들: 풍문조작단,,,2019-08-21,,632384,5192915408
커런트 워,,,2019-08-22,,194259,1694668900
애프터,,,2019-08-22,,37839,328524780
유열의 음악앨범,,,2019-08-28,,1225554,10069442060
47미터 2,,,2019-08-28,,440356,3598477303
안나,,,2019-08-28,,73250,600970920
그것: 두 번째 이야기,,,2019-09-04,,584467,5054505487
극장판 헬로카봇 : 달나라를 구해줘!,,,2019-09-04,,558571,4334952520
안녕 베일리,,,2019-09-05,,39817,347250600
나쁜 녀석들: 더 무비,,,2019-09-11,,4556691,39445761284
타짜: 원 아이드 잭,,,2019-09-11,,2212819,19554515104
"힘을 내요, 미스터 리",,,2019-09-11,,1166190,9834912876
극장판 반지의 비밀일기,,,2019-09-11,,56299,458358530
애드 아스트라,,,2019-09-19,,508767,4480528780
예스터데이,,,2019-09-18,,292246,2475015400
퍼펙트맨,,,2019-10-02,,1224676,10206414010
벌새,,,2019-08-29,,93366,771853922
장사리 : 잊혀진 영웅들,,,2019-09-25,,1125480,8911721490
양자물리학,,,2019-09-25,,542651,4436532120
원스 어폰 어 타임... 인 할리우드,,,2019-09-25,,270172,2209533530
더 룸,,,2019-09-25,,44682,361460500
조커,,,2019-10-02,,5273111,45646795855
가장 보통의 연애,,,2019-10-02,,2918536,24848114010
소피와 드래곤: 마법책의 비밀,,,2019-10-02,,90885,708382890
몬스터 하우스,,,2019-10-03,,58604,469247200
제미니 맨,,,2019-10-09,,375620,3208898830
잃어버린 세계를 찾아서,,,2019-10-09,,17510,136085120
판소리 복서,,,2019-10-09,,16827,137526400
말레피센트 2,,,2019-10-17,,1432021,12087909350
두번할까요,,,2019-10-17,,169447,1409839500
너를 만난 여름,,,2019-10-16,,19205,165479400
버티고,,,2019-10-16,,11161,96891080
날씨의 아이,,,2019-10-30,,850513,7127950272
82년생 김지영,,,2019-10-23,,3665813,30203363050
람보 : 라스트 워,,,2019-10-23,,92238,760962460
빅트립: 아기팬더 배달 대모험,,,2019-10-23,,32728,258810540
더 킹: 헨리 5세,,,2019-10-23,,10727,85402360
터미네이터2 3D,,,1991-07-06,,11743,112498060
터미네이터: 다크 페이트,,,2019-10-30,,2401975,20096392330
빅 위시,,,2019-10-30,,28884,225708140
블랙머니,,,2019-11-13,,2470153,20802196070
빅 2: 황금열쇠 대소동,,,2019-10-30,,11152,86174480
신의 한 수: 귀수편,,,2019-11-07,,2147825,18397744810
아담스 패밀리,,,2019-11-07,,319305,2558382160
닥터 슬립,,,2019-11-07,,46343,410001240
엔젤 해즈 폴른,,,2019-11-13,,174999,1434376122
좀비랜드: 더블 탭,,,2019-11-13,,134012,1155777100
윤희에게,,,2019-11-14,,86344,686559070
겨울왕국 2,,,2019-11-21,,13721190,114593258590
얼굴없는 보스,,,2019-11-21,,16355,138656840
나를 찾아줘,,,2019-11-27,,622170,4947912840
크롤,,,2019-11-27,,138355,1112395880
러브 앳,,,2019-11-27,,83522,664297500
허슬러,,,2019-11-27,,35620,289902140
포드 V 페라리,,,2019-12-04,,1323852,11682461980
나이브스 아웃,,,2019-12-04,,795200,6748210330
감쪽같은 그녀,,,2019-12-04,,466928,3580420430
라스트 크리스마스,,,2019-12-05,,246596,2036143730
굿 라이어,,,2019-12-05,,19928,167060640
쥬만지: 넥스트 레벨,,,2019-12-11,,1025799,8555642330
아내를 죽였다,,,2019-12-11,,74840,626251940
카운트다운,,,2019-12-12,,72215,600976500
시동,,,2019-12-18,,3308844,28032088380
백두산,,,2019-12-19,,8242478,69747400040
신비아파트 극장판 하늘도깨비 대 요르문간드,,,2019-12-19,,867161,6843272230
캣츠,,,2019-12-24,,696173,5838643210
천문: 하늘에 묻는다,,,2019-12-26,,1990746,16460386780
눈의 여왕4,,,2019-12-24,,184801,1373733200
프린스 코기,,,2019-12-24,,112330,877404060
미드웨이,,,2019-12-31,,941075,8106506070
21 브릿지: 테러 셧다운 ,,,2020-01-01,,111140,861674730
닥터 두리틀,,,2020-01-08,,1604127,13430495940
스타워즈: 라이즈 오브 스카이워커,,,2020-01-08,,485464,4513763050
해치지않아,,,2020-01-15,,1217492,10226508060
나쁜 녀석들: 포에버,,,2020-01-15,,543095,4844332260
타오르는 여인의 초상,,,2020-01-16,,127125,1064187408
남산의 부장들,,,2020-01-22,,4748005,41206628790
히트맨,,,2020-01-22,,2400805,20570457920
미스터 주: 사라진 VIP,,,2020-01-22,,587819,4947984680
스파이 지니어스 ,,,2020-01-22,,446274,3660123900
클로젯,,,2020-02-05,,1265776,10926131380
버즈 오브 프레이(할리 퀸의 황홀한 해방),,,2020-02-05,,399872,3539761070
극장판 미니특공대: 공룡왕 디노 ,,,2020-02-06,,71671,559526960
조조 래빗,,,2020-02-05,,105411,904708300
페인 앤 글로리,,,2020-02-05,,19008,148008640
정직한 후보,,,2020-02-12,,1529330,12794300850
작은 아씨들,,,2020-02-12,,847954,7150926550
수퍼 소닉,,,2020-02-12,,113356,890164390
지푸라기라도 잡고 싶은 짐승들,,,2020-02-19,,618938,5371297170
1917,,,2020-02-19,,858815,7767825320
"하이, 젝시",,,2020-02-19,,21718,175102500
인비저블맨,,,2020-02-26,,566214,4939009380
젠틀맨,,,2020-02-26,,71305,576990470
더 보이 2: 돌아온 브람스 ,,,2020-03-05,,22973,208118000
울프 콜,,,2020-03-05,,13914,116925020
다크 워터스 ,,,2020-03-11,,125718,1083721220
세인트 아가타 ,,,2020-03-19,,9666,86641940
메멘토,,,2001-08-24,,46024,342898300
주디,,,2020-03-25,,88718,729693480
스케어리 스토리:어둠의 속삭임 ,,,2020-03-25,,42506,358118500
사랑하고 있습니까,,,2020-03-25,,8749,69140360
엽문4: 더 파이널,,,2020-04-01,,65832,572383600
n번째 이별 중,,,2020-04-01,,18935,171145900
더 터닝 ,,,2020-04-02,,15305,135135360
오픈 더 도어 ,,,2020-04-08,,24024,219290100
신과 나: 100일간의 거래,,,2020-04-08,,5780,49544640
서치 아웃,,,2020-04-15,,31624,276920520
건즈 아킴보,,,2020-04-15,,26820,235929000
비밀정보원: 인 더 프리즌 ,,,2020-04-15,,17835,153118320
유령선,,,2020-04-15,,15591,139011300
라라걸,,,2020-04-15,,6430,57124940
애프터 웨딩 인 뉴욕 ,,,2020-04-23,,6794,57519880
시네마 천국,,,1990-07-07,,42622,268935700
트롤: 월드 투어,,,2020-04-29,,144410,1110798520
나의 청춘은 너의 것,,,2020-04-29,,80873,684834420
저 산 너머,,,2020-04-30,,93831,699868580
호텔 레이크,,,2020-04-29,,61129,517984060
마이 스파이,,,2020-04-29,,51332,439352600
패왕별희 디 오리지널,,,2017-03-30,,139073,1280417482
레이니 데이 인 뉴욕,,,2020-05-06,,84144,747813040
프리즌 이스케이프,,,2020-05-06,,213731,1826826560
더 플랫폼,,,2020-05-13,,61779,566334000
콜 오브 와일드,,,2020-05-14,,32242,275926220
톰보이,,,2020-05-14,,23992,213762420
씨 피버,,,2020-05-13,,7124,62300540
카페 벨에포크,,,2020-05-20,,55130,475091080
킬러의 보디가드 무삭제 특별판,,,2018-09-12,,10422,90410780
언더워터,,,2020-05-27,,101343,870761760
그집,,,2020-05-27,,27868,231487520
미스비헤이비어,,,2020-05-27,,24769,206186780
초미의 관심사,,,2020-05-27,,10351,82840160
아홉 스님,,,2020-05-27,,17249,105457800
침입자,,,2020-06-04,,529259,4788172040
프랑스여자,,,2020-06-04,,8548,65245420
결백,,,2020-06-10,,894025,7859629340
에어로너츠,,,2020-06-10,,71614,636643960
나의 첫 번째 슈퍼스타,,,2020-06-10,,47183,430822560
아이즈 온 미 : 더 무비,,,2020-06-10,,37743,487027000
너는 달밤에 빛나고,,,2020-06-10,,8723,78387000
온워드: 단 하루의 기적,,,2020-06-17,,414699,3565679500
사라진 시간,,,2020-06-18,,185385,1649096880
야구소녀,,,2020-06-18,,28388,245870140
#살아있다,,,2020-06-24,,1900331,15946026420
엔딩스 비기닝스,,,2020-06-24,,10391,85821240
소리꾼,,,2020-07-01,,74724,609107640
인베이젼 2020,,,2020-07-01,,18543,154539140
"아무튼, 아담",,,2020-07-02,,5415,40057000
밤쉘: 세상을 바꾼 폭탄선언,,,2020-07-08,,174468,1485487640
소년시절의 너,,,2020-07-09,,246755,2249908960
그레텔과 헨젤,,,2020-07-08,,11011,99221820
반도,,,2020-07-15,,3810397,33060095780
BIFAN2020 판타스틱 단편 걸작선 1,,, ,,20000,120000000
비바리움,,,2020-07-16,,14265,123829280
팬데믹,,,2020-07-22,,17104,150209600
블루 아워,,,2020-07-22,,16649,143366480
파리의 인어,,,2020-07-23,,25242,215365000
강철비2: 정상회담,,,2020-07-29,,1789851,14653254110
빅샤크3: 젤리몬스터 대소동,,,2020-07-29,,67387,520832240
존 윅: 특별판,,,2017-03-30,,6745,58597980
다만 악에서 구하소서,,,2020-08-05,,4350493,38553614260
애니멀 크래커,,,2020-08-05,,119060,943896280
오케이 마담,,,2020-08-12,,1225004,10957629630
더 프린세스 : 도둑맞은 공주,,,2020-08-12,,55398,454299300
반교: 디텐션,,,2020-08-13,,32575,300237330
워터 릴리스,,,2020-08-13,,8015,68007252
테넷,,,2020-08-26,,1995833,18432739370
극장판 짱구는 못말려: 신혼여행 허리케인~ 사라진 아빠!,,,2020-08-20,,120580,982159240
남매의 여름밤,,,2020-08-20,,15023,123008490
시크릿 가든,,,2020-08-19,,11102,93279660
오! 문희,,,2020-09-02,,318748,2563470340
드라이브,,,2011-11-17,,30994,250704810
고스트 오브 워,,,2020-09-02,,5754,49382160
카일라스 가는 길,,,2020-09-03,,1699,14099960
뉴 뮤턴트,,,2020-09-10,,61103,539510410
기기괴괴 성형수,,,2020-09-09,,87463,779456800
에이바,,,2020-09-09,,19155,150522760
뮬란,,,2020-09-17,,221265,1951303820
더 렌탈 : 소리없는 감시자,,,2020-09-16,,6558,52655280
도망친 여자,,,2020-09-17,,4084,35445850
검객,,,2020-09-23,,174151,1494580260
디바,,,2020-09-23,,88252,745548040
브레이크 더 사일런스: 더 무비,,,2020-09-24,,122388,1078263000
아웃포스트,,,2020-09-23,,33070,280854970
극장판 엉덩이 탐정: 텐텐마을의 수수께끼,,,2020-09-24,,7739,57135820
담보,,,2020-09-29,,1714500,14714264360
국제수사,,,2020-09-29,,533002,4467070550
그린랜드,,,2020-09-29,,319741,2736825130
죽지않는 인간들의 밤,,,2020-09-29,,88021,722802350
극장판 포켓몬스터 뮤츠의 역습 EVOLUTION,,,2020-09-30,,86080,690129180
"그대, 고맙소 : 김호중 생애 첫 팬미팅 무비",,,2020-09-29,,94361,2909954000
극장판 미니특공대: 햄버거괴물의 습격,,,2020-09-30,,36813,298404180
언힌지드,,,2020-10-07,,112613,974291550
애프터: 그 후,,,2020-10-07,,25547,216647010
"어디갔어, 버나뎃",,,2020-10-08,,16651,145290000
소리도 없이,,,2020-10-15,,401693,3545044680
폰조,,,2020-10-14,,21069,175093650
돌멩이,,,2020-10-15,,15970,134757400
극장판 요괴워치: 포에버 프렌즈,,,2020-10-15,,9158,72925170
삼진그룹 영어토익반,,,2020-10-21,,1565712,13937434430
미스터트롯: 더 무비,,,2020-10-22,,140625,1212634900
페이트 스테이 나이트 헤븐즈필 제3장 스프링 송,,,2020-10-22,,60390,552036460
부니베어: 원시시대 대모험,,,2020-10-22,,5006,40348600
종이꽃,,,2020-10-22,,4957,42492670
다만 악에서 구하소서 파이널컷,,,2020-10-28,,34210,300157230
테슬라,,,2020-10-28,,17650,140475310
도굴,,,2020-11-04,,1543277,13943212850
내가 죽던 날,,,2020-11-12,,228032,2093922620
극장판 바이올렛 에버가든,,,2020-11-12,,45502,390098940
애비규환,,,2020-11-12,,16154,148575910
킹덤 오브 헤븐: 디렉터스 컷,,,2020-11-11,,15057,141342100
극장판 바다 탐험대 옥토넛 : 대산호초 보호작전,,,2020-11-12,,21904,147406000
런,,,2020-11-20,,280569,2576241880
마리 퀴리,,,2020-11-18,,21591,173796150
이웃사촌,,,2020-11-25,,427141,3668929700
택스 콜렉터,,,2020-11-18,,14498,112372040
추억의 검정고무신,,,2020-11-19,,17582,143923600
프리키 데스데이,,,2020-11-25,,49292,429657150
갈릴리 예수,,,2020-11-26,,4718,38929850
더 프롬,,,2020-12-02,,23577,205048340
파티마의 기적 ,,,2020-12-03,,14665,117531000
잔칫날,,,2020-12-02,,7073,56134850
조제,,,2020-12-10,,209062,1876179450
800,,,2020-12-10,,14251,124573000
미드나이트 스카이,,,2020-12-09,,5094,44292400
언플랜드,,,2020-12-17,,8851,75163740
리플레이,,,2020-12-16,,9933,82502050
원더 우먼 1984,,,2020-12-23,,544186,4915085650
화양연화,,,2000-10-20,,100156,878825270
100% 울프: 푸들이 될 순 없어,,,2020-12-24,,14781,117864080
썸머 85,,,2020-12-24,,4353,39355840
뱅가드,,,2020-12-30,,28655,240577600
나이팅게일,,,2020-12-30,,10620,86249740
미스터 존스,,,2021-01-07,,5668,50834750
완벽한 가족,,,2021-01-06,,5297,47697340
빅풋 주니어2: 패밀리가 떴다,,,2021-01-06,,13524,112699280
걸,,,2021-01-07,,3045,28537710
아이 엠 우먼,,,2021-01-14,,22918,186954270
#아이엠히어,,,2021-01-14,,15667,130872640
블라인드,,,2021-01-14,,15594,138729200
늑대와 춤을,,,1991-03-31,,5898,51677820
마이 미씽 발렌타인,,,2021-01-14,,4782,38313570
소울,,,2021-01-20,,2036088,18920668890
커넥트,,,2021-01-20,,11203,100639040
극장판 귀멸의 칼날: 무한열차편,,,2021-01-27,,2171626,20849644460
파힘,,,2021-01-21,,4701,35937300
세자매,,,2021-01-27,,77288,655855300
명탐정 코난: 진홍의 수학여행,,,2021-01-27,,54458,459905520
북스마트,,,2021-01-27,,9435,58561900
토이 솔져스: 가짜사나이2 더 컴플리트,,,2021-01-27,,7991,75326300
나는 나를 해고하지 않는다,,,2021-01-28,,14410,113196990
어니스트 씨프,,,2021-02-03,,76970,684328000
해피 투게더,,,1998-08-22,,15790,140940120
페어웰,,,2021-02-04,,7454,62637000
스트레스 제로,,,2021-02-03,,5937,44535200
새해전야,,,2021-02-10,,163883,1513997220
몬스터 헌터,,,2021-02-10,,100210,955470450
아이,,,2021-02-10,,34330,278493070
드림빌더,,,2021-02-10,,14326,122221230
송가인 더 드라마 ,,,2021-02-11,,11394,131325000
미션 파서블,,,2021-02-17,,434426,3964552760
더블패티,,,2021-02-17,,11267,98118780
퍼펙트 케어,,,2021-02-19,,21576,181249000
마리오네트,,,2021-02-17,,5800,48043800
카오스 워킹,,,2021-02-24,,138887,1164698860
톰과 제리,,,2021-02-24,,130666,1121569440
고백,,,2021-02-24,,30453,215937000
워 위드 그랜파,,,2021-02-24,,10379,83891230
더 레이서,,,2021-02-24,,10918,89406830
미나리,,,2021-03-03,,1125428,10150199230
라야와 마지막 드래곤,,,2021-03-04,,312814,2891566280
중경삼림,,,1995-09-02,,82789,780132810
반지의 제왕 : 반지원정대,,,2001-12-31,,27746,335063990
리스타트,,,2021-03-11,,38131,342245050
웨이 다운,,,2021-03-11,,9801,86858810
아이 씨 유,,,2021-03-11,,6985,65005110
모리타니안,,,2021-03-17,,39885,357552870
반지의 제왕 : 두 개의 탑,,,2002-12-19,,21659,254597520
브레이브 언더 파이어,,,2021-03-17,,9202,74615800
고질라 VS. 콩,,,2021-03-25,,698084,6722237990
더 박스,,,2021-03-24,,117302,916554460
최면,,,2021-03-24,,50550,461073840
몬테크리스토: 더 뮤지컬 라이브,,,2021-03-19,,13010,257195000
자산어보,,,2021-03-31,,323704,2870528130
"조제, 호랑이 그리고 물고기들",,,2021-03-31,,21683,195134560
아무도 없는 곳,,,2021-03-31,,13871,117055880
해길랍,,,2021-03-31,,10051,86855230
노바디,,,2021-04-07,,129310,1234615530
모탈 컴뱃,,,2021-04-08,,29517,308460310
더 파더,,,2021-04-07,,29366,251666300
타인의 친절,,,2021-04-07,,6230,51915650
서복,,,2021-04-15,,385409,3628177450
명탐정 코난: 비색의 탄환,,,2021-04-16,,209227,1970502280
노매드랜드,,,2021-04-15,,50342,472288890
어른들은 몰라요,,,2021-04-15,,26848,262079990
내일의 기억,,,2021-04-21,,331619,3012481750
비와 당신의 이야기,,,2021-04-28,,398572,3634692350
더 스파이,,,2021-04-28,,303268,2801637740
마크맨,,,2021-04-28,,15333,119439800
극장판 바다 탐험대 옥토넛 : 불의 고리 대폭발,,,2021-04-28,,11685,95537800
크루즈 패밀리: 뉴 에이지,,,2021-05-05,,222562,1967506340
극장판 콩순이: 장난감나라 대모험,,,2021-05-05,,65559,577249720
내가 죽기를 바라는 자들,,,2021-05-05,,43017,403217600
스파이럴,,,2021-05-12,,128468,1274701180
아들의 이름으로,,,2021-05-12,,22834,198470300
내겐 너무 소중한 너,,,2021-05-12,,17358,159998370
분노의 질주: 더 얼티메이트,,,2021-05-19,,2276213,21935002320
도라에몽: 스탠바이미 2,,,2021-05-19,,73540,641231110
크루엘라,,,2021-05-26,,1975467,19178509920
파이프라인,,,2021-05-26,,133392,1176086860
보이저스,,,2021-05-26,,19505,163586000
굴뚝마을의 푸펠,,,2021-05-26,,20596,177406190
브리짓 존스의 일기,,,2001-09-01,,10838,71465730
컨저링3: 악마가 시켰다,,,2021-06-03,,786498,7897268320
프로페서 앤 매드맨,,,2021-06-02,,13103,114062350
뱅드림! 로젤리아 에피소드Ⅰ: 약속,,,2021-06-03,,12249,111842780
캐시트럭,,,2021-06-09,,226334,2151247250
아야와 마녀,,,2021-06-10,,19838,170931820
콰이어트 플레이스 2,,,2021-06-16,,855221,8488960520
플래시백,,,2021-06-10,,3325,27524930
루카,,,2021-06-17,,367109,3357641370
여고괴담 여섯번째 이야기 : 모교,,,2021-06-17,,89378,814276160
킬러의 보디가드 2,,,2021-06-23,,378087,3722129210
사랑하고 사랑받고 차고 차이고,,,2021-06-16,,10422,88875800
발신제한,,,2021-06-23,,949062,9059521760
미드나이트,,,2021-06-30,,105121,920431160
인 더 하이츠,,,2021-06-30,,43491,397702830
체르노빌 1986,,,2021-06-30,,19691,162844900
괴기맨숀,,,2021-06-30,,26682,270436800
블랙 위도우,,,2021-07-07,,2955481,29927638820
랑종,,,2021-07-14,,827673,8586730770
BIFAN2021 판타스틱 단편 걸작선 1,,, ,,13457,67285000
이스케이프 룸 2: 노 웨이 아웃,,,2021-07-14,,212050,2106940220
꽃다발 같은 사랑을 했다,,,2021-07-14,,20806,197314320
스페이스 잼: 새로운 시대,,,2021-07-15,,14043,129582130
오필리아,,,2021-07-14,,8008,71273010
보스 베이비 2,,,2021-07-21,,919456,8252936160
아이스 로드,,,2021-07-21,,26700,256048950
은혼 더 파이널,,,2021-07-22,,27220,260795910
호스트: 접속금지,,,2021-07-21,,10954,102605000
모가디슈,,,2021-07-28,,3604819,34493898150
정글 크루즈,,,2021-07-28,,246447,2278635680
방법: 재차의,,,2021-07-28,,165954,1476515330
더 수어사이드 스쿼드,,,2021-08-04,,417322,4382594840
극장판 도라에몽: 진구의 신공룡,,,2021-08-05,,62627,541295580
블랙핑크 더 무비,,,2021-08-04,,11761,154036500
그린 나이트,,,2021-08-05,,18638,174485770
싱크홀,,,2021-08-11,,2182763,21303259680
프리 가이 ,,,2021-08-11,,302487,3063711320
하이큐!! 땅 VS 하늘,,,2020-01-23,,33745,280876960
인질,,,2021-08-18,,1622923,15488130140
올드,,,2021-08-18,,108235,1056688950
퍼피 구조대 더 무비,,,2021-08-18,,57721,505210250
귀문,,,2021-08-25,,89695,774580270
레미니센스,,,2021-08-25,,33227,307870100
여름날 우리,,,2021-08-25,,393436,3819925709
샹치와 텐 링즈의 전설,,,2021-09-01,,1730037,17616390490
맨 인 더 다크 2,,,2021-09-01,,73638,722238900
코다,,,2021-08-31,,47413,442660920
건파우더 밀크셰이크,,,2021-09-08,,30196,264218830
보이스,,,2021-09-15,,1418958,13975333080
기적,,,2021-09-15,,701176,6537831510
"극장판 포켓몬스터: 정글의 아이, 코코",,,2021-09-15,,208739,1896361620
극장판 짱구는 못말려: 격돌! 낙서왕국과 얼추 네 명의 용사들,,,2021-09-15,,196931,1872787000
말리그넌트,,,2021-09-15,,39983,420645670
캔디맨,,,2021-09-22,,49426,489759300
007 노 타임 투 다이,,,2021-09-29,,1224745,11975031500
용과 주근깨 공주,,,2021-09-29,,63985,621588100
수색자,,,2021-09-29,,16240,118663820
F20,,,2021-10-06,,12916,92376400
베놈 2: 렛 데어 비 카니지,,,2021-10-13,,2120352,21086490080
노회찬6411,,,2021-10-14,,23697,210898510
십개월의 미래 ,,,2021-10-14,,8718,62030800
듄,,,2021-10-20,,1570974,17233468470
라스트 듀얼: 최후의 결투,,,2021-10-20,,52560,502776600
태일이,,,2021-12-01,,110971,922119390
고장난 론,,,2021-10-27,,150718,1367705200
아네트,,,2021-10-27,,35530,312709550
애프터: 관계의 함정,,,2021-10-27,,13593,120723990
바다 탐험대 옥토넛 : 육지수호 대작전,,,2021-10-27,,19740,170720800
이터널스,,,2021-11-03,,3045764,31689629240
세버그,,,2021-11-04,,6058,59920840
강릉,,,2021-11-10,,302201,3133412970
아담스 패밀리 2,,,2021-11-10,,103231,927623400
귀멸의 칼날: 남매의 연,,,2021-11-10,,60315,597668430
장르만 로맨스,,,2021-11-17,,468794,4741742130
"틱, 틱... 붐!",,,2021-11-12,,7028,63165780
디어 에반 핸슨,,,2021-11-17,,96800,983766320
프렌치 디스패치,,,2021-11-18,,62506,678944080
귀멸의 칼날: 나타구모산 편,,,2021-11-17,,29653,290458520
유체이탈자,,,2021-11-24,,809394,7888571820
엔칸토: 마법의 세계,,,2021-11-24,,629784,5972786580
연애 빠진 로맨스,,,2021-11-24,,604674,6137328220
돈 룩 업,,,2021-12-08,,68375,668069180
고스트버스터즈 라이즈,,,2021-12-01,,110305,1034702810
몬스타엑스 : 더 드리밍,,,2021-12-08,,28387,453384000
극장판 소드 아트 온라인 -프로그레시브- 별 없는 밤의 아리아,,,2021-12-09,,29849,322398600
스파이더맨: 노 웨이 홈,,,2021-12-15,,7544778,75131299040
킹메이커,,,2022-01-26,,775294,7332292780
킹스맨: 퍼스트 에이전트,,,2021-12-22,,1023394,10272238070
매트릭스: 리저렉션,,,2021-12-22,,208540,2090696680
신데렐라 2: 마법에 걸린 왕자,,,2021-12-22,,35749,314841420
드라이브 마이 카,,,2021-12-23,,38796,366135460
해피 뉴 이어,,,2021-12-29,,225947,2118301200
램,,,2021-12-29,,13654,125564840
원샷,,,2022-01-10,,6432,6601000
경관의 피,,,2022-01-05,,681379,6714012120
씽2게더,,,2022-01-05,,867308,8031144820
특송,,,2022-01-12,,438474,4147632000
웨스트 사이드 스토리,,,2022-01-12,,107683,1105324820
하우스 오브 구찌,,,2022-01-12,,134546,1333572060
클리포드 더 빅 레드 독,,,2022-01-12,,20065,181509010
비욘드라이브 더 무비 : 엔시티 레조넌스,,,2022-01-12,,13578,203666500
레지던트 이블: 라쿤시티,,,2022-01-19,,19983,182258670
해적: 도깨비 깃발,,,2022-01-26,,1326713,12434447990
어나더 라운드,,,2022-01-19,,28290,262040150
극장판 안녕 자두야: 제주도의 비밀,,,2022-01-27,,101957,896295520
장민호 드라마 최종회,,,2022-01-24,,9825,185762700
나일 강의 죽음,,,2022-02-09,,224663,2175150080
355,,,2022-02-09,,30563,282405060
나의 촛불,,,2022-02-10,,36204,363065470
만년이 지나도 변하지 않는 게 있어,,,2022-02-09,,14184,133970900
언차티드,,,2022-02-16,,727533,7093031200
극장판 주술회전 0,,,2022-02-17,,694278,6927516658
리코리쉬 피자,,,2022-02-16,,11427,118886860
극장판 바다 탐험대 옥토넛 : 해저동굴 대탈출	,,,2022-02-17,,23093,191304300
안테벨룸,,,2022-02-23,,90469,861641050
인민을 위해 복무하라,,,2022-02-23,,72761,673793650
나이트메어 앨리,,,2022-02-23,,38392,378519920
시라노,,,2022-02-23,,15891,136603400
더 배트맨,,,2022-03-01,,901534,9311288610
이상한 나라의 수학자,,,2022-03-09,,524657,4980149720
나의 히어로 아카데미아 더 무비: 월드 히어로즈 미션,,,2022-03-09,,44800,434173120
블랙라이트,,,2022-03-09,,23939,220349590
문폴,,,2022-03-16,,190606,1936780100
스펜서,,,2022-03-16,,75504,721227930
메리 미,,,2022-03-16,,9190,64428700
하늘의 푸르름을 아는 사람이여,,,2022-03-16,,7993,72168680
뜨거운 피,,,2022-03-23,,390675,3737156970
벨파스트,,,2022-03-23,,8614,79118100
에펠,,,2022-03-23,,6213,57500330
뱅드림! 팝핀' 드림!,,,2022-03-24,,4965,49157970
킹 리차드,,,2022-03-24,,4917,49771400
모비우스,,,2022-03-30,,470699,4638346390
배니싱: 미제사건,,,2022-03-30,,27075,240861910
패러렐 마더스,,,2022-03-31,,5341,49666400
극장판 시그널,,,2022-03-31,,4258,29195800
수퍼 소닉2,,,2022-04-06,,305042,2775496690
앰뷸런스,,,2022-04-06,,108297,1093011040
스텔라,,,2022-04-06,,87823,798436230
루이스 웨인: 사랑을 그린 고양이 화가,,,2022-04-06,,36926,361177120
불도저에 탄 소녀,,,2022-04-07,,6043,53960870
신비한 동물들과 덤블도어의 비밀,,,2022-04-13,,1191660,12276312180
말임씨를 부탁해,,,2022-04-13,,9044,73160430
앵커,,,2022-04-20,,157897,1545616170
공기살인,,,2022-04-22,,154371,1446976050
로스트 시티,,,2022-04-20,,101714,946601780
세븐틴 파워 오브 러브 : 더 무비,,,2022-04-20,,41513,830004000
니 부모 얼굴이 보고 싶다,,,2022-04-27,,402616,3873342180
서울괴담,,,2022-04-27,,109060,1041926320
봄날,,,2022-04-27,,22575,167966360
닥터 스트레인지: 대혼돈의 멀티버스,,,2022-05-04,,5881010,62612708140
배드 가이즈,,,2022-05-04,,392762,3735229200
극장판 엉덩이 탐정: 수플레 섬의 비밀,,,2022-05-05,,147175,1363352140
우연과 상상,,,2022-05-04,,8655,87886000
토르: 마법 검의 전설,,,2022-05-04,,7835,68464400
범죄도시2,,,2022-05-18,,12684545,131206953040
민스미트 작전,,,2022-05-11,,33167,320763810
엄마,,,2022-05-11,,16040,141412900
어부바,,,2022-05-11,,19807,164791470
"아치의 노래, 정태춘",,,2022-05-18,,22087,213221820
그대가 조국,,,2022-05-25,,324501,3028475070
안녕하세요,,,2022-05-25,,16177,123435560
몬스터 싱어: 매직 인 파리,,,2022-05-26,,12260,107912320
뜨거운 피: 디 오리지널,,,2022-05-26,,9523,78526200
피는 물보다 진하다,,,2022-05-25,,14075,89808100
오마주,,,2022-05-26,,6774,55828400
쥬라기 월드: 도미니언,,,2022-06-01,,2832241,29194745990
극장판 포켓몬스터DP: 기라티나와 하늘의 꽃다발 쉐이미,,,2022-06-01,,577402,5442074270
카시오페아,,,2022-06-01,,18749,176440500
애프터 양,,,2022-06-01,,22114,222047590
특수요원 빼꼼,,,2022-06-01,,11066,101685400
브로커,,,2022-06-08,,1254445,12539931030
탑건: 매버릭,,,2022-06-22,,8156312,87637459439
마녀(魔女) Part2. The Other One,,,2022-06-15,,2799699,28868170770
버즈 라이트이어,,,2022-06-15,,338836,3476340660
실종,,,2022-06-15,,5506,55498300
극장판 윌벤져스 : 수상한 캠핑 대소동,,,2022-06-23,,26013,262047700
헤어질 결심,,,2022-06-29,,1860462,19302624258
룸 쉐어링,,,2022-06-22,,10293,88382690
컴온 컴온,,,2022-06-30,,7534,76013600
토르: 러브 앤 썬더,,,2022-07-06,,2709699,29437454744
빅샤크4: 바다공룡 대모험,,,2022-07-06,,58315,520942680
큐어,,,2022-07-06,,11442,122001600
BIFAN2022 부천 초이스: 단편 1,,, ,,5660,28300000
명탐정 코난: 할로윈의 신부,,,2022-07-13,,476531,4957182139
엘비스,,,2022-07-13,,77260,830288570
더 킬러: 죽어도 되는 아이,,,2022-07-13,,56135,576637400
뒤틀린 집,,,2022-07-13,,24304,238512700
외계+인 1부,,,2022-07-20,,1521715,15859881850
미니언즈2,,,2022-07-20,,2263349,21951863534
그레이 맨,,,2022-07-13,,25480,246156860
한산: 용의 출현,,,2022-07-27,,7250017,73592629282
뽀로로 극장판 드래곤캐슬 대모험,,,2022-07-28,,433372,4057887335
비상선언,,,2022-08-03,,2043887,20792013696
썸머 필름을 타고!,,,2022-07-20,,20468,195879920
극장판 도라에몽: 진구의 우주소전쟁 리틀스타워즈 2021,,,2022-08-03,,36417,346253298
헌트,,,2022-08-10,,4344403,44530836970
DC 리그 오브 슈퍼-펫,,,2022-08-10,,237376,2232056701
바다 탐험대 옥토넛 : 탐험선 대작전,,,2022-08-11,,64537,609954950
놉,,,2022-08-17,,398082,4533641209
육사오(6/45),,,2022-08-24,,1958368,19608794463
불릿 트레인,,,2022-08-24,,136146,1494845103
리미트,,,2022-08-31,,58955,550817703
시맨틱 에러: 더 무비,,,2022-08-31,,29314,353096300
공조2: 인터내셔날,,,2022-09-07,,6974139,70856185317
극장판 엄마 까투리: 도시로 간 까투리 가족,,,2022-09-08,,162819,1524750219
블랙폰,,,2022-09-07,,101330,1038207347
"어쩌다 공주, 닭냥이 왕자를 부탁해!",,,2022-09-08,,36939,356911082
인생은 뷰티풀: 비타돌체,,,2022-09-07,,37746,1279676500
늑대사냥,,,2022-09-21,,452970,4707401078
아바타 리마스터링,,,2022-09-21,,230712,3895090540
정직한 후보2,,,2022-09-28,,879037,8289059583
극장판 5등분의 신부,,,2022-09-22,,33952,378218800
인생은 아름다워,,,2022-09-28,,1158887,10793990104
프린세스 아야,,,2022-09-21,,13493,112473397
극장판 짱구는 못말려: 수수께끼! 꽃피는 천하떡잎학교,,,2022-09-28,,827170,8289250603
극장판 헬로카봇: 수상한 마술단의 비밀,,,2022-09-28,,213585,2006349180
컴백홈,,,2022-10-05,,37576,349953832
스마일,,,2022-10-06,,97440,1038453082
고고다이노 극장판: 얼음공룡의 비밀,,,2022-10-05,,28056,253017713
오펀: 천사의 탄생,,,2022-10-12,,172253,1750756115
에브리씽 에브리웨어 올 앳 원스,,,2022-10-12,,343111,3665584771
티켓 투 파라다이스,,,2022-10-12,,42365,406395158
대무가,,,2022-10-12,,59964,540303256
블랙 아담,,,2022-10-19,,776134,8008769316
귀못,,,2022-10-19,,41423,348694600
자백,,,2022-10-26,,727565,7257201443
리멤버,,,2022-10-26,,402006,3884703669
아인보: 아마존의 전설,,,2022-10-26,,47824,373563979
고속도로 가족,,,2022-11-02,,17106,135048700
가재가 노래하는 곳,,,2022-11-02,,9671,97186684
블랙 팬서: 와칸다 포에버,,,2022-11-09,,2102015,22168419209
극장판 소드 아트 온라인 -프로그레시브- 짙은 어둠의 스케르초,,,2022-11-10,,9831,111488700
데시벨,,,2022-11-16,,894259,8798421762
동감,,,2022-11-16,,482309,4691192897
폴: 600미터,,,2022-11-16,,78494,789907856
한산 리덕스,,,2022-11-16,,10883,105173528
올빼미,,,2022-11-23,,3317511,32744008527
스트레인지 월드,,,2022-11-23,,67566,623050775
유포자들,,,2022-11-23,,16160,107364600
양자경의 더 모든 날 모든 순간,,,2022-11-23,,10740,122114169
압꾸정,,,2022-11-30,,601644,5678302163
탄생,,,2022-11-30,,325724,2930747491
원피스 필름 레드,,,2022-11-30,,184609,1975324848
극장판 뽀로로와 친구들: 바이러스를 없애줘!,,,2022-12-01,,197213,1777163300
"오늘 밤, 세계에서 이 사랑이 사라진다 해도",,,2022-11-30,,1214122,12252231909
엔시티 드림 더 무비 : 인 어 드림,,,2022-11-30,,51414,1027919600
프레이 포 더 데블,,,2022-12-07,,67191,681867782
신비아파트 극장판 차원도깨비와 7개의 세계,,,2022-12-14,,425367,4063515418
아바타: 물의 길,,,2022-12-14,,10772840,137257671187
스페이스 키드: 우주에서 살아남기,,,2022-12-07,,26900,215957450
영웅,,,2022-12-21,,3230573,31915581781
눈의 여왕5: 스노우 프린세스와 미러랜드의 비밀,,,2022-12-22,,137487,1271229597
핑크퐁 시네마 콘서트 2: 원더스타 콘서트 대작전,,,2022-12-21,,26490,249894974
스위치,,,2023-01-04,,396531,3790138312
젠틀맨,,,2022-12-28,,213509,2021519631
몬스터 신부: 101번째 프로포즈,,,2022-12-28,,25652,235671900
더 퍼스트 슬램덩크,,,2023-01-04,,4847680,50687486308
장화신은 고양이: 끝내주는 모험,,,2023-01-04,,823213,7801669571
프린스 챠밍,,,2023-01-11,,10203,89246300
유령,,,2023-01-18,,653094,6654060340
교섭,,,2023-01-18,,1697864,17236586783
캐리와 슈퍼콜라,,,2023-01-18,,87211,824147830
라일 라일 크로커다일,,,2023-01-18,,25987,249224247
상견니,,,2023-01-25,,328035,3256854530
메간,,,2023-01-25,,196074,1999474006
바빌론,,,2023-02-01,,187122,1876545604
방탄소년단: 옛 투 컴 인 시네마,,,2023-02-01,,60467,1330179500
다음 소희,,,2023-02-08,,66235,639178551
앤트맨과 와스프: 퀀텀매니아,,,2023-02-15,,1542582,16259619630
어메이징 모리스,,,2023-02-15,,85345,756262728
두다다쿵: 후후섬의 비밀,,,2023-02-15,,79007,719074157
카운트,,,2023-02-22,,382093,3643028646
서치 2,,,2023-02-22,,395500,3892625634
마루이 비디오,,,2023-02-22,,153522,1574142500
바다 탐험대 옥토넛 육지수호 대작전 : 열대우림을 지켜라!,,,2023-02-23,,23840,213803500
대외비,,,2023-03-01,,742022,7336117595
"귀멸의 칼날: 상현집결, 그리고 도공 마을로",,,2023-03-02,,523600,6448899400
아임 히어로 더 파이널,,,2023-03-01,,230181,5563727000
멍뭉이,,,2023-03-01,,147610,1399656884
스즈메의 문단속,,,2023-03-08,,5567283,57044797267
똑똑똑,,,2023-03-08,,21686,214876427
소울메이트,,,2023-03-15,,231879,2244219200
샤잠! 신들의 분노,,,2023-03-15,,63133,673792804
에브리씽 에브리웨어 올 앳 원스+,,,2023-03-01,,101563,1045591773
플레인,,,2023-03-15,,25476,241411256
치킨래빗: 잃어버린 보물을 찾아서,,,2023-03-18,,53211,471035200
웅남이,,,2023-03-22,,307689,2820921472
파벨만스,,,2023-03-22,,58377,593099127
모나리자와 블러드 문,,,2023-03-22,,16289,147766899
던전 앤 드래곤: 도적들의 명예,,,2023-03-29,,290324,2900098080
오토라는 남자,,,2023-03-29,,33800,305832317
리바운드,,,2023-04-05,,685376,6586640868
에어,,,2023-04-05,,101689,990889901
존 윅 4,,,2023-04-12,,1913536,19844662953
카구야 님은 고백받고 싶어 -첫 키스는 끝나지 않아-,,,2023-04-06,,11980,136089900
킬링 로맨스,,,2023-04-14,,185161,1775730309
거울 속 외딴 성,,,2023-04-12,,36649,362122420
옥수역귀신,,,2023-04-19,,223640,2384109600
렌필드,,,2023-04-19,,47555,452640927
슈퍼 마리오 브라더스,,,2023-04-26,,2387766,23494358688
드림,,,2023-04-26,,1107622,10670875941
무명,,,2023-04-26,,15976,142525009
가디언즈 오브 갤럭시: Volume 3,,,2023-05-03,,4202900,44295254776
극장판 짱구는 못말려: 동물소환 닌자 배꼽수비대,,,2023-05-04,,727223,7213704222
문재인입니다,,,2023-05-10,,104822,1019257518
롱디,,,2023-05-10,,25914,216032800
분노의 질주: 라이드 오어 다이,,,2023-05-17,,1770063,18441186654
슬픔의 삼각형,,,2023-05-17,,38178,373764997
인어공주,,,2023-05-24,,643013,6622116521
범죄도시3,,,2023-05-31,,10673784,104614006978
아기공룡 둘리-얼음별 대모험,,,1996-07-24,,85485,819178999
남은 인생 10년,,,2023-05-24,,557775,5671172733
트랜스포머: 비스트의 서막,,,2023-06-06,,757601,7668078235
엘리멘탈,,,2023-06-14,,7205607,70806508242
플래시,,,2023-06-14,,625995,6648454904
귀공자,,,2023-06-21,,678924,6669367723
스파이더맨: 어크로스 더 유니버스,,,2023-06-21,,899320,9278825288
명탐정코난: 하이바라 아이 이야기 ~흑철의 미스터리 트레인,,,2023-06-23,,69283,722210300
수라,,,2023-06-21,,19222,172810105
인디아나 존스: 운명의 다이얼,,,2023-06-28,,849616,8404532508
"2022 영탁 단독 콘서트 ""탁쇼""",,,2023-06-28,,32667,783934000
애스터로이드 시티,,,2023-06-28,,29075,288009694
미션 임파서블: 데드 레코닝 PART ONE,,,2023-07-12,,4013101,40344289142
악마들,,,2023-07-05,,80476,805214658
보 이즈 어프레이드,,,2023-07-05,,53884,539801530
극장판 도라에몽: 진구와 하늘의 유토피아,,,2023-07-08,,62072,557983900
명탐정코난: 흑철의 어영,,,2023-07-20,,796713,7654373755
바비,,,2023-07-19,,555767,5448229713
인시디어스: 빨간 문,,,2023-07-19,,393323,4008546879
극장판 슈퍼윙스: 맥시멈 스피드,,,2023-07-20,,95297,858751565
밀수,,,2023-07-26,,5113127,49397693096
핑크퐁 시네마 콘서트3 : 진저브레드맨을 잡아라,,,2023-07-26,,24222,210526500
더 문,,,2023-08-02,,483231,4887972709
비공식작전,,,2023-08-02,,1041899,10034040641
몬스터 패밀리 2,,,2023-08-02,,99769,859293854
콘크리트 유토피아,,,2023-08-09,,3840463,37342791632
바다 탐험대 옥토넛 어보브 앤 비욘드 : 육지 넘어 하늘까지!,,,2023-08-10,,69558,621689150
오펜하이머,,,2023-08-15,,3208000,34106908972
달짝지근해: 7510,,,2023-08-15,,1371744,13304086012
보호자,,,2023-08-15,,123511,1200062696
메가로돈 2,,,2023-08-15,,123324,1290341499
마야 3: 숲속 왕국의 위기,,,2023-08-24,,44822,370265500
타겟,,,2023-08-30,,415063,3917755690
스파이 코드명 포춘,,,2023-08-30,,36397,338826524
신체모음.zip,,,2023-08-30,,51250,473262700
조이 라이드,,,2023-08-30,,10257,87337989
잠,,,2023-09-06,,1463111,13833745416
베니스 유령 살인사건,,,2023-09-13,,191470,1873525229
닌자터틀: 뮤턴트 대소동,,,2023-09-14,,50872,467263781
아이유 콘서트 : 더 골든 아워,,,2023-09-13,,66926,1573553500
"여름을 향한 터널, 이별의 출구",,,2023-09-14,,61902,636858000
가문의 영광: 리턴즈,,,2023-09-21,,156442,1504198215
그란 투리스모,,,2023-09-20,,105058,1051631783
아르고 원정대: 꼬마 영웅 패티의 대모험,,,2023-09-21,,64267,582451488
천박사 퇴마 연구소: 설경의 비밀,,,2023-09-27,,1901915,18509843557
1947 보스톤,,,2023-09-27,,1010900,9350162338
거미집,,,2023-09-27,,308803,2963063021
더 넌 2,,,2023-09-27,,350450,3646521705
극장판 엉덩이 탐정: 미스터리 가면 ~최강의 대결,,,2023-09-28,,120951,1102009160
30일,,,2023-10-03,,2161133,21220095902
크리에이터,,,2023-10-03,,249169,2647836950
퍼피 구조대: 더 마이티 무비,,,2023-10-06,,114678,1074575056
사나: 저주의 아이,,,2023-10-04,,66691,657606000
화란,,,2023-10-11,,254539,2456680992
화사한 그녀,,,2023-10-11,,84236,769755700
플라워 킬링 문,,,2023-10-19,,161754,1529850989
엑소시스트: 믿는 자,,,2023-10-18,,78260,808544882
익스펜더블 4,,,2023-10-18,,50222,484594060
블루 자이언트,,,2023-10-18,,100736,980401091
바람 따라 만나리 : 김호중의 계절,,,2023-10-18,,39295,906717500
그대들은 어떻게 살 것인가,,,2023-10-25,,1991071,19391314658
용감한 시민,,,2023-10-25,,261933,2402851487
소년들,,,2023-11-01,,452312,4303755719
톡 투 미,,,2023-11-01,,173374,1661107262
테일러 스위프트 디 에라스 투어,,,2023-11-03,,13723,397500500
더 마블스,,,2023-11-08,,678697,6739449809
뉴 노멀,,,2023-11-08,,96398,933759458
프레디의 피자가게,,,2023-11-15,,709645,6934650101
헝거게임: 노래하는 새와 뱀의 발라드,,,2023-11-15,,168880,1662938003
서울의 봄,,,2023-11-22,,13114138,127803459213
스노우 폭스: 썰매개가 될 거야!,,,2023-11-23,,82804,680299446
괴물,,,2023-11-29,,475358,4681017994
이빨요정 비올레타: 요정나라로 돌아갈래!,,,2023-11-18,,41317,347130400
싱글 인 서울,,,2023-11-29,,381205,3569191206
극장판 파워 디지몬 더 비기닝,,,2023-11-29,,24440,237344200
극장판 우당탕탕 은하안전단: 진정한 용기!,,,2023-11-30,,22117,166812610
3일의 휴가,,,2023-12-06,,487497,4597259062
나폴레옹,,,2023-12-06,,208098,2089569868
뽀로로 극장판 슈퍼스타 대모험,,,2023-12-13,,357851,3284139142
엔시티 네이션 : 투 더 월드 인 시네마,,,2023-12-06,,19906,442017500
쏘우 X,,,2023-12-13,,50316,524302177
말하고 싶은 비밀,,,2023-12-13,,65521,629794156
노량: 죽음의 바다,,,2023-12-20,,4550731,44804244586
아쿠아맨과 로스트 킹덤,,,2023-12-20,,868684,8898401492
신차원! 짱구는 못말려 더 무비 초능력 대결전 ~날아라 수제김밥~,,,2023-12-22,,907283,8779815400
트롤: 밴드 투게더,,,2023-12-20,,396373,3663304436
크레센도,,,2023-12-20,,19125,210759900
도티와 영원의 탑,,,2023-12-27,,41696,388161976
"바다 탐험대 옥토넛 어보브 앤 비욘드: 버드, 옥토경보를 울려라!",,,2023-12-27,,60669,495304260
류이치 사카모토: 오퍼스,,,2023-12-27,,31195,286201031
위시,,,2024-01-03,,1385854,13221556880
외계+인 2부,,,2024-01-10,,1406244,13564277654
인투 더 월드,,,2024-01-10,,332104,3026494116
길위에 김대중,,,2024-01-10,,110919,1068022451
시민덕희,,,2024-01-24,,1695197,16025654774
덤 머니,,,2024-01-17,,24992,233432545
도그맨,,,2024-01-24,,35065,330540933
웡카,,,2024-01-31,,3526209,33906635610
건국전쟁,,,2024-02-01,,1160625,10792964189
추락의 해부,,,2024-01-31,,71268,705476954
정글번치: 월드투어,,,2024-01-31,,20714,164238900
도그데이즈,,,2024-02-07,,364811,3548049613
데드맨,,,2024-02-07,,231476,2211484835
소풍,,,2024-02-07,,332667,2977628149
아가일,,,2024-02-07,,135539,1395932780
아기상어 극장판: 사이렌 스톤의 비밀,,,2024-02-07,,95668,847021633
"귀멸의 칼날: 인연의 기적, 그리고 합동 강화 훈련으로",,,2024-02-14,,479674,5442660700
파묘,,,2024-02-22,,11898834,115011243685
사운드 오브 프리덤,,,2024-02-21,,43217,479900700
브레드이발소: 셀럽 인 베이커리타운,,,2024-03-01,,185323,1586554980
듄: 파트2,,,2024-02-28,,1993107,23350610937
아이엠 티라노,,,2024-03-01,,45256,380985500
바튼 아카데미,,,2024-02-21,,24393,231820474
가여운 것들,,,2024-03-06,,146666,1465779256
패스트 라이브즈,,,2024-03-06,,107530,992260558
밥 말리: 원 러브,,,2024-03-13,,27283,250117549
랜드 오브 배드,,,2024-03-13,,40965,350177666
메이 디셈버,,,2024-03-13,,23931,224006569
극장판 스파이 패밀리 코드 : 화이트,,,2024-03-20,,261502,2611007725
나이트 스윔,,,2024-03-20,,14090,133484800
탐정 말로,,,2024-03-21,,13041,98410200
댓글부대,,,2024-03-27,,970832,9225408733
고질라 X 콩: 뉴 엠파이어,,,2024-03-27,,506726,5076739231
1980,,,2024-03-27,,32237,291901745
악은 존재하지 않는다,,,2024-03-27,,19308,196186256
오멘: 저주의 시작,,,2024-04-03,,174052,1789740877
비키퍼,,,2024-04-03,,97197,908032505
유미의 세포들 더 무비,,,2024-04-03,,49392,378685320
기동전사 건담 시드 프리덤,,,2024-04-03,,36235,398095581
쿵푸팬더4,,,2024-04-10,,1766417,16493657847
골드핑거,,,2024-04-10,,27872,248314956
슈가│어거스트 디 투어 ‘디-데이’ 더 무비,,,2024-04-10,,20624,595317500
고스트버스터즈: 오싹한 뉴욕,,,2024-04-17,,49520,455139403
범죄도시4,,,2024-04-24,,11492094,109952243841
스턴트맨,,,2024-05-01,,203085,2076288744
챌린저스,,,2024-04-24,,64634,631895699
몬스터 프렌즈,,,2024-04-25,,7403,62209195
레옹 ,,,1995-02-18,,65365,488843702
"포켓몬스터: 성도지방 이야기, 최종장",,,2024-05-01,,150856,1329479845
꼬마참새 리차드: 신비한 보석 탐험대,,,2024-05-01,,17798,146199300
극장판 실바니안 패밀리: 프레야의 선물,,,2024-05-01,,13753,107404850
혹성탈출: 새로운 시대,,,2024-05-08,,898588,9093027958
악마와의 토크쇼,,,2024-05-08,,89244,863349600
쇼생크 탈출,,,1995-02-04,,47424,414947067
그녀가 죽었다,,,2024-05-15,,1222026,11678452411
극장판 하이큐!! 쓰레기장의 결전,,,2024-05-15,,712092,7323368219
가필드 더 무비,,,2024-05-15,,330676,2933737194
이프: 상상의 친구,,,2024-05-15,,99180,893665727
퓨리오사: 매드맥스 사가,,,2024-05-22,,1598438,16420271028
청춘 18X2 너에게로 이어지는 길,,,2024-05-22,,102090,990307787
설계자,,,2024-05-29,,522366,4701368067
드림 시나리오,,,2024-05-29,,21050,176741216
결속밴드 라이브 -항성-,,,2024-05-29,,10112,111595600
원더랜드,,,2024-06-05,,617681,5845032754
나쁜 녀석들: 라이드 오어 다이,,,2024-06-06,,137048,1358773646
명탐정 코난 VS 괴도 키드,,,2024-06-05,,87601,865586100
존 오브 인터레스트,,,2024-06-05,,176337,1757309291
인사이드 아웃 2,,,2024-06-12,,8754802,84092974628
드라이브,,,2024-06-12,,55613,503856455
하이재킹,,,2024-06-21,,1767851,16793987644
핸섬가이즈,,,2024-06-26,,1763296,16481831900
프렌치 수프,,,2024-06-19,,30105,285073279
콰이어트 플레이스: 첫째 날,,,2024-06-26,,545376,5310419896
밤낚시,,, ,,40131,44484000
언더더씨: 마법 산호초를 찾아서,,,2024-06-27,,19344,162477855
탈주,,,2024-07-03,,2544280,24075867072
퍼펙트 데이즈,,,2024-07-03,,83592,787374539
만천과해,,,2024-07-03,,8929,66459700
탈출: 프로젝트 사일런스,,,2024-07-12,,672057,6553801231
극장판 도라에몽: 진구의 지구 교향곡,,,2024-07-10,,61637,535713300
플라이 미 투 더 문,,,2024-07-12,,39174,365353903
러브 라이즈 블리딩,,,2024-07-10,,17814,129354250
우마무스메 프리티 더비 새로운 시대의 문,,,2024-07-11,,18123,190942062
명탐정 코난: 100만 달러의 펜타그램,,,2024-07-17,,700660,6813552641
슈퍼배드 4,,,2024-07-24,,1539379,14002048857
2023 영탁 단독 콘서트 : 탁쇼2,,,2024-07-18,,19317,482832000
데드풀과 울버린,,,2024-07-24,,1942129,20121624024
파일럿,,,2024-07-31,,4670062,42827086101
사랑의 하츄핑,,,2024-08-07,,1212652,10882238222
헬로카봇 올스타 스페셜,,,2024-07-31,,29948,245760600
리볼버,,,2024-08-07,,243277,2284714758
극장총집편 봇치 더 록! 전편,,,2024-08-07,,41853,483283400
빅토리,,,2024-08-14,,488148,4357664867
에이리언: 로물루스,,,2024-08-14,,1996531,20385436880
행복의 나라,,,2024-08-14,,690188,6380996857
트위스터스,,,2024-08-14,,608562,6319012289
늘봄가든,,,2024-08-21,,330122,3169570059
필사의 추격,,,2024-08-21,,81995,736455434
극장판 블루 록 -에피소드 나기-,,,2024-08-21,,38392,360389600
임영웅│아임 히어로 더 스타디움,,,2024-08-28,,346289,9801282500
한국이 싫어서,,,2024-08-28,,40725,348179707
"안녕, 할부지",,,2024-09-04,,237912,2209790039
비틀쥬스 비틀쥬스,,,2024-09-04,,82323,819943266
룩백,,,2024-09-05,,231307,2214883294
베테랑2,,,2024-09-13,,7519841,72423818514
브레드이발소: 빵스타의 탄생,,,2024-09-14,,236739,2067580100
오지: 사라진 숲을 찾아서,,,2024-09-13,,46784,363898225
트랜스포머 ONE,,,2024-09-25,,349341,3266219645
 극장총집편 봇치 더 록! 후편,,,2024-09-25,,20515,205150900
정국: 아이 엠 스틸,,,2024-09-18,,38577,963867500
더 커버넌트,,,2024-09-27,,15261,137246520
조커: 폴리 아 되,,,2024-10-01,,606336,6323565000
대도시의 사랑법,,,2024-10-01,,872909,8246836610
와일드 로봇,,,2024-10-01,,679109,6160505545
명탐정 코난: 시한장치의 마천루,,,2024-10-02,,80825,786129490
"극장판 엉덩이 탐정: 안녕, 나의 영원한 친구",,,2024-10-01,,35874,305570450
너의 색,,,2024-10-12,,18983,173652900
보통의 가족,,,2024-10-16,,637811,5931172910
더러운 돈에 손대지 마라,,,2024-10-17,,84296,783816680
스마일 2,,,2024-10-16,,50163,494186170
6시간 후 너는 죽는다,,,2024-10-16,,33583,381466200
베놈: 라스트 댄스,,,2024-10-23,,1758887,17211038488
오후 네시,,,2024-10-23,,12512,110708100
아마존 활명수,,,2024-10-30,,597112,5315355180
롱레그스,,,2024-10-30,,29214,254721400
4분 44초,,,2024-11-01,,26263,105050000
청설,,,2024-11-06,,794183,7416370760
레드 원,,,2024-11-06,,57059,564612580
데드라인,,,2024-11-06,,24556,177748600
아노라,,,2024-11-06,,34518,347943780
글래디에이터 Ⅱ,,,2024-11-13,,897092,8748582540
사흘,,,2024-11-14,,194728,1828319440
위키드,,,2024-11-20,,2195165,21677201940
히든페이스,,,2024-11-20,,1001871,9490121540
나의 히어로 아카데미아 더 무비: 유어 넥스트,,,2024-11-20,,61240,596162900
모아나 2,,,2024-11-27,,3522517,32533317750
1승,,,2024-12-04,,316483,2766937830
대가족,,,2024-12-11,,289598,2577236820
소방관,,,2024-12-04,,3840551,36145572270
"플레이브 팬 콘서트 ‘헬로, 아스테룸!’ 앙코르 인 시네마",,,2024-12-04,,20397,598436500
원정빌라,,,2024-12-04,,10854,90805000
서브스턴스,,,2024-12-11,,507433,4950444520
퍼스트레이디,,,2024-12-12,,66147,644192120
무파사: 라이온 킹,,,2024-12-18,,833832,8188072950
극장판 짱구는 못말려: 우리들의 공룡일기,,,2024-12-18,,762895,7177275100
하얼빈,,,2024-12-24,,4896225,46823971480
니코: 오로라 원정대의 모험,,,2024-12-25,,45558,407300740
뽀로로 극장판 바닷속 대모험,,,2025-01-01,,403244,3470494790
보고타: 마지막 기회의 땅,,,2024-12-31,,396287,3669720540
수퍼 소닉3,,,2025-01-01,,322100,2950620910
시빌 워: 분열의 시대,,,2024-12-31,,80373,836845230
동화지만 청불입니다,,,2025-01-08,,157616,1465916720
검은 수녀들,,,2025-01-24,,1651348,15964611180
히트맨2,,,2025-01-22,,2527206,23802552080
극장판 포켓몬스터 AG: 뮤와 파동의 용사 루카리오,,,2025-01-22,,166668,1475884740
아이유 콘서트 : 더 위닝,,,2025-01-24,,65934,1819896500
귀신경찰,,,2025-01-24,,47444,421560300
말할 수 없는 비밀,,,2025-01-27,,817256,7794311600
바다 탐험대 옥토넛 어보브 앤 비욘드 : 극지방 대작전,,,2025-01-27,,30631,288296900
브로큰,,,2025-02-05,,192001,1781570620
더 폴: 디렉터스 컷,,,2024-12-25,,139162,1437408700
캡틴 아메리카: 브레이브 뉴 월드,,,2025-02-12,,1650583,16338724666
명탐정 코난: 14번째 표적,,,2025-02-14,,67982,642161280
브루탈리스트,,,2025-02-12,,52350,531029220
엘리: 몬스터 패밀리,,,2025-02-14,,17509,149329800
퇴마록,,,2025-02-21,,490404,4656067400
"그 시절, 우리가 좋아했던 소녀",,,2025-02-21,,158879,1420582100
패딩턴: 페루에 가다!,,,2025-02-19,,119057,1032844200
영화 이상한 과자 가게 전천당,,,2025-02-19,,26187,218147100
미키 17,,,2025-02-28,,2998400,29558031520
괜찮아 괜찮아 괜찮아! ,,,2025-02-26,,100592,897041800
컴플리트 언노운,,,2025-02-26,,51936,500744210
이찬원 콘서트 찬가: 디어 마이 찬스,,,2025-02-26,,30268,756575000
백수아파트,,,2025-02-26,,27136,236444380
콘클라베,,,2025-03-05,,314141,2992126420
힘내라 대한민국,,,2025-02-27,,58462,542533740
플레이브 '대쉬' 인 시네마,,, ,,32702,32702000
극장판 진격의 거인 완결편 더 라스트 어택,,,2025-03-13,,884406,9013127750
침범,,,2025-03-12,,79338,716494200
노보케인,,,2025-03-12,,24010,216551400
에밀리아 페레즈,,,2025-03-12,,20603,170662400
200% 울프: 최강 푸들이 될 거야!,,,2025-03-12,,12153,92992900
백설공주,,,2025-03-19,,172790,1632247010
스트리밍,,,2025-03-21,,102316,990234120
플로우,,,2025-03-19,,166713,1596552380
고독한 미식가 더 무비,,,2025-03-19,,79334,737840480
악령: 깨어난 시체,,,2025-03-19,,29098,342724800
승부,,,2025-03-26,,2133815,19933027560
라스트 마일,,,2025-03-26,,38479,327885800
로비,,,2025-04-02,,257114,2431734640
헤레틱,,,2025-04-02,,24740,196496900
세븐틴 [라잇 히어] 월드 투어 인 시네마,,,2025-04-02,,14728,395921500
미스터 로봇,,,2025-04-04,,15513,132301700
아마추어,,,2025-04-09,,92619,870418950
베러맨,,,2025-04-09,,22687,177710600
야당,,,2025-04-16,,3368648,31913029430
백설공주와 일곱난쟁이,,,2025-04-10,,15017,131000520
A MINECRAFT MOVIE 마인크래프트 무비,,,2025-04-26,,1344309,12615397670
브리짓 존스의 일기: 뉴 챕터,,,2025-04-16,,41104,376784020
마리아,,,2025-04-16,,13571,120503860
압수수색: 내란의 시작,,,2025-04-23,,41578,400446420
스노우 폭스2: 몬스터타운 구하기,,,2025-04-26,,9519,76051800
파과,,,2025-04-30,,546552,5221993700
4월 이야기,,,2000-04-08,,13403,100782900
거룩한 밤: 데몬 헌터스,,,2025-04-30,,770420,7145112600
썬더볼츠＊,,,2025-04-30,,913622,9199158360
시크릿쥬쥬 마법의 하모니,,,2025-05-01,,61155,555298460
해피엔드,,,2025-04-30,,79842,777628780
바이러스,,,2025-05-07,,71790,643194660
괴수 8호: 미션 리컨,,,2025-05-07,,27346,261433520
미션 임파서블: 파이널 레코닝,,,2025-05-17,,3377496,33115290290
파이널 데스티네이션 블러드라인,,,2025-05-14,,70307,705711590
릴로 & 스티치,,,2025-05-21,,471299,4438117060
"부정선거, 신의 작품인가",,,2025-05-21,,22947,207743960
나를 모르는 그녀의 세계에서,,,2025-05-22,,18808,163768800
하이파이브,,,2025-05-30,,1876330,17407288770
소주전쟁,,,2025-05-30,,271980,2549522990
씨너스: 죄인들,,,2025-05-28,,57722,651742780
알사탕,,, ,,111094,555480000
극장판 프로젝트 세카이 부서진 세카이와 전해지지 않는 미쿠의 노래,,,2025-05-29,,71227,678331010
페니키안 스킴,,,2025-05-28,,19014,175033050
드래곤 길들이기,,,2025-06-06,,1778151,17835062630
신명,,,2025-06-02,,777701,7407342580
브링 허 백,,,2025-06-06,,62673,526119800
태양의 노래,,,2025-06-11,,17303,154562000
엘리오,,,2025-06-18,,591746,5436452120
28년 후,,,2025-06-19,,346120,3098292460
퀴어,,,2025-06-20,,11028,114540100
F1 더 무비,,,2025-06-25,,2393825,25821455060
노이즈,,,2025-06-25,,1637852,16064542810
바람계곡의 나우시카,,,2000-12-30,,48555,463776980
무명 無名,,,2025-06-25,,59231,558705200
쥬라기 월드: 새로운 시작,,,2025-07-02,,2162556,20609961110
슈퍼맨,,,2025-07-09,,841254,8505470900
괴기열차,,,2025-07-09,,92535,860619210
극장판 도라에몽: 진구의 그림이야기,,,2025-07-16,,48057,398395500
킹 오브 킹스,,,2025-07-16,,730121,6924314386
명탐정 코난: 척안의 잔상,,,2025-07-16,,523238,5148397960
메간 2.0,,,2025-07-16,,15892,152101550
전지적 독자 시점,,,2025-07-23,,627862,6300085080
판타스틱 4: 새로운 출발,,,2025-07-24,,342379,3812202970
베베핀 극장판: 사라진 베베핀과 핑크퐁 대모험,,,2025-07-24,,69123,655264080
좀비딸,,,2025-07-30,,29892,292157900
