title,director,country,release_date,genres,누적관객수,누적매출액,평점
태양의 노래,Jo Young-jun,South Korea,2025-06-11,Drama,17303.0,154562000.0,7
좀비딸,Pil Gam-seong,South Korea,2025-07-30,Comedy,29892.0,292157900.0,7
바이러스,Kang Yi-kwan,South Korea,2025-05-07,Drama,71790.0,643194660.0,8
우리 둘 사이에,Seong Ji-hye,South Korea,2025-07-30,Drama,,,7
엣 더 벤치,Okuyama Yoshiyuki,Japan,2025-07-30,Drama,,,7
배드 가이즈 2,Pierre Perifel,United States,2025-07-30,Animation,,,9
방탄소년단 아미: 포에버 위 아 영,Unknown_Random,United States,2025-07-30,Documentary,,,5
반 고흐. 밀밭과 구름 낀 하늘,Unknown_Random,Italy,2025-07-30,Documentary,,,8
고고다이노 극장판: 게코도마뱀의 꿈,Lee Won-jae,South Korea,2025-07-30,Animation,,,7
젖 큰 자매 수상한 형제,Unknown_Random,South Korea,2025-07-03,Drama,,,6
메가 킹,Unknown_Random,United States,2025-07-03,Action,,,3
왓 리메인즈,Nathan Scoggins,United States,2025-07-01,Crime,,,7
남친보다 부장님이 좋아요 무삭제판,Kin-pika Hanukemaru,Japan,2025-07-29,Drama,,,7
어른이 된 여동생 무삭제판,Sato Inosuke,Japan,2025-07-29,Drama,,,7
플로우,Gints Zilbalodis,Unknown,2025-03-19,Animation,166713.0,1596552380.0,9
전지적 독자 시점,Kim Byung-woo,South Korea,2025-07-23,Fantasy,627867.0,6300140580.0,7
꼬마마법사 주니토니,Seo Dong-hae,South Korea,2025-07-26,Animation,,,7
더 킬러스,"Unknown_Random, Unknown_Random, Jang Hang-jun, Unknown_Random",South Korea,2024-10-23,Drama,,,7
판타스틱 4: 새로운 출발,Matt Shakman,United States,2025-07-24,Action,342389.0,3812345970.0,8
슬리핑 독스,Unknown_Random,United States,2025-07-24,Thriller,,,9
베베핀 극장판: 사라진 베베핀과 핑크퐁 대모험,Byun Hee-sun,South Korea,2025-07-24,Animation,69127.0,655299080.0,7
레이턴시,Unknown_Random,"United States, Thailand",2025-07-24,Action,,,4
하이큐!! 땅 VS 하늘,Sato Masako,Japan,2020-01-23,Animation,33745.0,280876960.0,7
극장판 다이노맨: 공룡산의 비밀,Kim Ho-rak,South Korea,2025-07-25,Animation,,,7
귀멸의 칼날: 도공 마을 적습편,Sotozaki Haruo,Japan,2025-07-25,Animation,,,7
귀멸의 칼날: 도공 마을 이어진 인연편,Sotozaki Haruo,Japan,2025-07-25,Animation,,,7
조카의 물건에 느껴버린 욕구불만 아내,Gedo Haruhiko,Japan,2025-07-23,Drama,,,7
방문 판매원의 스킬에 젖어버린 유부녀,Gedo Haruhiko,Japan,2025-07-23,Drama,,,7
이사,Somai Shinji,Japan,2025-07-23,Drama,,,7
오키나와 블루노트,Jo Sung-kyu,South Korea,2025-07-23,Drama,,,7
아이 킬 유,Yoo Ha,South Korea,2025-07-23,Action,,,7
비밀의 화원,Kim Seong-hwan,South Korea,2025-07-23,Drama,,,7
뮤지컬 오지게 재밌는 가시나들,Unknown_Random,South Korea,2025-07-23,Musical,,,8
망국전쟁 : 뉴라이트의 시작,Unknown_Random,South Korea,2025-07-23,Documentary,,,3
대탈출 : 더 스토리 특별판,Unknown_Random,South Korea,2025-07-23,Unknown_Random,,,9
8과 1/2,Federico Fellini,Italy,2025-07-23,Drama,,,7
명탐정 코난: 척안의 잔상,Shigehara Katsuy,Japan,2025-07-16,Animation,523239.0,5148402960.0,7
극장판 도라에몽: 진구의 그림이야기,Teramoto Yukiyo,Japan,2025-07-16,Animation,48057.0,398395500.0,7
소주전쟁,Unknown_Random,South Korea,2025-05-30,Drama,271980.0,2549522990.0,6
갈릴리 예수,Unknown_Random,United States,2020-11-26,Documentary,4718.0,38929850.0,5
무명 無名,Yu Jin-joo,South Korea,2025-06-25,Documentary,59231.0,558705200.0,7
"빛의 혁명, 민주주의를 지키다",Unknown_Random,South Korea,2025-05-30,Documentary,,,10
씨그널: 바다의 마지막 신호,"Unknown_Random, Unknown_Random",South Korea,2025-07-16,Documentary,,,7
킹 오브 프리즘 -유어 엔드리스 콜- 모두 빛나라! 프리즘 투어즈,Hishida Masakazu,Japan,2025-07-18,Animation,,,7
스파이에어 저스트 라이크 디스 2024,Unknown_Random,Japan,2025-07-18,Concert,,,2
귀멸의 칼날: 환락의 거리 잠입편,Sotozaki Haruo,Japan,2025-07-18,Animation,,,7
귀멸의 칼날: 환락의 거리 결전편,Sotozaki Haruo,Japan,2025-07-18,Animation,,,7
2024 태민 월드 투어 [이페머럴 게이즈],Unknown_Random,South Korea,2025-07-18,Concert,,,6
이상한 집,Ishikawa Junichi,Japan,2025-07-17,Thriller,,,7
구마수녀 - 들러붙었구나,Na Hong-jin,South Korea,2025-07-17,Horror,,,7
우리들의 교복시절,Chuang Ching-shen,Taiwan,2025-07-11,Drama,,,7
하이파이브,Kang Hyeong-cheol,South Korea,2025-05-30,Comedy,1876330.0,17407288770.0,7
약물 중독 환자로 인해 타락하는 청순 간호사,Kitorune Kawaguchi,Japan,2025-07-16,Drama,,,7
절친의 거유 아내를 탐하고 조련하는 친구,Unknown_Random,Japan,2025-07-16,Drama,,,4
킹 오브 킹스,Jang Sung-ho,South Korea,2025-07-16,Animation,730125.0,6924338386.0,7
커미션,Shin Jae-min,South Korea,2025-07-16,Mystery,,,7
일과 날,"Unknown_Random, Unknown_Random",South Korea,2025-07-16,Documentary,,,7
미세리코르디아,Alain Guiraudie,"France, Spain, Portugal",2025-07-16,Drama,,,7
메간 2.0,Gerald Johnstone,United States,2025-07-16,Horror,15892.0,152101550.0,7
꿈꾸는 사진관,Jeong Cho-sin,South Korea,2025-07-16,Drama,,,7
1승,Shin Yeon-shick,South Korea,2024-12-04,Drama,316483.0,2766937830.0,8
남색대문,Li Qian,Taiwan,2021-08-18,Drama,,,7
봄밤,Kang Mi-ja,South Korea,2025-07-09,Drama,,,7
쥬라기 월드: 새로운 시작,Gareth Edwards,United States,2025-07-02,Unknown_Random,2162558.0,20609979110.0,7
탈명검: 첩혈강호,Unknown_Random,China,2022-02-15,Action,,,8
내가 누워있을 때,Choi Jeong-mun,South Korea,2025-05-28,Drama,,,7
노이즈,Kim Su-jin,South Korea,2025-06-25,Horror,1637855.0,16064564810.0,7
"하이큐!! 리에프 등장! & VS""낙제점""",Mitsunaka Susumu,Japan,2025-07-31,Animation,,,7
하이브 시네마 노래방,Unknown_Random,South Korea,2025-07-10,Unknown,,,3
투모로우바이투게더 월드 투어 '액트 : 스위트 미라지',Unknown_Random,South Korea,2025-07-10,Concert,,,9
영화 코바야시네 메이드래곤 외로움쟁이 용,Ishihara Tatsuy,Japan,2025-07-10,Animation,,,7
엔하이픈 월드 투어 '페이트',Unknown_Random,South Korea,2025-07-10,Concert,,,9
세븐틴 월드 투어 '비 더 선',Unknown_Random,South Korea,2025-07-10,Concert,,,7
방탄소년단 '맵 오브 더 소울 : 원',Unknown_Random,South Korea,2025-07-10,Concert,,,9
여름이 지나가면,Jang Byung-ki,South Korea,2025-07-09,Drama,,,7
발코니의 여자들,Noémie Lvovsky,France,2025-07-09,Comedy,,,8
슈퍼맨,James Gunn,United States,2025-07-09,Action,841255.0,8505481900.0,8
뮤지컬 라파치니의 정원,Unknown_Random,South Korea,2025-07-09,Concert,,,6
괴기열차,Tak Se-ung,South Korea,2025-07-09,Horror,92535.0,860619210.0,7
영면,"Unknown_Random, Unknown_Random, Unknown_Random, Unknown_Random",South Korea,2021-07-01,Drama,,,7
자기만의 방,Oh Se-ho,South Korea,2024-11-20,Family,,,7
사스콰치 선셋,"Unknown_Random, Unknown_Random",United States,2025-07-02,Comedy,,,7
힘을 낼 시간,Namkoong Sun,South Korea,2024-12-18,Drama,,,7
신명,Unknown_Random,South Korea,2025-06-02,Drama,777701.0,7407342580.0,6
된장이,Jo Han-byeol,South Korea,2025-07-02,Comedy,,,7
파과,Min Kyu-dong,South Korea,2025-04-30,Action,546552.0,5221993700.0,7
퀴어,Luca Guadagnino,Italy,2025-06-20,Drama,11028.0,114540100.0,8
바다호랑이,Jeong Yoon-cheol,South Korea,2025-06-25,Drama,,,7
천국은 없다,Son Seung-ung,South Korea,2025-06-25,Action,,,7
엘리오,"Unknown_Random, Unknown_Random, Unknown_Random",United States,2025-06-18,Animation,591746.0,5436452120.0,7
위장수사,Unknown_Random,Unknown_Random,2025-06-27,Crime,,,3
씨지브이 에이아이 영화제 수상작,Unknown_Random,South Korea,2025-06-27,Drama,,,8
씨지브이 에이아이 영화제 노미네이트 작품전,Unknown_Random,South Korea,2025-06-27,Drama,,,6
세하별,Kim Woo-suk,South Korea,2025-06-25,Family,,,7
몽정 시아버지와 며느리,Unknown_Random,South Korea,2025-06-20,Drama,,,8
먹고 싶던 동창의 맛,Unknown_Random,South Korea,2025-06-20,Drama,,,5
태극기 집회 / 7년의 기록,Unknown_Random,South Korea,2025-06-19,Documentary,,,2
여관엄마,Noh Sae-gi,South Korea,2025-06-17,Drama,,,7
28년 후,Danny Boyle,United States,2025-06-19,Horror,346120.0,3098292460.0,8
어거스트 버진,Jonás Trueba,Spain,2022-03-24,Drama,,,8
후레루.,Mari Okada,Japan,2025-06-25,Animation,,,7
모네의 수련. 물과 빛의 마법,Unknown_Random,Italy,2025-06-25,Documentary,,,6
네이키드 런치,David Cronenberg,"Canada, United Kingdom",2025-06-25,Drama,,,7
F1 더 무비,Joseph Kosinski,United States,2025-06-25,Drama,2393834.0,25821549560.0,9
극장판 프로젝트 세카이 부서진 세카이와 전해지지 않는 미쿠의 노래,Unknown_Random,Japan,2025-05-29,Animation,71227.0,678331010.0,8
잉글리시 내셔널 발레 '백조의 호수',Unknown_Random,United Kingdom,2025-06-24,Concert,,,8
악마들,Kim Jae-hun,South Korea,2023-07-05,Action,80476.0,805214658.0,7
악의 도시,Hyun Woo-sung,South Korea,2025-06-20,Thriller,,,7
페니키안 스킴,Wes Anderson,United States,2025-05-28,Drama,19014.0,175033050.0,8
귤레귤레,Ko Bong-soo,South Korea,2025-06-11,Drama,,,10
승리의 시작,Kwon Soon-do,South Korea,2025-06-19,Documentary,,,7
"극장판 뱅드림! 잇츠 마이고!!!!! 후편: 노래하자, 우리가 될 수 있는 노래 & 필름 라이브",Kakimoto Kodai,Japan,2025-06-19,Animation,,,7
풀,Lee Su-jeong,South Korea,2025-06-18,Documentary,,,7
탐정 키엔: 사라진 머리,Victor Vu,Vietnam,2025-06-18,Horror,,,7
차은우 브이알 콘서트 : 메모리즈 (CHA EUN-WOO VR CONCERT : MEMORIES ),Kim Ji-ae,South Korea,2025-06-18,Concert,,,7
잔챙이,Park Joong-ha,South Korea,2025-06-18,Drama,,,9
니캡,Unknown_Random,"Ireland, United Kingdom",2025-06-18,Comedy,,,10
기빗올: 우리들의 썸머,Sakuragi Yuhei,Japan,2025-06-18,Animation,,,7
기타맨,"Unknown_Random, Unknown_Random",South Korea,2025-05-30,Drama,,,7
"다시 만날, 조국","Jeong Yoon-cheol, Unknown_Random",South Korea,2025-05-14,Documentary,,,7
어네스트와 셀레스틴: 멜로디 소동,Unknown_Random,France,2025-06-11,Animation,,,3
공작새,Byun Sung-bin,South Korea,2024-10-23,Drama,,,6
퀸메리호: 저주받은 항해,Gary Shore,United States,2025-06-13,Mystery,,,7
검은 수녀들,Kwon Hyuk-jae,South Korea,2025-01-24,Mystery,1651348.0,15964611180.0,7
나이트 오브 울브즈,Steven C. Miller,United States,2025-06-12,Action,,,7
인피니트 15주년 콘서트 리미티드 에디션 더 무비,Son Seok,South Korea,2025-06-11,Concert,,,7
어브로드,Giovanni Fumu,South Korea,2025-06-11,Mystery,,,7
초상화의 이면. 아카데미아 카라라의 보물들,Unknown_Random,Italy,2025-05-28,Documentary,,,7
미야자키 하야오: 자연의 영혼,Léo Favier,France,2025-05-28,Documentary,,,9
브링 허 백,"Unknown_Random, Unknown_Random",United States,2025-06-06,Horror,62673.0,526119800.0,8
드래곤 길들이기,Dean DeBlois,United States,2025-06-06,Action,1778151.0,17835062630.0,9
극장판 블리치 : 페이드 투 블랙,Unknown_Random,Japan,2025-06-06,Animation,,,4
야당,Hwang Byoung-gook,South Korea,2025-04-16,Crime,3368648.0,31913029430.0,7
2035: 더 그린라이트,Unknown_Random,South Korea,2025-06-04,Mystery,,,9
미치광이 피에로,Unknown_Random,"France, Italy",2025-06-04,Drama,,,3
아마데우스 오리지널 리마스터링,Unknown_Random,United States,2025-06-04,Drama,,,9
분리수거,Unknown_Random,South Korea,2025-05-21,Drama,,,3
위키드,Unknown_Random,United States,2024-11-20,Fantasy,2195165.0,21677201940.0,3
신성한 나무의 씨앗,Unknown_Random,Germany,2025-06-03,Drama,,,8
주차금지,Son Hyun-woo,South Korea,2025-05-21,Thriller,,,7
해피해피,Lee Su-seong,South Korea,2025-05-29,Drama,,,7
스위트홈 감독판,Unknown_Random,South Korea,2025-05-29,Thriller,,,8
기억의 조각,Unknown_Random,South Korea,2025-05-29,Drama,,,10
거룩한 밤: 데몬 헌터스,Unknown_Random,South Korea,2025-04-30,Action,770420.0,7145112600.0,7
나미비아의 사막,Unknown_Random,Japan,2025-05-07,Drama,,,8
씨너스: 죄인들,Unknown_Random,United States,2025-05-28,Action,57722.0,651742780.0,4
브릭레이어,Unknown_Random,Hungary,2025-05-28,Action,,,5
바운디 라이브 인 런던,Unknown_Random,Japan,2025-05-28,Concert,,,10
우주전쟁: 라스트 아포칼립스,Unknown_Random,United States,2025-04-24,Thriller,,,7
쓰나미 10.0,Unknown_Random,United States,2025-04-17,Unknown,,,10
7인의 사무라이,Unknown_Random,United States,2025-04-10,Action,,,4
메가 게이터,Unknown_Random,United States,2025-04-03,Action,,,4
투모로우 아마겟돈,Unknown_Random,United States,2025-05-14,Drama,,,2
파이널 데스티네이션 블러드라인,"Unknown_Random, Unknown_Random",United States,2025-05-14,Horror,70307.0,705711590.0,7
극장판 짱구는 못말려: 격돌! 낙서왕국과 얼추 네 명의 용사들,Unknown_Random,Japan,2021-09-15,Animation,196931.0,1872787000.0,2
말없는 소녀,Unknown_Random,Ireland,2023-05-31,Drama,,,9
케이 넘버,Unknown_Random,South Korea,2025-05-14,Documentary,,,7
릴로 & 스티치,Unknown_Random,United States,2025-05-21,Animation,471299.0,4438117060.0,7
미션 임파서블: 파이널 레코닝,Unknown_Random,United States,2025-05-17,Action,3377496.0,33115290290.0,4
어른 김장하,Unknown_Random,South Korea,2023-11-15,Documentary,,,4
마마무 2021 웨어 아 위 콘서트 더 무비,Son Seok,South Korea,2021-12-03,Concert,,,7
클로즈 유어 아이즈,Unknown_Random,Spain,2024-11-06,Drama,,,5
서브스턴스,Unknown_Random,United Kingdom,2024-12-11,Thriller,507433.0,4950444520.0,6
대가족,Yang Woo-suk,South Korea,2024-12-11,Drama,289598.0,2577236820.0,7
달팽이의 회고록,Adam Elliot,Australia,2025-04-30,Animation,,,9
"부정선거, 신의 작품인가",Unknown_Random,South Korea,2025-05-21,Documentary,22947.0,207743960.0,4
프리 폴,Oleh Urazayev,Russia,2025-05-21,Science Fiction,,,7
전장의 유산,Kim Chae-young,South Korea,2025-05-21,Documentary,,,7
로데오,Lola Kibréon,France,2025-05-21,Drama,,,7
그리드맨 유니버스,Amemiya Akira,Japan,2025-05-21,Animation,,,7
드라이브,Park Dong-hee,South Korea,2024-06-12,Thriller,55613.0,503856455.0,7
사막을 건너 호수를 지나,"Unknown_Random, Unknown_Random",South Korea,2021-12-30,Documentary,,,7
보이 인 더 풀,Ryu Yeon-soo,South Korea,2025-05-14,Drama,,,7
도토리,Heo Young-cheol,South Korea,2024-06-27,Drama,,,7
복수는 나의것,Imamura Shohei,Japan,2024-11-06,Crime,,,7
귀신들,Hwang Seung-jae,South Korea,2025-04-09,Science Fiction,,,7
언더 유어 베드,Sabu,South Korea,2023-12-13,Thriller,,,7
극장판 블리치 : 다이아몬드 더스트 리벨리온,Unknown_Random,Japan,2025-05-16,Animation,,,10
썬레이: 폴른 솔저,Unknown_Random,United Kingdom,2025-05-15,Crime,,,2
노스페라투,Robert Eggers,United States,2025-01-15,Horror,,,8
압수수색: 내란의 시작,Kim Yong-jin,South Korea,2025-04-23,Documentary,41578.0,400446420.0,8
위드 러브,Jonathan Eusebio,United States,2025-05-14,Action,,,7
세븐 베일즈,Atom Egoyan,Canada,2025-05-14,Drama,,,7
극장판 닌자보이 란타로: 도쿠타케 닌자대 최강의 군사,Fujimori Masaya,Japan,2025-05-14,Animation,,,7
그 자연이 네게 뭐라고 하니,Hong Sang-soo,South Korea,2025-05-14,Drama,,,8
고양이 수비대: 모나리자를 지켜라!,Vasily Rovenskiy,Russia,2025-05-14,Animation,,,7
썬더볼츠＊,Jake Schreier,United States,2025-04-30,Action,913622.0,9199158360.0,8
하보우만의 약속,Lee Jang-ho,South Korea,2025-04-16,Documentary,,,6
여성국극 끊어질듯 이어지고 사라질듯 영원하다,Yoo Su-yeon,South Korea,2025-03-19,Documentary,,,7
기도의 힘,Alex Kendrick,United States,2020-04-09,Drama,,,9
비욘드 유토피아,Madeleine Gavin,United States,2024-01-31,Documentary,,,7
탈주,Lee Jong-pil,South Korea,2024-07-03,Action,2544280.0,24075867072.0,8
남으로 가는 길,Kim Sang-rae,"South Korea, Unknown_Random",2025-04-02,Drama,,,7
가면-감춰진 진실,Unknown_Random,Canada,2021-12-31,Documentary,,,7
시대혁명,Unknown_Random,United Kingdom,2022-10-13,Documentary,,,10
페퍼톤스 인 시네마 : 에브리씽 이즈 오케이,Jo Yoon-soo,South Korea,2025-05-09,Concert,,,7
브루탈리스트,Unknown_Random,United States,2025-02-12,Drama,52350.0,531029220.0,9
해피엔드,Unknown_Random,Japan,2025-04-30,Drama,79842.0,777628780.0,6
우리는 공산당이 싫어요,Unknown_Random,South Korea,2025-05-09,Documentary,,,6
로망스,Unknown_Random,South Korea,2025-02-27,Comedy,,,6
쫑알쫑알 똘똘이: 이상한 마을 대모험,Unknown_Random,South Korea,2025-04-30,Animation,,,9
데드 어게인,Son Hyun-woo,South Korea,2025-05-08,Thriller,,,7
드라이브 인 타이페이,Unknown_Random,France,2025-04-11,Action,,,10
어웨이크,Unknown_Random,South Korea,2022-08-24,Mystery,,,5
호랑이 소녀,Unknown_Random,Unknown_Random,2025-05-07,Horror,,,8
"폴킴, 친애하는 당신께",Unknown_Random,South Korea,2025-05-07,Documentary,,,3
에이티즈 월드 투어 [투워즈 더 라이트 : 윌 투 파워] 인 시네마,Oh Yoon-dong,South Korea,2025-05-07,Concert,,,9
기동전사 건담 역습의 샤아,Unknown_Random,Japan,2025-05-07,Animation,,,10
기동전사 건담 F91,Unknown_Random,Japan,2025-05-07,Animation,,,7
괴수 8호: 미션 리컨,Unknown_Random,Japan,2025-05-07,Animation,27346.0,261433520.0,7
천박사 퇴마 연구소: 설경의 비밀,Unknown_Random,South Korea,2023-09-27,Fantasy,1901915.0,18509843557.0,6
하얼빈,Woo Min-ho,South Korea,2024-12-24,Drama,4896225.0,46823971480.0,9
장인과 사위,Unknown_Random,South Korea,2024-02-15,Comedy,,,2
극장판 블리치 : 메모리즈 오브 노바디,Unknown_Random,Japan,2025-05-02,Animation,,,11
시크릿쥬쥬 마법의 하모니,Unknown_Random,South Korea,2025-05-01,Animation,61155.0,555298460.0,4
영동선,Unknown_Random,South Korea,2025-04-30,Drama,,,5
지충일기,"Unknown_Random, Unknown_Random",South Korea,2025-05-01,Drama,,,7
볼레로: 불멸의 선율,Unknown_Random,France,2025-04-30,Drama,,,2
리셋,Unknown_Random,Canada,2025-04-30,Documentary,,,3
사유리,Unknown_Random,Japan,2025-04-16,Horror,,,6
스노우 폭스2: 몬스터타운 구하기,Unknown_Random,United States,2025-04-26,Animation,9519.0,76051800.0,8
A MINECRAFT MOVIE 마인크래프트 무비,Unknown_Random,United States,2025-04-26,Unknown_Random,1344309.0,12615397670.0,3
장흥1950: 마을로 간 전쟁,Unknown_Random,South Korea,2025-04-02,Documentary,,,2
라르고 윈치: 프라이스 오브 머니,Unknown_Random,France,2025-04-24,Action,,,4
"극장판 뱅드림! 잇츠 마이고!!!!! 전편: 봄의 양지, 방황하는 고양이",Kakimoto Kodai,Japan,2025-04-24,Animation,,,7
"초혼, 다시 부르는 노래",Jo Jung-rae,South Korea,2025-03-19,Drama,,,7
이제 다시 시작하려고 해,Jonás Trueba,Spain,2025-04-23,Drama,,,8
우리가 빛이라 상상하는 모든 것,Unknown_Random,India,2025-04-23,Drama,,,9
오 마이 갓,Unknown_Random,South Korea,2025-04-23,Unknown,,,6
"아도 스페셜 라이브 ""신조우"" 인 시네마",Unknown_Random,Japan,2025-04-23,Concert,,,9
드롭,Unknown_Random,United States,2025-04-23,Thriller,,,2
핸섬가이즈,Unknown_Random,South Korea,2024-06-26,Comedy,1763296.0,16481831900.0,6
베러맨,Unknown_Random,United Kingdom,2025-04-09,Musical,,,9
차박- 살인과 낭만의 밤,Unknown_Random,South Korea,2023-09-13,Thriller,,,9
마리아,Unknown_Random,United Kingdom,2025-04-16,Drama,13571.0,120503860.0,4
아마추어,Unknown_Random,United States,2025-04-09,Action,92619.0,870418950.0,4
하루 또 하루,Unknown_Random,South Korea,2025-04-17,Drama,,,10
극장판 귀멸의 칼날: 무한열차편,Sotozaki Haruo,Japan,2021-01-27,Animation,2171626.0,20849644460.0,7
당골,Unknown_Random,South Korea,2025-03-13,Documentary,,,8
미국 대침몰,Unknown_Random,United States,2025-02-20,Action,,,10
무법자: 대결투,Unknown_Random,United States,2025-02-20,Action,,,2
메갈로돈 2: 크레이지,Unknown_Random,United States,2025-03-06,Action,,,4
트랜스머신: 휴머노이드,Unknown_Random,United States,2025-03-13,Action,,,8
레드브릿지-나쁜 녀석들 더 비기닝,Unknown_Random,Japan,2025-03-13,Action,,,2
레드브릿지-나쁜 녀석들,Unknown_Random,Japan,2025-03-06,Action,,,3
괴담-도시전설,Unknown_Random,Japan,2025-03-06,Horror,,,6
울산의 별,Unknown_Random,South Korea,2024-01-24,Drama,,,5
스트리밍,Unknown_Random,South Korea,2025-03-21,Thriller,102316.0,990234120.0,5
브리짓 존스의 일기: 뉴 챕터,Unknown_Random,United Kingdom,2025-04-16,Comedy,41104.0,376784020.0,7
더 테러 라이브 : 라스트 쇼,Unknown_Random,Japan,2025-04-16,Crime,,,7
네버 렛 고: 악의 끈,Unknown_Random,United States,2025-04-16,Horror,,,10
열혈검사,Unknown_Random,China,2025-04-16,Action,,,9
犬견 : 버려진 아이들,Unknown_Random,South Korea,2020-10-18,Crime,,,9
류이치 사카모토: 플레잉 디 오케스트라 2014,Unknown_Random,Japan,2025-04-09,Concert,,,8
승부,Unknown_Random,South Korea,2025-03-26,Drama,2133815.0,19933027560.0,3
호비와 마법의 카네이션,Unknown_Random,Japan,2024-09-25,Animation,,,8
소방관,Kwak Kyung-taek,South Korea,2024-12-04,Drama,3840551.0,36145572270.0,9
출동! 왕엉덩이 히어로: 털복숭이 꼬리도적단 소탕작전,Unknown_Random,Australia,2025-04-12,Animation,,,8
블랙 워런트,Unknown_Random,United States,2025-04-10,Crime,,,7
백설공주와 일곱난쟁이,Unknown_Random,United States,2025-04-10,Animation,,,7
거너,Unknown_Random,United States,2025-04-10,Action,,,2
콘클라베,Unknown_Random,United States,2025-03-05,Drama,314141.0,2992126420.0,4
공포특급,Unknown_Random,South Korea,2025-04-02,Horror,,,7
파란,Unknown_Random,South Korea,2025-04-09,Mystery,,,4
울지 않는 아이,Unknown_Random,South Korea,2025-04-09,Drama,,,9
본회퍼: 목사.스파이.암살자,Unknown_Random,United States,2025-04-09,Drama,,,8
"침몰 10년, 제로썸",Unknown_Random,South Korea,2024-11-21,Documentary,,,7
올파의 딸들,Unknown_Random,France,2025-04-02,Documentary,,,3
미스터 로봇,Unknown_Random,South Korea,2025-04-04,Animation,15513.0,132301700.0,10
프랑켄슈타인 아버지,Unknown_Random,South Korea,2025-04-02,Drama,,,3
로비,Unknown_Random,South Korea,2025-04-02,Drama,257114.0,2431734640.0,5
고독한 미식가 더 무비,Unknown_Random,Japan,2025-03-19,Drama,79334.0,737840480.0,7
은혼 더 파이널,Unknown_Random,Japan,2021-07-22,Animation,27220.0,260795910.0,7
퇴마록,Unknown_Random,South Korea,2025-02-21,Animation,490404.0,4656067400.0,3
헤레틱,"Unknown_Random, Unknown_Random",United States,2025-04-02,Thriller,24740.0,196496900.0,7
주디,Unknown_Random,United Kingdom,2020-03-25,Drama,88718.0,729693480.0,6
루이스 웨인: 사랑을 그린 고양이 화가,Unknown_Random,United States,2022-04-06,Drama,36926.0,361177120.0,10
부전시장,Unknown_Random,South Korea,2025-03-27,Drama,,,9
고양이키스 : 당신에게 마음을 여는 순간,Unknown_Random,South Korea,2025-02-05,Drama,,,4
예르미타시 예술의 힘,Unknown_Random,Italy,2021-05-12,Documentary,,,3
화성특급,Unknown_Random,France,2025-04-02,Animation,,,3
행복의 노란 손수건,Unknown_Random,Japan,2025-04-02,Drama,,,3
친구 누나 자연산,Unknown_Random,South Korea,2025-04-02,Drama,,,2
세븐틴 [라잇 히어] 월드 투어 인 시네마,Oh Yoon-dong,South Korea,2025-04-02,Concert,14728.0,395921500.0,10
목소리들,Unknown_Random,South Korea,2025-04-02,Documentary,,,8
김동하 : 커넥트,Unknown_Random,South Korea,2025-04-02,Concert,,,9
기동전사 건담 지쿠악스 비기닝,Tsurumaki Kazuya,Japan,2025-04-02,Animation,,,7
극장판 파워 디지몬 더 비기닝,Unknown_Random,Japan,2023-11-29,Animation,24440.0,237344200.0,10
원피스 필름 레드,Unknown_Random,Japan,2022-11-30,Animation,184609.0,1975324848.0,9
열화청춘 리마스터링,Unknown_Random,Hong Kong,2025-03-31,Drama,,,5
귀멸의 칼날: 남매의 연,Sotozaki Haruo,Japan,2021-11-10,Animation,60315.0,597668430.0,7
침범,"Unknown_Random, Unknown_Random",South Korea,2025-03-12,Mystery,79338.0,716494200.0,7
스즈메의 문단속-하이라이트 필름콘서트,Unknown_Random,South Korea,2025-03-26,Animation,,,8
행복의 나라,Unknown_Random,South Korea,2024-08-14,Drama,690188.0,6380996857.0,10
아머: 현금수송차,Unknown_Random,United States,2025-03-27,Crime,,,6
4월의 불꽃,"Unknown_Random, Unknown_Random",South Korea,2025-03-27,Drama,,,7
"끝, 새로운 시작",Unknown_Random,United Kingdom,2025-03-26,Drama,,,3
"극장판 요아소비 5주년 기념 돔 라이브 2024 ""초현실""",Unknown_Random,Japan,2025-02-21,Concert,,,10
그랜드 투어,Unknown_Random,Portugal,2025-03-26,Drama,,,3
크래쉬: 디렉터스컷,David Cronenberg,Canada,2025-03-26,Crime,,,7
이매진 드래곤스: 라이브 프롬 더 할리우드 볼,Unknown_Random,United States,2025-03-26,Concert,,,2
연극 빵야,Unknown_Random,South Korea,2025-03-26,Concert,,,2
라스트 마일,Unknown_Random,Japan,2025-03-26,Thriller,38479.0,327885800.0,9
언젠틀 오퍼레이션,Guy Ritchie,United Kingdom,2025-03-19,Action,,,8
화이트 버드,Unknown_Random,United States,2025-03-12,Drama,,,4
에밀리아 페레즈,Unknown_Random,France,2025-03-12,Musical,20603.0,170662400.0,6
컴패니언,Unknown_Random,United States,2025-03-19,Thriller,,,9
은혼 금혼편 온 씨어터,Unknown_Random,Japan,2025-03-19,Animation,,,7
악령: 깨어난 시체,Unknown_Random,Vietnam,2025-03-19,Horror,29098.0,342724800.0,10
블랙 백,Unknown_Random,United States,2025-03-19,Drama,,,4
백설공주,Unknown_Random,United States,2025-03-19,Fantasy,172790.0,1632247010.0,10
존 윅 4,Unknown_Random,United States,2023-04-12,Action,1913536.0,19844662953.0,3
면접교섭,Unknown_Random,South Korea,2024-12-25,Documentary,,,4
나이트콜,Unknown_Random,France,2025-03-05,Action,,,5
노보케인,"Unknown_Random, Unknown_Random",United States,2025-03-12,Action,24010.0,216551400.0,7
엑소시스트: 더 데빌,Unknown_Random,United States,2024-09-25,Horror,,,2
커플지옥,Unknown_Random,South Korea,2025-03-13,Horror,,,4
마이 스위트 크레이지 시스터,Unknown_Random,United States,2025-03-13,Comedy,,,4
극장판 진격의 거인 완결편 더 라스트 어택,Unknown_Random,Japan,2025-03-13,Animation,884406.0,9013127750.0,7
호조,Unknown_Random,South Korea,2025-03-12,Musical,,,6
제로베이스원 더 퍼스트 투어 [타임리스 월드] 인 시네마,"Oh Yoon-dong, Kim Ha-min",South Korea,2025-03-12,Concert,,,7
와일드 투어,Unknown_Random,Japan,2025-03-12,Drama,,,5
숨,Unknown_Random,South Korea,2025-03-12,Documentary,,,5
200% 울프: 최강 푸들이 될 거야!,Unknown_Random,Australia,2025-03-12,Animation,12153.0,92992900.0,7
괜찮아 괜찮아 괜찮아!,Unknown_Random,South Korea,2025-02-26,Family,100592.0,897041800.0,6
핑크퐁과 호기: 새 친구 니니모 1부,Unknown_Random,South Korea,2025-03-08,Animation,,,5
핑크퐁 공룡 유치원,Unknown_Random,South Korea,2025-03-08,Animation,,,3
준스톤 이어원,Unknown_Random,South Korea,2025-03-06,Documentary,,,2
카라바조. 영혼과 피,Unknown_Random,Italy,2025-02-19,Documentary,,,2
리얼 페인,Unknown_Random,United States,2025-01-15,Drama,,,8
울프맨,Unknown_Random,United States,2025-03-05,Horror,,,9
보더랜드,Unknown_Random,United States,2025-03-05,Fantasy,,,10
폭락,Unknown_Random,South Korea,2025-01-15,Drama,,,9
만분의 일초,Kim Seong-hwan,South Korea,2023-11-15,Action,,,7
액션동자,Unknown_Random,South Korea,2022-05-05,Action,,,7
꼬마 판다 팡의 아프리카 대모험,"Unknown_Random, Unknown_Random",Netherlands,2025-01-22,Animation,,,7
말할 수 없는 비밀,Unknown_Random,South Korea,2025-01-27,Fantasy,817256.0,7794311600.0,10
육지것들,Unknown_Random,South Korea,2023-06-08,Comedy,,,8
프라도 위대한 미술관,Unknown_Random,Italy,2021-06-09,Documentary,,,7
백수아파트,Unknown_Random,South Korea,2025-02-26,Mystery,27136.0,236444380.0,8
하이퍼 프로젝션 연극 하이큐!! 쓰레기장의 결전,Unknown_Random,Japan,2025-02-28,Concert,,,4
미키 17,Bong Joon-ho,United States,2025-02-28,Unknown_Random,2998400.0,29558031520.0,7
2147,Unknown_Random,Spain,2025-02-27,Science Fiction,,,3
여강사의 이상한 자습시간,Unknown_Random,South Korea,2025-02-13,Drama,,,3
몽정녀,Unknown_Random,South Korea,2025-02-13,Drama,,,4
힘내라 대한민국,Unknown_Random,South Korea,2025-02-27,Documentary,58462.0,542533740.0,10
브로큰,Unknown_Random,South Korea,2025-02-05,Crime,192001.0,1781570620.0,2
캔터빌의 유령,Unknown_Random,United States,2025-02-26,Animation,,,10
첫 번째 키스,Unknown_Random,Japan,2025-02-26,Drama,,,10
차라리 죽여,Unknown_Random,South Korea,2025-02-26,Comedy,,,6
이찬원 콘서트 찬가: 디어 마이 찬스,"Unknown_Random, Unknown_Random",South Korea,2025-02-26,Concert,30268.0,756575000.0,7
사랑은 사라지지 않는다,Unknown_Random,France,2025-02-26,Drama,,,8
베이비 어쌔신: 나이스 데이즈,Unknown_Random,Japan,2025-02-26,Action,,,9
7인의 황후,Unknown_Random,South Korea,2025-02-26,Comedy,,,2
컴플리트 언노운,Unknown_Random,United States,2025-02-26,Drama,51936.0,500744210.0,10
설계자,Unknown_Random,South Korea,2024-05-29,Crime,522366.0,4701368067.0,6
봉우야,Unknown_Random,South Korea,2025-02-25,Crime,,,9
하이퍼 프로젝션 연극 하이큐!! 최강의 팀,Unknown_Random,Japan,2025-02-21,Concert,,,7
코넬의 상자,Unknown_Random,South Korea,2025-01-08,Mystery,,,6
히어,Unknown_Random,United States,2025-02-19,Drama,,,5
패딩턴: 페루에 가다!,Unknown_Random,"United States, United Kingdom, France",2025-02-19,Comedy,119057.0,1032844200.0,5
엘리: 몬스터 패밀리,"Unknown_Random, Unknown_Random",Germany,2025-02-14,Animation,17509.0,149329800.0,7
써니데이,Unknown_Random,South Korea,2025-02-19,Drama,,,2
영화 이상한 과자 가게 전천당,Nakata Hideo,Japan,2025-02-19,Fantasy,26187.0,218147100.0,10
몽유도원,Unknown_Random,South Korea,2025-02-19,Comedy,,,3
나는 자연산이다,Unknown_Random,South Korea,2025-02-19,Drama,,,5
고백,Yamashita Nobuhira,Japan,2025-02-19,Thriller,,,7
극장판 하이큐!! 쓰레기장의 결전,Mitsunaka Susumu,Japan,2024-05-15,Animation,712092.0,7323368219.0,7
사랑의 하츄핑,Unknown_Random,South Korea,2024-08-07,Animation,1212652.0,10882238222.0,4
두 사람,Unknown_Random,South Korea,2025-02-12,Documentary,,,2
문워크,Unknown_Random,South Korea,2025-01-22,Drama,,,10
9월 5일: 위험한 특종,Unknown_Random,United States,2025-02-05,Thriller,,,10
명탐정 코난: 14번째 표적,Unknown_Random,Japan,2025-02-14,Animation,67982.0,642161280.0,7
은혼 일국경성편 온 씨어터,Unknown_Random,Japan,2025-02-14,Animation,,,4
골프정사,Unknown_Random,South Korea,2025-02-14,Drama,,,5
딸에 대하여,Unknown_Random,South Korea,2024-09-04,Drama,,,7
돌핀,Unknown_Random,South Korea,2024-03-13,Drama,,,9
아카디안,Unknown_Random,United States,2025-02-13,Science Fiction,,,4
캡틴 아메리카: 브레이브 뉴 월드,Unknown_Random,United States,2025-02-12,Action,1650583.0,16338724666.0,2
정돌이,Unknown_Random,South Korea,2025-02-12,Documentary,,,6
유난히 맛있던 동네 유부녀들,Unknown_Random,South Korea,2025-01-08,Drama,,,7
골 때리고 떡 때리는 그녀들: 연장전,Unknown_Random,South Korea,2025-02-11,Drama,,,10
보고타: 마지막 기회의 땅,Unknown_Random,South Korea,2024-12-31,Crime,396287.0,3669720540.0,5
히트맨2,Choi Won-sub,South Korea,2025-01-22,Comedy,2527206.0,23802552080.0,7
하이퍼 프로젝션 연극 하이큐!!,Unknown_Random,Japan,2025-01-24,Concert,,,2
세입자,Unknown_Random,South Korea,2024-12-04,Science Fiction,,,4
"알레고리, 잇츠 낫 미",Unknown_Random,France,2024-12-18,Unknown,,,2
카라바조의 그림자,Unknown_Random,Italy,2025-01-22,Drama,,,4
귀신경찰,Unknown_Random,South Korea,2025-01-24,Comedy,47444.0,421560300.0,10
하이퍼 프로젝션 연극 하이큐!! 승자와 패자,Unknown_Random,Japan,2025-02-07,Concert,,,7
영화 러브 라이브! 니지가사키 학원 스쿨 아이돌 동호회 완결편 제1장,Unknown_Random,Japan,2025-02-06,Animation,,,3
머더 컴퍼니: 살인 중대,Unknown_Random,United States,2025-02-06,War,,,7
동화지만 청불입니다,Unknown_Random,South Korea,2025-01-08,Comedy,157616.0,1465916720.0,7
백산 - 의령에서 발해까지,Unknown_Random,South Korea,2025-02-05,Documentary,,,6
만담,Unknown_Random,South Korea,2025-02-05,Concert,,,6
"레드벨벳 해피니스 다이어리 : 마이 디어, 레베럽 인 시네마","Unknown_Random, Oh Yoon-dong",South Korea,2025-02-05,Concert,,,7
데드데드 데몬즈 디디디디 디스트럭션: 파트2,Unknown_Random,Japan,2025-02-05,Animation,,,9
아줌마,Unknown_Random,"South Korea, Singapore",2023-11-29,Drama,,,3
언데드 다루는 법,Unknown_Random,Norway,2025-01-22,Drama,,,9
1944 레지스탕스,Unknown_Random,Russia,2025-01-30,War,,,6
자살 전 준비 운동,Unknown_Random,South Korea,2024-12-25,Drama,,,9
벌집의 정령,Unknown_Random,Spain,2025-01-29,Drama,,,10
그들은 피아노 연주자를 쐈다,"Unknown_Random, Unknown_Random",Spain,2025-01-29,Animation,,,7
극장판 포켓몬스터 AG: 뮤와 파동의 용사 루카리오,Yuyama Kunihiko,Japan,2025-01-22,Animation,166668.0,1475884740.0,7
바다 탐험대 옥토넛 어보브 앤 비욘드 : 극지방 대작전,Unknown_Random,United Kingdom,2025-01-27,Animation,30631.0,288296900.0,8
고스트캣 앙주,"Yamashita Nobuhira, Unknown_Random",Japan,2025-01-22,Animation,,,7
반지의 제왕: 로히림의 전쟁,Unknown_Random,United States,2025-01-25,Animation,,,8
쓴,Unknown_Random,South Korea,2025-01-24,Drama,,,7
은혼 가시아귀편 온 씨어터,Unknown_Random,Japan,2025-01-24,Animation,,,5
아이유 콘서트 : 더 위닝,"Unknown_Random, Oh Yoon-dong",South Korea,2025-01-24,Concert,65934.0,1819896500.0,7
골 때리고 떡 때리는 그녀들: 후반,Unknown_Random,South Korea,2025-01-24,Drama,,,9
6시간 후 너는 죽는다,Unknown_Random,South Korea,2024-10-16,Thriller,33583.0,381466200.0,2
애니멀 킹덤,Unknown_Random,France,2025-01-22,Mystery,,,9
서바이브,Unknown_Random,"France, Belgium",2025-01-23,Thriller,,,9
엠알 나인,Unknown_Random,United States,2025-01-22,Crime,,,7
메모리,Unknown_Random,United States,2025-01-22,Drama,,,6
레이디,Unknown_Random,South Korea,2023-07-26,Drama,,,7
여름이 끝날 무렵의 라트라비아타,Unknown_Random,South Korea,2024-09-11,Drama,,,4
은빛살구,Unknown_Random,South Korea,2025-01-15,Drama,,,5
언니 유정,Unknown_Random,South Korea,2024-12-04,Family,,,6
"X를 담아, 당신에게",Unknown_Random,United Kingdom,2024-12-11,Comedy,,,9
에이전트 레컨,Unknown_Random,United States,2025-01-17,Science Fiction,,,5
아침바다 갈매기는,Unknown_Random,South Korea,2024-11-27,Drama,,,5
페르소나: 이상한 여자,Unknown_Random,South Korea,2025-01-15,Drama,,,8
파문,Unknown_Random,Japan,2025-01-15,Drama,,,2
투 브라더스,Unknown_Random,South Korea,2025-01-15,Documentary,,,8
슈퍼 엘프: 빨간모자 비밀요정,Unknown_Random,Germany,2025-01-15,Animation,,,9
성 베드로 대성당과 로마의 교황청 대성당들,Unknown_Random,Italy,2025-01-15,Documentary,,,6
더 엑소시즘,Unknown_Random,United States,2025-01-15,Horror,,,9
움베르토 에코. 세계의 도서관,Unknown_Random,Italy,2024-12-11,Documentary,,,9
보티첼리. 피렌체와 메디치,Unknown_Random,Italy,2024-04-24,Documentary,,,3
소풍,Kim Yong-gyun,South Korea,2024-02-07,Drama,332667.0,2977628149.0,7
퍼스트 카우,Unknown_Random,United States,2021-11-04,Drama,,,8
더 폴: 디렉터스 컷,Unknown_Random,United Kingdom,2024-12-25,Drama,139162.0,1437408700.0,9
수퍼 소닉3,Unknown_Random,United States,2025-01-01,Animation,322100.0,2950620910.0,3
비밀,"Unknown_Random, Unknown_Random",South Korea,2023-12-13,Mystery,,,7
청설,Unknown_Random,South Korea,2024-11-06,Drama,794183.0,7416370760.0,5
원 안에 사람들,Unknown_Random,South Korea,2024-12-14,Drama,,,6
퍼스트레이디,Unknown_Random,South Korea,2024-12-12,Documentary,66147.0,644192120.0,4
러브라인,"Unknown_Random, Unknown_Random, Unknown_Random, Kim Seong-hun, Unknown_Random",South Korea,2020-11-01,Unknown,,,7
날 홍콩 보내버린 기술,Unknown_Random,South Korea,2025-01-12,Comedy,,,7
김재중 20주년 기념 콘서트 : 플라워 가든,Son Seok,South Korea,2025-01-09,Concert,,,7
극장판 짱구는 못말려: 우리들의 공룡일기,Unknown_Random,Japan,2024-12-18,Animation,762895.0,7177275100.0,2
아메바 소녀들과 학교괴담: 개교기념일,Unknown_Random,South Korea,2024-11-06,Comedy,,,3
피스 바이 피스,Unknown_Random,United States,2025-01-08,Animation,,,8
페라리,Unknown_Random,"United States, Italy, United Kingdom",2025-01-08,Drama,,,9
쇼잉 업,Unknown_Random,United States,2025-01-08,Drama,,,2
부모 바보,Unknown_Random,South Korea,2025-01-08,Drama,,,2
데드데드 데몬즈 디디디디 디스트럭션: 파트1,Unknown_Random,Japan,2025-01-08,Animation,,,2
(여자)아이들 월드투어 [아이돌] 인 시네마,Oh Yoon-dong,South Korea,2025-01-08,Concert,,,9
아노라,Unknown_Random,United States,2024-11-06,Drama,34518.0,347943780.0,5
"결혼, 하겠나?",Unknown_Random,South Korea,2024-10-23,Comedy,,,7
니코: 오로라 원정대의 모험,"Unknown_Random, Unknown_Random",Germany,2024-12-25,Animation,45558.0,407300740.0,7
타오르는 여인의 초상,Céline Sciamma,France,2020-01-16,Drama,127125.0,1064187408.0,7
모든 것은 아르망에서 시작되었다,Unknown_Random,"Norway, Netherlands, Germany, Sweden",2024-12-25,Drama,,,8
시빌 워: 분열의 시대,Unknown_Random,United States,2024-12-31,Action,80373.0,836845230.0,9
"컷, 다시 갈게요",Unknown_Random,South Korea,2024-12-29,Drama,,,2
총을 든 스님,Unknown_Random,Unknown,2025-01-01,Drama,,,5
뽀로로 극장판 바닷속 대모험,Unknown_Random,South Korea,2025-01-01,Animation,403244.0,3470494790.0,4
마이 러브돌,Unknown_Random,Thailand,2024-12-26,Comedy,,,5
대지진 20.0,Jared Cohn,United States,2024-12-19,Drama,,,5
방콕 범죄도시,Unknown_Random,Thailand,2024-12-19,Action,,,4
스틸 미씽,Unknown_Random,Thailand,2024-12-19,Action,,,4
인비저블 캅,Unknown_Random,Thailand,2024-12-19,Action,,,8
시크릿 웨폰,Unknown_Random,Thailand,2024-12-19,Action,,,8
랜드 오브 워,Unknown_Random,United States,2024-12-19,War,,,4
취업의 정석,Unknown_Random,South Korea,2024-12-18,Drama,,,3
아마존 활명수,Unknown_Random,South Korea,2024-10-30,Comedy,597112.0,5315355180.0,5
47샤크,Unknown_Random,United States,2024-12-05,Thriller,,,7
돌아온 형수의 순수 욕정,Unknown_Random,South Korea,2024-12-05,Drama,,,7
호리아,Unknown_Random,France,2024-12-25,Drama,,,2
오랜만이다,Unknown_Random,South Korea,2024-12-25,Drama,,,4
더 퍼스트 슬램덩크,Unknown_Random,Japan,2023-01-04,Animation,4847680.0,50687486308.0,7
미생: 더할 나위 없었다,Unknown_Random,South Korea,2024-12-20,Drama,,,6
파라다이스 이즈 버닝,Unknown_Random,"Denmark, Sweden",2024-12-18,Drama,,,9
보이지 않는,Unknown_Random,South Korea,2024-12-19,Action,,,2
"괜찮아, 앨리스",Unknown_Random,South Korea,2024-11-13,Documentary,,,6
오후 네시,Unknown_Random,South Korea,2024-10-23,Drama,12512.0,110708100.0,10
헬보이: 크룩드 맨,Unknown_Random,"United States, United Kingdom, Germany, Bulgaria",2024-12-18,Action,,,5
정동원 성탄총동원 더 무비,Unknown_Random,South Korea,2024-12-18,Concert,,,7
무파사: 라이온 킹,Unknown_Random,United States,2024-12-18,Animation,833832.0,8188072950.0,9
섬·망(望),Unknown_Random,South Korea,2024-12-17,Drama,,,3
블랙 나이트 퍼레이드,Fukuda Yuichi,Japan,2024-12-16,Fantasy,,,7
"안녕, 할부지","Unknown_Random, Unknown_Random",South Korea,2024-09-04,Documentary,237912.0,2209790039.0,7
사흘,Unknown_Random,South Korea,2024-11-14,Horror,194728.0,1828319440.0,9
에픽하이 20 더 무비,Jo Yoon-soo,South Korea,2024-03-20,Concert,,,7
모래바람,Unknown_Random,South Korea,2024-11-27,Documentary,,,2
보로미니와 베르니니. 완벽을 위한 도전,Unknown_Random,Italy,2024-12-04,Documentary,,,8
물방울을 그리는 남자,"Unknown_Random, Unknown_Random",South Korea,2022-09-28,Documentary,,,7
브리드,Unknown_Random,United States,2024-12-12,Science Fiction,,,9
이처럼 사소한 것들,Unknown_Random,United States,2024-12-11,Drama,,,2
엔시티 드림 미스터리 랩: 드림 이스케이프 인 시네마,"Unknown_Random, Oh Yoon-dong",South Korea,2024-12-11,Concert,,,7
미세스 그린 애플 // 더 화이트 라운지 인 시네마,Unknown_Random,Japan,2024-12-11,Concert,,,5
더 크로우,Unknown_Random,France,2024-12-11,Action,,,8
김범수 25주년 콘서트 필름 : 여행,Unknown_Random,South Korea,2024-12-11,Concert,,,2
루프,Unknown_Random,South Korea,2024-12-04,Drama,,,2
리바이벌 69’,Unknown_Random,United States,2024-12-04,Documentary,,,5
오늘부터 1일,Unknown_Random,South Korea,2024-12-06,Thriller,,,10
"알엠: 라이트 피플, 롱 플레이스",Unknown_Random,South Korea,2024-12-05,Documentary,,,5
히든페이스,Kim Dae-woo,South Korea,2024-11-20,Thriller,1001871.0,9490121540.0,7
4분 44초,Unknown_Random,South Korea,2024-11-01,Horror,26263.0,105050000.0,4
한 채,"Unknown_Random, Unknown_Random",South Korea,2024-11-20,Drama,,,7
"플레이브 팬 콘서트 ‘헬로, 아스테룸!’ 앙코르 인 시네마",Unknown_Random,South Korea,2024-12-04,Concert,20397.0,598436500.0,8
투모로우바이투게더 : 하이퍼포커스 인 시네마,Unknown_Random,South Korea,2024-12-04,Concert,,,6
카인의 도시,Unknown_Random,South Korea,2024-12-04,Drama,,,3
원정빌라,Unknown_Random,South Korea,2024-12-04,Horror,10854.0,90805000.0,6
아들들,Unknown_Random,"Denmark, Sweden",2024-12-04,Drama,,,10
더 영 맨 앤드 더 딥 씨 (비투비 임현식),Unknown_Random,South Korea,2024-12-04,Documentary,,,7
뉴 노멀,Unknown_Random,South Korea,2023-11-08,Thriller,96398.0,933759458.0,8
딜리버리,Unknown_Random,South Korea,2024-11-20,Drama,,,9
히트맨,Choi Won-sub,South Korea,2020-01-22,Comedy,2400805.0,20570457920.0,7
니자리,Unknown_Random,South Korea,2024-06-20,Horror,,,9
섀도우 오브 파이어,Unknown_Random,Japan,2024-12-01,Drama,,,8
엘스타 2 : 드리미 스테이지,Unknown_Random,South Korea,2024-11-30,Animation,,,2
요루시카 '달과 고양이의 댄스' 2024 라이브,Unknown_Random,Japan,2024-11-29,Concert,,,4
애시드 레인: 죽음의 비,Unknown_Random,France,2024-11-27,Unknown,,,9
모스크바 미션,Unknown_Random,China,2024-11-28,Action,,,3
나 혼자만 레벨업 -리어웨이크닝-,Unknown_Random,Japan,2024-11-28,Animation,,,3
모아나 2,Unknown_Random,"United States, Canada",2024-11-27,Animation,3522517.0,32533317750.0,3
에드워드 호퍼,Unknown_Random,United Kingdom,2024-11-27,Documentary,,,3
아가미,Unknown_Random,South Korea,2024-11-27,Family,,,5
백현: 론스달라이트 닷 인 시네마,"Oh Yoon-dong, Kim Ha-min",South Korea,2024-11-27,Concert,,,7
극장판 미스터리라 하지 말지어다,Unknown_Random,Japan,2024-11-27,Crime,,,9
킹덤 3: 운명의 불꽃,Sato Shinsuke,Japan,2024-01-17,Action,,,7
킹덤2: 아득한 대지로,Sato Shinsuke,United States,2022-11-16,Action,,,7
골때리고 떡 때리는 그녀들: 전반,Unknown_Random,South Korea,2024-11-26,Drama,,,11
빅토리,Unknown_Random,South Korea,2024-08-14,Drama,488148.0,4357664867.0,7
나의 히어로 아카데미아 더 무비: 유어 넥스트,Unknown_Random,Japan,2024-11-20,Animation,61240.0,596162900.0,4
너의 색,Unknown_Random,Japan,2024-10-12,Animation,18983.0,173652900.0,4
극장판 주술회전 0,Unknown_Random,Japan,2022-02-17,Animation,694278.0,6927516658.0,3
킹덤4: 대장군의 귀환,Sato Shinsuke,Japan,2024-11-20,Action,,,7
전장의 크리스마스,Unknown_Random,United Kingdom,2024-11-20,Drama,,,7
저니 투 베들레헴,Unknown_Random,United States,2024-11-20,Family,,,6
씨앗의 시간,Unknown_Random,South Korea,2024-11-20,Documentary,,,9
블링크 트와이스,Unknown_Random,United States,2024-11-20,Drama,,,3
크레센도 반 클라이번 콩쿠르 실황,Unknown_Random,United States,2024-01-31,Concert,,,8
쓰리: 아직 끝나지 않았다,Unknown_Random,South Korea,2022-04-21,Drama,,,8
괴도 퀸은 서커스를 좋아해,Unknown_Random,Japan,2024-11-16,Animation,,,4
극장판 오버로드 성왕국편,Unknown_Random,Japan,2024-11-14,Animation,,,5
트라페지움,Unknown_Random,Japan,2024-11-14,Animation,,,6
춘천대첩 72시간,"Unknown_Random, Unknown_Random",South Korea,2024-11-13,Documentary,,,7
오빠 남진 라이브 콘서트,Unknown_Random,South Korea,2024-11-13,Concert,,,7
연소일기,Unknown_Random,Hong Kong,2024-11-13,Drama,,,2
"본인 출연, 제리",Unknown_Random,United States,2024-11-13,Documentary,,,6
되살아나는 목소리,"Unknown_Random, Unknown_Random","South Korea, Japan",2024-11-13,Documentary,,,7
글래디에이터 Ⅱ,Ridley Scott,United States,2024-11-13,Action,897092.0,8748582540.0,8
최소한의 선의,Unknown_Random,South Korea,2024-10-30,Drama,,,10
세상 참 예쁜 오드리,Unknown_Random,South Korea,2024-10-24,Family,,,4
크레센도,Unknown_Random,United States,2023-12-20,Documentary,19125.0,210759900.0,4
보통의 가족,Huh Jin-ho,South Korea,2024-10-16,Drama,637811.0,5931172910.0,7
엘 스타 리:플레이 스테이지,Unknown_Random,South Korea,2024-11-09,Animation,,,8
빌리와 용감한 녀석들: 스노우 베어 구조대,"Unknown_Random, Unknown_Random",Mexico,2024-11-07,Animation,,,7
위대한 부재,Unknown_Random,Japan,2024-11-06,Drama,,,3
마리우폴에서의 20일,Unknown_Random,United States,2024-11-06,Documentary,,,10
룩킹포,Unknown_Random,South Korea,2024-11-06,Drama,,,5
프리다. 삶이여 영원하라,Unknown_Random,Italy,2024-11-06,Documentary,,,9
레드 원,Unknown_Random,United States,2024-11-06,Action,57059.0,564612580.0,3
데드라인,Unknown_Random,South Korea,2024-11-06,Drama,24556.0,177748600.0,7
"럭키, 아파트",Unknown_Random,South Korea,2024-10-30,Drama,,,6
하와이 연가,Unknown_Random,South Korea,2024-10-30,Drama,,,10
우리는 천국에 갈 순 없지만 사랑은 할 수 있겠지,Unknown_Random,South Korea,2024-10-16,Drama,,,9
더러운 돈에 손대지 마라,Unknown_Random,South Korea,2024-10-17,Crime,84296.0,783816680.0,8
돌싱어부: 대물의 추억,Unknown_Random,South Korea,2024-11-01,Drama,,,5
달의 차고 기움,Unknown_Random,Japan,2024-11-01,Drama,,,10
허 바디,Unknown_Random,Czech Republic,2024-10-31,Drama,,,3
어프렌티스,Unknown_Random,Canada,2024-10-23,Drama,,,2
호두까기 인형과 마술피리,Unknown_Random,Russia,2024-10-30,Animation,,,2
열 개의 우물,Unknown_Random,South Korea,2024-10-30,Documentary,,,9
쏜애플 불구경 2024 라이브 콘서트 필름,Unknown_Random,South Korea,2024-10-30,Concert,,,9
롱레그스,Unknown_Random,United States,2024-10-30,Horror,29214.0,254721400.0,2
극장판 고래와 나,Unknown_Random,South Korea,2024-10-30,Documentary,,,6
내가 좀비?,Unknown_Random,South Korea,2024-09-25,Unknown,,,3
파일럿,Unknown_Random,South Korea,2024-07-31,Comedy,4670062.0,42827086101.0,6
대도시의 사랑법,Unknown_Random,South Korea,2024-10-01,Drama,872909.0,8246836610.0,7
리틀 엠마,Unknown_Random,United States,2024-10-25,Animation,,,2
돌싱어부: 낚시의 목적,Unknown_Random,South Korea,2024-10-24,Drama,,,5
스트레스 제로,Unknown_Random,South Korea,2021-02-03,Animation,5937.0,44535200.0,2
핑크퐁 원더스타 특별편: 호기와 도둑자동차,Unknown_Random,South Korea,2024-07-18,Animation,,,7
폭설,Unknown_Random,South Korea,2024-10-23,Drama,,,3
베놈: 라스트 댄스,Unknown_Random,United States,2024-10-23,Action,1758887.0,17211038488.0,8
마이펫의 컴백홈 어드벤처,Unknown_Random,United States,2024-10-23,Animation,,,2
룸 넥스트 도어,Unknown_Random,United States,2024-10-23,Drama,,,8
개그맨,Unknown_Random,South Korea,2024-10-23,Comedy,,,2
처형의 유혹,Unknown_Random,Japan,2020-07-07,Unknown,,,5
새엄마의 유혹,Unknown_Random,Japan,2020-07-07,Unknown,,,4
호랑님의 생일날,Lee Kwang-beom,South Korea,2024-10-04,Unknown,,,7
명탐정 코난: 100만 달러의 펜타그램,Unknown_Random,Japan,2024-07-17,Animation,700660.0,6813552641.0,6
남친이 군대 간 사이,Unknown_Random,South Korea,2023-09-26,Unknown_Random,,,9
교환부부의 세계3 ： 그들만의 은밀한 테크닉,Unknown_Random,South Korea,2023-09-15,Unknown_Random,,,10
술집에서 몰래 하는 사이,Ping Ma,South Korea,2023-09-13,Unknown_Random,,,7
AS기사 유혹하는 여주인,Ping Ma,South Korea,2023-09-25,Unknown_Random,,,7
여대생 가사도우미,Unknown_Random,South Korea,2023-08-30,Unknown_Random,,,6
mz 자매의 목적,Unknown_Random,South Korea,2023-08-15,Unknown_Random,,,10
새엄마 아빠에게는 비밀로 해요,Unknown_Random,Japan,2023-09-01,Unknown_Random,,,3
여사장 : 월급대신 떡,Unknown_Random,South Korea,2023-09-26,Unknown_Random,,,5
우리동네 미용실 ： 2대1서비스,Unknown_Random,South Korea,2023-08-16,Unknown_Random,,,5
그녀의 PS파트너,Unknown_Random,South Korea,2023-08-02,Unknown_Random,,,3
젖 큰 가정교사와 이대일 2,Unknown_Random,South Korea,2023-08-09,Unknown_Random,,,5
여직원 사용 설명서,Unknown_Random,South Korea,2020-03-25,Unknown_Random,,,10
형수의 성교육,Unknown_Random,South Korea,2020-03-26,Unknown_Random,,,7
형수님은 열아홉,Choi Sung-eun,South Korea,2020-08-05,Unknown,,,7
어린 처제2,Unknown_Random,South Korea,2023-08-24,Unknown_Random,,,3
동경의 황혼,Unknown_Random,Japan,2024-10-09,Drama,,,3
19금 비밀과외,Unknown_Random,South Korea,2020-09-11,Unknown,,,10
할머니가 죽기 전 백만장자가 되는 법,Unknown_Random,Thailand,2024-10-09,Drama,,,4
브레드이발소: 빵스타의 탄생,Unknown_Random,South Korea,2024-09-14,Animation,236739.0,2067580100.0,8
오지: 사라진 숲을 찾아서,Unknown_Random,United States,2024-09-13,Animation,46784.0,363898225.0,4
잃어버린 얼굴 1895,Unknown_Random,South Korea,2021-02-24,Musical,,,5
쥬라기캅스 극장판: 전설의 고대생물을 찾아라,Unknown_Random,South Korea,2024-08-15,Animation,,,4
결혼을 반대한 형이 아내를 건드렸다,Ping Ma,South Korea,2023-09-26,Unknown_Random,,,7
컬트 시카리오,Unknown_Random,United States,2024-10-17,Mystery,,,2
키타로 탄생 게게게의 수수께끼: 트루 에디션,Unknown_Random,Japan,2024-10-19,Animation,,,2
양치기,Unknown_Random,South Korea,2024-06-12,Drama,,,9
페이퍼맨,Unknown_Random,South Korea,2024-10-16,Drama,,,10
여타짜들 Ⅲ,Unknown_Random,South Korea,2024-10-17,Drama,,,3
악이 도사리고 있을 때,Unknown_Random,"Argentina, United States",2024-10-09,Horror,,,10
톰보이,Céline Sciamma,France,2020-05-14,Drama,23992.0,213762420.0,7
"하이라이트: 라이츠 고 온, 어게인 인 시네마",Oh Yoon-dong,South Korea,2024-10-16,Concert,,,9
잠자리 구하기,Unknown_Random,South Korea,2024-10-16,Documentary,,,6
엘리자벳: 더 뮤지컬 라이브,Park Jae-seok,South Korea,2024-10-16,Concert,,,7
아이브 더 퍼스트 월드투어 인 시네마,Jo Yoon-soo,South Korea,2024-10-16,Concert,,,7
빚가리,Ko Bong-soo,South Korea,2024-10-16,Comedy,,,6
스마일 2,Unknown_Random,United States,2024-10-16,Horror,50163.0,494186170.0,2
닥터 코토 진료소,Unknown_Random,Japan,2024-10-16,Drama,,,6
구룡성채: 무법지대,Unknown_Random,Hong Kong,2024-10-16,Action,,,10
싱글 에이트,Unknown_Random,Japan,2024-10-09,Drama,,,3
괴물,Unknown_Random,Japan,2023-11-29,Drama,475358.0,4681017994.0,5
한국이 싫어서,Unknown_Random,South Korea,2024-08-28,Drama,40725.0,348179707.0,4
연련,Unknown_Random,South Korea,2024-03-27,Family,,,3
이상한 나라의 달빛요정,Unknown_Random,Unknown,2023-10-19,Fantasy,,,10
대외비,Lee Won-tae,South Korea,2023-03-01,Crime,742022.0,7336117595.0,7
여타짜들Ⅱ,Unknown_Random,South Korea,2024-10-11,Drama,,,10
그녀가 죽었다,Unknown_Random,South Korea,2024-05-15,Mystery,1222026.0,11678452411.0,5
베테랑2,Ryoo Seung-wan,South Korea,2024-09-13,Action,7519841.0,72423818514.0,8
정국: 아이 엠 스틸 위드 유,Unknown_Random,South Korea,2024-10-09,Concert,,,9
쑤저우강,Unknown_Random,China,2024-10-09,Fantasy,,,8
레드 룸스,Unknown_Random,Canada,2024-10-09,Thriller,,,9
위국일기,Unknown_Random,Japan,2024-10-02,Drama,,,9
국외자들,Unknown_Random,France,2024-09-25,Drama,,,4
재즈처럼 더 무비,Unknown_Random,South Korea,2024-10-02,Drama,,,10
영웅들의 눈물,Unknown_Random,South Korea,2024-10-02,War,,,4
바넬과 아다마,Unknown_Random,France,2024-10-02,Drama,,,3
명탐정 코난: 시한장치의 마천루,Unknown_Random,Japan,2024-10-02,Animation,80825.0,786129490.0,2
네가 내가 되었으면 좋겠다,Kim Choong-gil,South Korea,2021-06-01,Unknown,,,8
독립시대,Unknown_Random,Taiwan,2024-09-25,Comedy,,,7
톤비,Unknown_Random,Japan,2024-10-01,Drama,,,7
조커: 폴리 아 되,Unknown_Random,United States,2024-10-01,Crime,606336.0,6323565000.0,2
와일드 로봇,Unknown_Random,United States,2024-10-01,Animation,679109.0,6160505545.0,6
"극장판 엉덩이 탐정: 안녕, 나의 영원한 친구",Unknown_Random,Japan,2024-10-01,Animation,35874.0,305570450.0,5
더 커버넌트,Guy Ritchie,United States,2024-09-27,War,15261.0,137246520.0,8
용감한 돌고래 벨루와 바닷속 친구들,Unknown_Random,Canada,2024-03-13,Animation,,,3
극장총집편 봇치 더 록! 후편,Unknown_Random,Japan,2024-09-25,Animation,20515.0,205150900.0,8
해야 할 일,Unknown_Random,South Korea,2024-09-25,Drama,,,6
티치아노. 색채의 제국,Unknown_Random,Italy,2024-09-25,Documentary,,,3
트랜스포머 ONE,Unknown_Random,United States,2024-09-25,Animation,349341.0,3266219645.0,9
태용: 티와이 트랙 인 시네마,Oh Yoon-dong,South Korea,2024-09-25,Concert,,,7
수 분간의 응원을,Unknown_Random,Japan,2024-09-25,Drama,,,4
산이 부른다,Unknown_Random,France,2024-09-25,Drama,,,7
바이크 라이더스,Unknown_Random,United States,2024-09-25,Action,,,3
마녀들의 카니발,Unknown_Random,South Korea,2024-09-25,Documentary,,,9
임영웅│아임 히어로 더 스타디움,"Unknown_Random, Unknown_Random",South Korea,2024-08-28,Concert,346289.0,9801282500.0,7
[마이 아티 필름] 보이넥스트도어 : 부모님 관람 불가,Unknown_Random,South Korea,2024-09-04,Drama,,,6
트랩,Unknown_Random,United States,2024-09-18,Thriller,,,7
문경,Unknown_Random,South Korea,2024-08-28,Drama,,,7
테인티드 러브,Unknown_Random,China,2024-09-19,Drama,,,4
장손,Unknown_Random,South Korea,2024-09-11,Family,,,5
정국: 아이 엠 스틸,Park Joon-soo,South Korea,2024-09-18,Concert,38577.0,963867500.0,7
수유천,Hong Sang-soo,South Korea,2024-09-18,Drama,,,8
새벽의 모든,Unknown_Random,Japan,2024-09-18,Drama,,,3
극장판 이치케이의 까마귀,Unknown_Random,Japan,2024-09-16,Drama,,,10
우리가 끝이야,Unknown_Random,United States,2024-09-13,Drama,,,10
캐시 아웃,Unknown_Random,United States,2024-09-12,Action,,,6
래시: 뉴 어드벤처,Unknown_Random,Germany,2024-09-12,Unknown_Random,,,4
러브 달바,Unknown_Random,France,2024-08-14,Drama,,,3
룩백,Unknown_Random,Japan,2024-09-05,Animation,231307.0,2214883294.0,9
"오빠, 남진",Unknown_Random,South Korea,2024-09-04,Concert,,,7
요네즈 켄시 2023 투어 / 공상,Unknown_Random,Japan,2024-09-11,Concert,,,7
스픽 노 이블,Unknown_Random,United States,2024-09-11,Thriller,,,5
그녀에게,Unknown_Random,South Korea,2024-09-11,Drama,,,2
키시베 로한 루브르에 가다,Unknown_Random,Japan,2024-08-01,Mystery,,,8
코마다 위스키 패밀리,Unknown_Random,Japan,2024-09-05,Animation,,,10
블루 자이언트,Unknown_Random,Japan,2023-10-18,Animation,100736.0,980401091.0,9
원 퍼센터,Unknown_Random,Japan,2024-08-23,Action,,,3
공기살인,Unknown_Random,South Korea,2022-04-22,Drama,154371.0,1446976050.0,7
늑대사냥,Kim Hong-sun,South Korea,2022-09-21,Action,452970.0,4707401078.0,7
영웅: 라이브 인 시네마,Park Jae-seok,South Korea,2024-08-21,Concert,,,7
죽지않는 인간들의 밤,Unknown_Random,South Korea,2020-09-29,Comedy,88021.0,722802350.0,5
B컷,Unknown_Random,South Korea,2022-03-30,Crime,,,8
드림팰리스,Unknown_Random,South Korea,2023-05-31,Drama,,,2
1923 간토대학살,"Unknown_Random, Unknown_Random",South Korea,2024-08-15,Documentary,,,7
죽고 싶지만 사랑은 하고 싶어,Unknown_Random,United States,2024-09-04,Drama,,,5
필사의 추격,Kim Jae-hun,South Korea,2024-08-21,Comedy,81995.0,736455434.0,7
원맨,Unknown_Random,Ireland,2024-09-04,Action,,,6
비틀쥬스 비틀쥬스,Unknown_Random,United States,2024-09-04,Comedy,82323.0,819943266.0,6
바리데기,Unknown_Random,South Korea,2024-09-04,Horror,,,7
레드불 T1 다큐멘터리 : 함께 날아오르다,Unknown_Random,Austria,2024-09-04,Documentary,,,8
기기묘묘2,"Unknown_Random, Unknown_Random, Unknown_Random, Unknown_Random, Unknown_Random",South Korea,2024-09-04,Horror,,,7
52헤르츠 고래들,Unknown_Random,Japan,2024-09-04,Drama,,,8
스트레인저스: 챕터1,Unknown_Random,United States,2024-08-28,Horror,,,2
21 파라다이스,Unknown_Random,Spain,2024-08-08,Unknown,,,2
서치: 데스게임,Unknown_Random,Russia,2024-01-18,Thriller,,,8
디피컬트,"Unknown_Random, Unknown_Random",France,2024-05-15,Comedy,,,7
킬,Unknown_Random,India,2024-08-28,Action,,,3
정크 헤드,Unknown_Random,Japan,2024-09-01,Animation,,,2
이매지너리,Unknown_Random,United States,2024-08-28,Horror,,,4
엄마의 왕국,Unknown_Random,South Korea,2024-07-24,Crime,,,8
둠벙,Unknown_Random,South Korea,2024-08-29,Mystery,,,8
건국전쟁,Unknown_Random,South Korea,2024-02-01,Documentary,1160625.0,10792964189.0,5
한 밤의 판타지아,Unknown_Random,South Korea,2024-08-28,Drama,,,8
풍기,Unknown_Random,South Korea,2024-08-28,Comedy,,,6
터커 & 데일 Vs 이블,Unknown_Random,United States,2024-08-28,Comedy,,,2
아스테릭스: 더 미들 킹덤,Unknown_Random,France,2024-08-28,Comedy,,,10
"뭉크. 사랑, 영혼 그리고 뱀파이어 여인",Unknown_Random,Italy,2024-08-28,Documentary,,,9
극장판 : 기븐_히이라기 믹스,Unknown_Random,Japan,2024-08-28,Animation,,,2
"[마이 아티 필름] 루시: 개화, 히어로 그리고 낙화",Unknown_Random,South Korea,2024-08-28,Fantasy,,,8
탈출: 프로젝트 사일런스,Unknown_Random,South Korea,2024-07-12,Thriller,672057.0,6553801231.0,5
늘봄가든,Unknown_Random,South Korea,2024-08-21,Horror,330122.0,3169570059.0,7
[마이 아티 필름] 온앤오프 : 뷰티풀 뷰티풀,Unknown_Random,South Korea,2024-08-07,Drama,,,2
여름날 우리,Unknown_Random,China,2021-08-25,Comedy,393436.0,3819925709.0,6
리볼버,Oh Seung-uk,South Korea,2024-08-07,Crime,243277.0,2284714758.0,6
프로이트의 라스트 세션,Unknown_Random,United States,2024-08-21,Drama,,,7
더 라이언: 사막의 생존자들,Unknown_Random,United States,2024-08-22,Action,,,3
극장판 블루 록 -에피소드 나기-,Unknown_Random,Japan,2024-08-21,Animation,38392.0,360389600.0,4
양지뜸,Unknown_Random,South Korea,2024-08-21,Documentary,,,5
실리카겔 <파워 앙드레 99>,Unknown_Random,South Korea,2024-08-21,Concert,,,5
에이리언: 로물루스,Unknown_Random,United States,2024-08-14,Horror,1996531.0,20385436880.0,4
신비아파트 특별편: 붉은 눈의 사신,Unknown_Random,South Korea,2024-08-14,Animation,,,4
퍼펙트 데이즈,Unknown_Random,Japan,2024-07-03,Drama,83592.0,787374539.0,2
킹 오브 프리즘 -드라마틱 프리즘.1-,Hishida Masakazu,Japan,2024-08-16,Animation,,,7
영화 xxx홀릭,Unknown_Random,Japan,2024-08-16,Fantasy,,,8
마야,Unknown_Random,Vietnam,2024-08-16,Horror,,,3
그리고 목련이 필때면,Unknown_Random,South Korea,2024-08-15,Documentary,,,10
10 라이브즈,Unknown_Random,United Kingdom,2024-08-15,Animation,,,4
이오 카피타노,Unknown_Random,Italy,2024-08-07,Drama,,,6
트위스터스,Unknown_Random,United States,2024-08-14,Action,608562.0,6319012289.0,6
세븐틴 투어 ‘팔로우’ 어게인 투 시네마,Oh Yoon-dong,South Korea,2024-08-14,Concert,,,9
박정희: 경제대국을 꿈꾼 남자 특별판,Son Hyun-woo,South Korea,2024-08-14,Concert,,,7
바다 탐험대 옥토넛 어보브 앤 비욘드 : 바다가 위험해,Unknown_Random,United Kingdom,2024-08-14,Animation,,,5
공드리의 솔루션북,Unknown_Random,France,2024-08-14,Comedy,,,6
베베핀 플레이타임,Byun Hee-sun,South Korea,2024-07-20,Animation,,,7
제프 쿤스. 그 은밀한 초상,Unknown_Random,Italy,2024-07-31,Documentary,,,3
박정희: 경제대국을 꿈꾼 남자,Son Hyun-woo,South Korea,2024-07-10,Concert,,,7
거룩한 술꾼의 전설,Unknown_Random,Italy,2023-08-30,Drama,,,6
극장판 프리큐어 올스타즈 F,Unknown_Random,Japan,2024-07-31,Animation,,,4
하이재킹,Unknown_Random,South Korea,2024-06-21,Crime,1767851.0,16793987644.0,10
수카바티: 극락축구단,"Unknown_Random, Unknown_Random",South Korea,2024-07-31,Documentary,,,7
조선인 여공의 노래,Unknown_Random,South Korea,2024-08-07,Documentary,,,8
물은 바다를 향해 흐른다,Unknown_Random,Japan,2024-08-07,Drama,,,11
디베르티멘토,Unknown_Random,France,2024-08-07,Drama,,,5
극장총집편 봇치 더 록! 전편,Unknown_Random,Japan,2024-08-07,Animation,41853.0,483283400.0,6
데드풀과 울버린,Unknown_Random,United States,2024-07-24,Action,1942129.0,20121624024.0,8
애프터썬,Unknown_Random,United Kingdom,2023-02-01,Drama,,,9
땅에 쓰는 시,Unknown_Random,South Korea,2024-04-17,Documentary,,,6
괴인,Unknown_Random,South Korea,2023-11-08,Drama,,,7
샤인,Unknown_Random,South Korea,2024-07-31,Drama,,,10
보통의 우주는 찬란함을 꿈꾸는가?,Unknown_Random,South Korea,2024-06-26,Comedy,,,2
헬로카봇 올스타 스페셜,"Unknown_Random, Unknown_Random",South Korea,2024-07-31,Animation,29948.0,245760600.0,7
하이퍼포커스 : 투모로우바이투게더 브이알 콘서트,Unknown_Random,United States,2024-07-31,Concert,,,2
블랙핑크 월드투어 [본 핑크] 인 시네마,"Oh Yoon-dong, Unknown_Random",South Korea,2024-07-31,Concert,,,7
똥 싸는 소리,Unknown_Random,South Korea,2024-07-31,Drama,,,5
더 원더스,Unknown_Random,Italy,2024-07-31,Drama,,,8
만천과해,Unknown_Random,China,2024-07-03,Crime,8929.0,66459700.0,3
2023 심규선 단독 콘서트 : 우리 앞의 세계,Unknown_Random,South Korea,2024-07-27,Concert,,,7
최악의 허니문,Unknown_Random,United Kingdom,2024-07-23,Comedy,,,4
토끼는 어디로 갔나요?,Unknown_Random,South Korea,2024-07-17,Concert,,,7
1942 배틀오버,Unknown_Random,United Kingdom,2024-07-15,War,,,8
블러디 이스케이프: 지옥의 도주극,Unknown_Random,Japan,2024-07-25,Animation,,,4
리향,Unknown_Random,South Korea,2023-12-28,Drama,,,2
슈퍼배드 4,Unknown_Random,United States,2024-07-24,Animation,1539379.0,14002048857.0,8
파편들의 집,Unknown_Random,"Denmark, Finland, Ukraine, Sweden",2024-07-24,Documentary,,,9
진주의 진주,Unknown_Random,South Korea,2024-07-24,Drama,,,7
지옥의 외인부대,Unknown_Random,France,2024-07-24,War,,,9
이준호 콘서트 : 다시 만나는 날,Unknown_Random,South Korea,2024-07-24,Concert,,,8
2022 심규선 단독 콘서트 [밤의 정원: 앙코르],Unknown_Random,South Korea,2023-07-08,Concert,,,7
우마무스메 프리티 더비 새로운 시대의 문,Unknown_Random,Japan,2024-07-11,Animation,18123.0,190942062.0,9
그리고 바통은 넘겨졌다,Unknown_Random,Japan,2024-07-17,Drama,,,6
2023 영탁 단독 콘서트 : 탁쇼2,Unknown_Random,South Korea,2024-07-18,Concert,19317.0,482832000.0,6
찬란한 내일로,Unknown_Random,"Italy, France",2024-05-29,Drama,,,3
이매큘레이트,Unknown_Random,United States,2024-07-17,Horror,,,9
러브 라이즈 블리딩,Unknown_Random,United States,2024-07-10,Crime,17814.0,129354250.0,9
싸움의 기술 2,Unknown_Random,South Korea,2020-05-22,Action,,,5
아이윌 송,Unknown_Random,South Korea,2021-07-01,Drama,,,6
싸움의 기술,Unknown_Random,South Korea,2020-02-27,Action,,,4
전야,Unknown_Random,South Korea,2021-06-03,Action,,,5
사일런트 나잇,Unknown_Random,United States,2024-07-17,Action,,,9
미래의 범죄들,Unknown_Random,Canada,2024-07-17,Drama,,,4
그랑블루 오리지날 리마스터링,Unknown_Random,France,2024-07-17,Drama,,,4
더 납작 엎드릴게요,Unknown_Random,South Korea,2024-07-10,Drama,,,9
굿바이 크루얼 월드,Unknown_Random,Japan,2024-07-16,Action,,,3
카운트,Kwon Hyuk-jae,South Korea,2023-02-22,Drama,382093.0,3643028646.0,7
언더더씨: 마법 산호초를 찾아서,Unknown_Random,Germany,2024-06-27,Animation,19344.0,162477855.0,4
노무현과 바보들: 못다한 이야기,Unknown_Random,South Korea,2024-05-23,Documentary,,,7
볼빨간사춘기: 메리 고 라운드 더 무비,Jo Yoon-soo,South Korea,2024-07-12,Concert,,,7
막걸리가 알려줄거야,Unknown_Random,South Korea,2024-02-28,Drama,,,10
타로,Unknown_Random,South Korea,2024-06-14,Horror,,,4
빅샤크5: 80일간의 해저일주,Unknown_Random,China,2024-07-11,Animation,,,9
이솝이야기,Unknown_Random,South Korea,2024-07-10,Concert,,,8
극장판 도라에몽: 진구의 지구 교향곡,Unknown_Random,Japan,2024-07-10,Animation,61637.0,535713300.0,9
2024 박은빈 팬 콘서트 <은빈노트 : 디바>,Unknown_Random,South Korea,2024-07-10,Concert,,,3
정직한 사람들,Unknown_Random,South Korea,2024-06-26,Drama,,,2
이공삼칠,Unknown_Random,South Korea,2022-06-08,Family,,,10
프리실라,Unknown_Random,United States,2024-06-19,Drama,,,10
마녀(魔女) Part2. The Other One,Park Hoon-jung,South Korea,2022-06-15,Action,2799699.0,28868170770.0,7
세기말의 사랑,Unknown_Random,South Korea,2024-01-24,Drama,,,4
북극백화점의 안내원,Unknown_Random,Japan,2024-06-19,Animation,,,2
기동전사 건담 시드 프리덤,Unknown_Random,Japan,2024-04-03,Animation,36235.0,398095581.0,2
민요 첼로,Unknown_Random,South Korea,2024-07-03,Concert,,,6
다큐 황은정 : 스마트폰이 뭐길래,"Unknown_Random, Unknown_Random, Unknown_Random, Unknown_Random",South Korea,2024-07-03,Drama,,,7
극장판 폴 프린세스!!,Unknown_Random,Japan,2024-07-03,Animation,,,5
존 오브 인터레스트,Unknown_Random,United States,2024-06-05,Drama,176337.0,1757309291.0,4
콰이어트 플레이스: 첫째 날,Unknown_Random,United States,2024-06-26,Thriller,545376.0,5310419896.0,5
목화솜 피는 날,Unknown_Random,South Korea,2024-05-22,Drama,,,9
마거리트의 정리,Unknown_Random,France,2024-06-27,Drama,,,4
댓글부대,Ahn Gooc-jin,South Korea,2024-03-27,Crime,970832.0,9225408733.0,6
사다코 디엑스,Unknown_Random,Japan,2024-07-01,Horror,,,3
아사다 가족,Unknown_Random,Japan,2024-06-22,Drama,,,9
백만엔걸 스즈코,Unknown_Random,Japan,2024-06-21,Comedy,,,3
목중무인 : 안하무인,Unknown_Random,China,2024-06-27,Historical Drama,,,9
밀수,Ryoo Seung-wan,South Korea,2023-07-26,Action,5113127.0,49397693096.0,8
쿵쿵따 탐험대,Lee Kwang-beom,South Korea,2024-06-26,Unknown,,,7
피렌체와 우피치 미술관,Unknown_Random,Italy,2024-06-26,Documentary,,,3
태풍 클럽,Somai Shinji,Japan,2024-06-26,Unknown,,,7
키키의 경계성 인격장애 다이어리,Unknown_Random,South Korea,2024-06-26,Concert,,,6
우리와 상관없이,Unknown_Random,South Korea,2024-06-26,Drama,,,6
인사이드 아웃 2,Unknown_Random,United States,2024-06-12,Animation,8754802.0,84092974628.0,6
감독판 김일성의 아이들,Unknown_Random,South Korea,2024-06-25,Documentary,,,7
"안전제일, 놀이퀴즈 최강전",Lee Kwang-beom,South Korea,2024-04-11,Unknown,,,7
판문점,Unknown_Random,South Korea,2024-06-19,Documentary,,,4
사다코,Nakata Hideo,Japan,2021-09-15,Horror,,,7
몽키맨,Unknown_Random,United States,2024-06-19,Action,,,10
아주 오래된 미래도시,Unknown_Random,South Korea,2024-06-19,Documentary,,,4
바이올렛 에버가든 – 영원과 자동 수기 인형 -,Unknown_Random,Japan,2020-03-26,Animation,,,3
극장판 바이올렛 에버가든,Unknown_Random,Japan,2020-11-12,Animation,45502.0,390098940.0,2
김준수 콘서트 무비 챕터 원 : 레크리에이션,Jo Yoon-soo,South Korea,2024-06-05,Concert,,,7
캣퍼슨,Unknown_Random,France,2024-06-19,Drama,,,8
카브리올레,Unknown_Random,South Korea,2024-06-19,Drama,,,6
이소룡-들,Unknown_Random,United States,2024-06-19,Documentary,,,8
대치동 스캔들,Unknown_Random,South Korea,2024-06-19,Drama,,,2
노 웨이 업,Unknown_Random,United Kingdom,2024-06-19,Action,,,6
드림 시나리오,Unknown_Random,United States,2024-05-29,Comedy,21050.0,176741216.0,4
원더랜드,Kim Tae-kyun,South Korea,2024-06-05,Drama,617681.0,5845032754.0,7
라파엘로. 예술의 군주,Unknown_Random,Italy,2024-05-29,Documentary,,,3
거북의 등딱지는 갈비뼈,Unknown_Random,Japan,2024-06-01,Animation,,,7
뺑소니: 최고로 최악의 날,Unknown_Random,Japan,2024-06-16,Drama,,,9
마이 스몰 랜드,Unknown_Random,Japan,2024-02-01,Drama,,,7
유코의 평형추,Unknown_Random,Japan,2024-05-01,Drama,,,11
다우렌의 결혼,Lim Chan-ik,South Korea,2024-06-12,Drama,,,6
세상의 모든 디저트: 러브 사라,Unknown_Random,United Kingdom,2021-02-04,Drama,,,3
생츄어리,Unknown_Random,South Korea,2024-06-12,Documentary,,,8
키타로 탄생 게게게의 수수께끼,Unknown_Random,Japan,2024-06-12,Animation,,,10
퀸 엘리자베스,Unknown_Random,United Kingdom,2024-06-12,Documentary,,,5
기괴도,Unknown_Random,Japan,2024-06-12,Horror,,,10
소울메이트,Unknown_Random,South Korea,2023-03-15,Drama,231879.0,2244219200.0,2
넥스트 골 윈즈,Unknown_Random,United States,2024-01-24,Comedy,,,3
다함께 여름!,Unknown_Random,France,2021-10-07,Comedy,,,4
나쁜 녀석들: 라이드 오어 다이,"Unknown_Random, Unknown_Random",United States,2024-06-06,Action,137048.0,1358773646.0,7
명탐정 코난 VS 괴도 키드,Unknown_Random,Japan,2024-06-05,Animation,87601.0,865586100.0,9
다섯 번째 방,Unknown_Random,South Korea,2024-06-05,Documentary,,,2
금지된 장난,Nakata Hideo,Japan,2024-06-05,Horror,,,7
빼꼼: 미션 투 마스,Unknown_Random,China,2024-06-01,Animation,,,5
내겐 너무 소중한 너,"Unknown_Random, Unknown_Random",South Korea,2021-05-12,Drama,17358.0,159998370.0,7
바커스: 슈퍼스타가 될 거야,Unknown_Random,Russia,2024-06-01,Animation,,,4
십개월의 미래,Namkoong Sun,South Korea,2021-10-14,Drama,8718.0,62030800.0,7
화사한 그녀,Lee Seung-jun,South Korea,2023-10-11,Comedy,84236.0,769755700.0,7
화란,Unknown_Random,South Korea,2023-10-11,Drama,254539.0,2456680992.0,9
화녀,Unknown_Random,South Korea,2024-03-14,Thriller,,,8
프리 철수 리,"Unknown_Random, Unknown_Random",South Korea,2023-10-18,Documentary,,,7
폭로,Unknown_Random,South Korea,2023-09-20,Crime,,,8
파묘,Jang Jae-hyun,South Korea,2024-02-22,Mystery,11898834.0,115011243685.0,9
치악산,Unknown_Random,South Korea,2023-09-13,Horror,,,2
지옥만세,Unknown_Random,South Korea,2023-08-16,Unknown_Random,,,2
정순,Unknown_Random,South Korea,2024-04-17,Drama,,,3
절해고도,Unknown_Random,South Korea,2023-09-27,Drama,,,10
잠,Unknown_Random,South Korea,2023-09-06,Mystery,1463111.0,13833745416.0,6
작은정원,Unknown_Random,South Korea,2023-07-12,Documentary,,,9
은하수,Unknown_Random,South Korea,2024-04-10,Drama,,,7
우리의 하루,Hong Sang-soo,South Korea,2023-10-19,Drama,,,7
용감한 시민,Park Jin-pyo,South Korea,2023-10-25,Action,261933.0,2402851487.0,7
외계+인 2부,Choi Dong-hoon,South Korea,2024-01-10,Unknown,1406244.0,13564277654.0,8
약속,Unknown_Random,South Korea,2023-11-01,Documentary,,,7
신체모음.zip,"Unknown_Random, Unknown_Random, Unknown_Random, Unknown_Random, Unknown_Random, Unknown_Random",South Korea,2023-08-30,Horror,51250.0,473262700.0,7
서울의 봄,Kim Sung-su,South Korea,2023-11-22,Drama,13114138.0,127803459213.0,7
사채소년,Unknown_Random,South Korea,2023-11-22,Action,,,5
뽀로로 극장판 슈퍼스타 대모험,"Unknown_Random, Unknown_Random",South Korea,2023-12-13,Animation,357851.0,3284139142.0,7
브레드이발소: 셀럽 인 베이커리타운,Unknown_Random,South Korea,2024-03-01,Animation,185323.0,1586554980.0,4
범죄도시4,Unknown_Random,South Korea,2024-04-24,Action,11492094.0,109952243841.0,8
믿을 수 있는 사람,Unknown_Random,South Korea,2023-10-18,Drama,,,7
물귀신,Unknown_Random,South Korea,2023-11-09,Horror,,,9
모르는 이야기,Unknown_Random,South Korea,2024-04-24,Fantasy,,,3
뒤주,Kim Jee-woon,South Korea,2024-03-28,Horror,,,7
독친,Unknown_Random,South Korea,2023-11-01,Horror,,,7
도티와 영원의 탑,"Unknown_Random, Unknown_Random, Unknown_Random",South Korea,2023-12-27,Animation,41696.0,388161976.0,7
더 문,Kim Yong-hwa,South Korea,2023-08-02,Science Fiction,483231.0,4887972709.0,7
당신이 잠든 사이,Unknown_Random,South Korea,2024-03-20,Mystery,,,3
달짝지근해: 7510,Lee Han,South Korea,2023-08-15,Comedy,1371744.0,13304086012.0,7
다시 김대중-함께 합시다,Unknown_Random,South Korea,2024-03-28,Documentary,,,10
늦더위,Unknown_Random,South Korea,2024-05-22,Drama,,,7
느티나무 아래,Unknown_Random,South Korea,2023-11-15,Documentary,,,10
노량: 죽음의 바다,Kim Han-min,South Korea,2023-12-20,Historical Drama,4550731.0,44804244586.0,7
나의 피투성이 연인,Unknown_Random,South Korea,2023-11-15,Drama,,,10
길위에 김대중,Unknown_Random,South Korea,2024-01-10,Documentary,110919.0,1068022451.0,9
극장판 우당탕탕 은하안전단: 진정한 용기!,Unknown_Random,South Korea,2023-11-30,Animation,22117.0,166812610.0,3
그녀의 취미생활,Unknown_Random,South Korea,2023-08-30,Mystery,,,2
교토에서 온 편지,Unknown_Random,South Korea,2023-12-06,Drama,,,3
검은 소년,Unknown_Random,South Korea,2024-02-07,Drama,,,3
거미집,Kim Jee-woon,South Korea,2023-09-27,Comedy,308803.0,2963063021.0,7
DMZ 동물 특공대,Unknown_Random,South Korea,2024-02-14,Animation,,,6
1980,Unknown_Random,South Korea,2024-03-27,Drama,32237.0,291901745.0,10
1947 보스톤,Unknown_Random,South Korea,2023-09-27,Drama,1010900.0,9350162338.0,10
30일,Nam Dae-jung,South Korea,2023-10-03,Comedy,2161133.0,21220095902.0,7
창가의 토토,Unknown_Random,Japan,2024-05-29,Animation,,,6
정욕,Unknown_Random,Japan,2024-05-29,Drama,,,4
오늘부터 댄싱퀸,Unknown_Random,Norway,2024-05-29,Drama,,,5
아침이 오면 공허해진다,Unknown_Random,Japan,2024-05-29,Drama,,,4
분노의 강,Unknown_Random,South Korea,2024-05-29,Drama,,,8
난 엄청 창의적인 휴머니스트 뱀파이어가 될 거야,Unknown_Random,Canada,2024-05-29,Comedy,,,9
결속밴드 라이브 -항성-,Unknown_Random,Japan,2024-05-29,Concert,10112.0,111595600.0,8
세틀러스,Unknown_Random,Unknown_Random,2024-05-15,Science Fiction,,,5
이프: 상상의 친구,Unknown_Random,United States,2024-05-15,Comedy,99180.0,893665727.0,2
별처럼 빛나는 너에게 더무비-일섬일섬량성성,"Unknown_Random, Unknown_Random",China,2024-05-22,Fantasy,,,7
비행사의 아내,Unknown_Random,France,2024-05-15,Unknown,,,5
도뷔시,Unknown_Random,Ukraine,2024-05-23,Action,,,9
그레이트 칸,Unknown_Random,Kazakhstan,2024-05-23,Action,,,10
당신의 사월,Unknown_Random,South Korea,2021-04-01,Documentary,,,7
퓨리오사: 매드맥스 사가,Unknown_Random,United States,2024-05-22,Action,1598438.0,16420271028.0,6
스텔라,Unknown_Random,Germany,2024-05-22,Drama,,,7
애비게일,"Unknown_Random, Unknown_Random",United States,2024-05-15,Horror,,,7
마지못해 올라탄 형수님,Unknown_Random,South Korea,2024-04-25,Drama,,,8
나의 올드 오크,Unknown_Random,Ireland,2024-01-17,Drama,,,10
베어헌터,Unknown_Random,Russia,2024-03-28,Unknown_Random,,,10
납치: 사라진 메구미,Unknown_Random,Japan,2023-09-23,Drama,,,10
더 초즌: 선택받은 자,Unknown_Random,United States,2024-05-18,Drama,,,3
타이거스 네스트: 호랑이의 보디가드,Unknown_Random,Italy,2024-05-16,Unknown_Random,,,10
8일 만에 죽은 괴수의 12일 이야기,Unknown_Random,Japan,2024-05-16,Drama,,,6
가필드 더 무비,Unknown_Random,United States,2024-05-15,Animation,330676.0,2933737194.0,9
극장판 실바니안 패밀리: 프레야의 선물,Unknown_Random,Japan,2024-05-01,Animation,13753.0,107404850.0,3
"낸 골딘, 모든 아름다움과 유혈사태",Unknown_Random,United States,2024-05-15,Documentary,,,4
악마와의 토크쇼,Unknown_Random,Australia,2024-05-08,Horror,89244.0,863349600.0,9
미지수,Unknown_Random,South Korea,2024-05-08,Drama,,,5
스턴트맨,Unknown_Random,United States,2024-05-01,Action,203085.0,2076288744.0,4
이어지는 땅,Unknown_Random,South Korea,2024-01-10,Drama,,,9
할리우드 살인사건,Unknown_Random,United Kingdom,2024-05-08,Action,,,8
혹성탈출: 새로운 시대,Unknown_Random,United States,2024-05-08,Action,898588.0,9093027958.0,3
"포켓몬스터: 성도지방 이야기, 최종장",Yuyama Kunihiko,Japan,2024-05-01,Animation,150856.0,1329479845.0,7
옆집 불량 주부,Unknown_Random,South Korea,2024-05-02,Drama,,,3
"다시, 아내를 바꿔주세요",Unknown_Random,South Korea,2024-05-02,Drama,,,3
힙노시스: LP 커버의 전설,Unknown_Random,United Kingdom,2024-05-01,Documentary,,,9
꼬마참새 리차드: 신비한 보석 탐험대,Unknown_Random,"Germany, Belgium, Norway",2024-05-01,Animation,17798.0,146199300.0,10
어쌔신: 드론 전쟁,Unknown_Random,United States,2024-04-29,Science Fiction,,,7
바튼 아카데미,Unknown_Random,United States,2024-02-21,Comedy,24393.0,231820474.0,3
가여운 것들,Unknown_Random,United States,2024-03-06,Drama,146666.0,1465779256.0,7
마더스,Unknown_Random,United States,2024-04-03,Thriller,,,2
몬스터 프렌즈,Unknown_Random,Spain,2024-04-25,Animation,7403.0,62209195.0,8
북스마트,Unknown_Random,United States,2021-01-27,Comedy,9435.0,58561900.0,9
챌린저스,Luca Guadagnino,United States,2024-04-24,Drama,64634.0,631895699.0,8
여행자의 필요,Hong Sang-soo,South Korea,2024-04-24,Drama,,,8
한달에 한번 진짜 마법에 걸리는 여자,Unknown_Random,South Korea,2024-04-12,Comedy,,,8
오늘 출가합니다,Kim Seong-hwan,South Korea,2023-04-05,Drama,,,7
바람의 세월,"Unknown_Random, Unknown_Random",South Korea,2024-04-03,Documentary,,,9
랑종,Unknown_Random,"South Korea, Thailand",2021-07-14,Horror,827673.0,8586730770.0,4
갓랜드,Unknown_Random,"Denmark, Iceland, France, Sweden",2024-02-28,Drama,,,7
올 더 네임즈 오브 갓,Unknown_Random,Hungary,2024-04-17,Action,,,4
아서,Unknown_Random,United States,2024-04-17,Unknown_Random,,,3
브레이브 온 파이어,"Unknown_Random, Unknown_Random",United States,2024-04-17,Action,,,7
돌들이 말할 때까지,Unknown_Random,South Korea,2024-04-17,Documentary,,,7
극장판 울려라! 유포니엄: 앙상블 콘테스트,Ishihara Tatsuy,Japan,2024-04-17,Animation,,,7
고스트버스터즈: 오싹한 뉴욕,Unknown_Random,United States,2024-04-17,Action,49520.0,455139403.0,5
8인의 용의자들,Oh In-cheon,South Korea,2024-04-17,Drama,,,7
골드핑거,Unknown_Random,Hong Kong,2024-04-10,Crime,27872.0,248314956.0,2
씬,Unknown_Random,South Korea,2024-04-03,Horror,,,4
도그데이즈,Unknown_Random,South Korea,2024-02-07,Drama,364811.0,3548049613.0,6
에스파: 월드 투어 인 시네마,"Kim Ha-min, Oh Yoon-dong",South Korea,2024-04-10,Concert,,,7
쿵푸팬더4,"Unknown_Random, Unknown_Random",United States,2024-04-10,Animation,1766417.0,16493657847.0,7
어게인 1997,Unknown_Random,South Korea,2024-04-10,Fantasy,,,9
슈가│어거스트 디 투어 ‘디-데이’ 더 무비,Park Joon-soo,South Korea,2024-04-10,Concert,20624.0,595317500.0,7
비키퍼,Unknown_Random,United States,2024-04-03,Action,97197.0,908032505.0,9
오멘: 저주의 시작,Unknown_Random,United States,2024-04-03,Horror,174052.0,1789740877.0,7
기적의 시작,Kwon Soon-do,South Korea,2024-02-22,Documentary,,,7
바람개비,Unknown_Random,South Korea,2023-05-10,Action,,,3
극장판 여성향 게임의 파멸 플래그밖에 없는 악역 영애로 환생해버렸다...,Unknown_Random,Japan,2024-04-04,Animation,,,3
오마주,Shin Su-won,South Korea,2022-05-26,Drama,6774.0,55828400.0,7
우당탕탕 운동회,Lee Kwang-beom,South Korea,2024-04-03,Unknown,,,7
키메라,Unknown_Random,Italy,2024-04-03,Drama,,,8
카니펙스: 죽음의 숲,Unknown_Random,Australia,2024-04-03,Horror,,,10
잔 뒤 바리,Unknown_Random,France,2024-04-03,Drama,,,4
유미의 세포들 더 무비,Unknown_Random,South Korea,2024-04-03,Animation,49392.0,378685320.0,9
신 가면라이더,Anno Hideaki,Japan,2024-04-03,Action,,,7
라스트 썸머,Unknown_Random,France,2024-04-03,Drama,,,7
그날의 딸들,Unknown_Random,South Korea,2024-04-03,Documentary,,,4
시민덕희,Unknown_Random,South Korea,2024-01-24,Drama,1695197.0,16025654774.0,2
3일의 휴가,Unknown_Random,South Korea,2023-12-06,Fantasy,487497.0,4597259062.0,8
악은 존재하지 않는다,Hamaguchi Ryusuke,Japan,2024-03-27,Drama,19308.0,196186256.0,7
언더 유어 베드,Unknown_Random,Japan,2024-04-01,Thriller,,,9
패스트 라이브즈,Unknown_Random,United States,2024-03-06,Drama,107530.0,992260558.0,4
두얼굴의 남편,Unknown_Random,South Korea,2024-03-20,Drama,,,4
부르달락: 흡혈귀,Unknown_Random,France,2024-03-28,Unknown,,,4
드림쏭3,Unknown_Random,United States,2024-03-28,Animation,,,2
검치호,Unknown_Random,South Korea,2024-03-28,Action,,,8
탐정 말로,Unknown_Random,"Ireland, United States",2024-03-21,Crime,13041.0,98410200.0,7
완벽한 환승섹스,Unknown_Random,South Korea,2024-03-11,Drama,,,10
바람난 아내들,Unknown_Random,South Korea,2024-03-11,Drama,,,10
스텝 업: 브레이킹,"Unknown_Random, Unknown_Random",United Kingdom,2024-03-23,Drama,,,7
극장판 스파이 패밀리 코드 : 화이트,Unknown_Random,Japan,2024-03-20,Animation,261502.0,2611007725.0,3
잠행,Unknown_Random,Hong Kong,2024-03-27,Action,,,4
세월: 라이프 고즈 온,Unknown_Random,South Korea,2024-03-27,Documentary,,,9
래빗스쿨 2: 부활절 대소동,Unknown_Random,Germany,2024-03-27,Animation,,,5
다운폴,Unknown_Random,Germany,2024-03-27,War,,,10
고질라 X 콩: 뉴 엠파이어,Unknown_Random,United States,2024-03-27,Action,506726.0,5076739231.0,7
르네에게,Unknown_Random,South Korea,2023-12-27,Drama,,,5
5시부터 7시까지의 주희,Unknown_Random,South Korea,2023-11-08,Drama,,,9
비밀의 언덕,Unknown_Random,South Korea,2023-07-12,Unknown,,,6
이승윤 콘서트 도킹 : 리프트오프,Unknown_Random,South Korea,2024-03-22,Concert,,,10
리볼버 릴리,Unknown_Random,Japan,2024-03-21,Action,,,8
그날이 와버렸네,Kim Choong-gil,South Korea,2024-03-21,Drama,,,7
메이 디셈버,Unknown_Random,United States,2024-03-13,Drama,23931.0,224006569.0,2
시간을 꿈꾸는 소녀,Unknown_Random,South Korea,2023-01-11,Documentary,,,4
머릿속을,Jo Sung-kyu,South Korea,2024-01-24,Drama,,,7
괴담만찬,"Unknown_Random, Unknown_Random, Kim Yong-gyun, Unknown_Random, Unknown_Random",South Korea,2023-10-18,Horror,,,7
조용한 이주,Unknown_Random,Denmark,2024-03-20,Drama,,,4
목스박,Unknown_Random,South Korea,2024-03-20,Action,,,7
나이트 스윔,Unknown_Random,United States,2024-03-20,Horror,14090.0,133484800.0,8
"주사위놀이, 마불 세계여행",Lee Kwang-beom,South Korea,2024-01-03,Unknown_Random,,,7
미스터 보스,Unknown_Random,South Korea,2020-12-30,Drama,,,4
로봇 드림,Unknown_Random,"Spain, France",2024-03-13,Animation,,,2
원 앤 온리,Unknown_Random,China,2024-03-13,Drama,,,9
랜드 오브 배드,Unknown_Random,United States,2024-03-13,Action,40965.0,350177666.0,4
공백,Unknown_Random,Japan,2024-03-16,Drama,,,8
인어공주: 마법물약의 비밀,Unknown_Random,United States,2024-03-14,Animation,,,4
밥 말리: 원 러브,Unknown_Random,United States,2024-03-13,Drama,27283.0,250117549.0,3
마담 웹,Unknown_Random,United States,2024-03-13,Action,,,9
레이징 그레이스,Unknown_Random,United Kingdom,2024-03-13,Thriller,,,3
들리나요?,"Unknown_Random, Unknown_Random",South Korea,2020-06-10,Documentary,,,7
데드맨,Unknown_Random,South Korea,2024-02-07,Crime,231476.0,2211484835.0,3
사운드 오브 프리덤,Unknown_Random,United States,2024-02-21,Crime,43217.0,479900700.0,5
피어썸,Unknown_Random,South Korea,2021-10-07,Horror,,,3
어디로 가고 싶으신가요,Unknown_Random,South Korea,2023-07-05,Drama,,,6
생츄어리 2 : 쿼카가 너무해,Unknown_Random,Australia,2024-03-07,Animation,,,10
부활 그 소망,Unknown_Random,South Korea,2024-03-07,Documentary,,,6
엄마 바람피게하기,Unknown_Random,South Korea,2020-01-16,Comedy,,,7
신황제를 위하여,Lee Su-seong,South Korea,2022-12-19,Action,,,9
대가리3-일진후배들,Lee Su-seong,South Korea,2022-06-24,Action,,,7
대가리2-학교무림,Lee Su-seong,South Korea,2022-06-24,Action,,,7
대가리,Lee Su-seong,South Korea,2022-06-24,Action,,,7
하로동선,Unknown_Random,South Korea,2022-03-30,Drama,,,5
아부쟁이,Hwang Seung-jae,South Korea,2022-06-16,Action,,,7
만해 한용운 님의침묵,Unknown_Random,South Korea,2023-06-29,Drama,,,3
나비효과,"Unknown_Random, Unknown_Random",South Korea,2023-06-22,Comedy,,,7
울지마 엄마,Unknown_Random,South Korea,2023-05-17,Documentary,,,9
부적: 남의 운을 빼앗는 자,Unknown_Random,South Korea,2022-09-07,Action,,,6
우수,Unknown_Random,South Korea,2022-11-24,Drama,,,7
연악: 나의 운명,Unknown_Random,South Korea,2023-08-10,Historical Drama,,,4
극장판 츠루네: 시작의 한 발,Unknown_Random,Japan,2024-02-21,Animation,,,7
벙커 게임,Unknown_Random,Italy,2024-03-06,Horror,,,3
대결! 애니메이션,Unknown_Random,Japan,2024-03-06,Drama,,,7
오키쿠와 세계,Unknown_Random,Japan,2024-02-21,Drama,,,4
콜로니얼,Unknown_Random,United States,2024-02-29,Science Fiction,,,8
조폭인 내가 고등학생이 되었습니다,Unknown_Random,South Korea,2024-02-22,Fantasy,,,7
레이니 데이 인 뉴욕,Unknown_Random,United States,2020-05-06,Comedy,84144.0,747813040.0,4
킹 VS. 머신킹,Unknown_Random,United States,2024-02-15,Action,,,8
아이엠 티라노,Unknown_Random,China,2024-03-01,Animation,45256.0,380985500.0,4
극장판 후르츠 바스켓: 프렐류드,Unknown_Random,Japan,2024-03-01,Animation,,,5
얌전한 와이프 : 색녀의 복수,Unknown_Random,South Korea,2024-02-29,Drama,,,8
우주전함 야마토,Unknown_Random,Japan,2024-02-23,Science Fiction,,,9
2대1 여친 팔아먹기 2,Unknown_Random,South Korea,2024-02-17,Unknown_Random,,,7
여기는 아미코,Unknown_Random,Japan,2024-02-28,Family,,,9
듄: 파트2,Unknown_Random,United States,2024-02-28,Action,1993107.0,23350610937.0,8
출장도우미와 2대1,Unknown_Random,South Korea,2024-01-21,Unknown_Random,,,8
잘 빠는 여자,Unknown_Random,South Korea,2024-01-16,Unknown_Random,,,10
맛 ： 2대1,Unknown_Random,South Korea,2024-01-16,Unknown_Random,,,5
엄마 친구들 4,Unknown_Random,South Korea,2024-01-06,Unknown,,,6
관능 육체 부녀회장의 동정교육,Unknown_Random,South Korea,2024-01-03,Unknown_Random,,,5
"자우림, 더 원더랜드","Unknown_Random, Unknown_Random",South Korea,2023-06-07,Documentary,,,7
아기상어 극장판: 사이렌 스톤의 비밀,Unknown_Random,United States,2024-02-07,Animation,95668.0,847021633.0,8
유어 럭키 데이,Unknown_Random,United States,2024-02-22,Action,,,6
콘크리트 유토피아,Unknown_Random,South Korea,2023-08-09,Drama,3840463.0,37342791632.0,3
월레스와 그로밋 더 클래식 컬렉션,Unknown_Random,United Kingdom,2024-02-21,Animation,,,9
서바이벌 택틱스,Unknown_Random,South Korea,2024-02-21,Drama,,,9
벗어날 탈 脫,Unknown_Random,South Korea,2024-02-21,Mystery,,,5
K스쿨,Unknown_Random,South Korea,2024-02-21,Drama,,,9
친구부부 맞교환 후기,Unknown_Random,South Korea,2024-01-24,Drama,,,7
출장 간호사의 특별한서비스,Unknown_Random,South Korea,2024-01-03,Unknown,,,7
사랑의 불시착: 라이브 인 서울,Park Jae-seok,South Korea,2023-11-30,Drama,,,7
스노우 퍼핀즈,Unknown_Random,Spain,2024-02-15,Animation,,,4
"타르콥스키, 기도하는 영혼",Unknown_Random,Italy,2024-01-31,Documentary,,,5
정글번치: 월드투어,Unknown_Random,France,2024-01-31,Animation,20714.0,164238900.0,6
도그맨,Unknown_Random,France,2024-01-24,Drama,35065.0,330540933.0,10
극장판 오드 택시 인 더 우즈,Unknown_Random,Japan,2024-02-16,Animation,,,4
두다다쿵: 후후섬의 비밀,"Unknown_Random, Unknown_Random",South Korea,2023-02-15,Animation,79007.0,719074157.0,6
에스파: 마이 퍼스트 페이지,"Unknown_Random, Unknown_Random",South Korea,2024-02-14,Concert,,,7
대니초 : 코리안 드림,Unknown_Random,South Korea,2024-02-14,Concert,,,9
"귀멸의 칼날: 인연의 기적, 그리고 합동 강화 훈련으로",Sotozaki Haruo,Japan,2024-02-14,Animation,479674.0,5442660700.0,7
듣보인간의 생존신고,"Unknown_Random, Unknown_Random",South Korea,2023-09-06,Documentary,,,8
통영에서의 하루,Unknown_Random,South Korea,2022-11-24,Drama,,,7
CCTV,Unknown_Random,South Korea,2021-07-07,Horror,,,4
살인청부업자,Unknown_Random,South Korea,2022-11-03,Crime,,,5
범털 2: 쩐의 전쟁,Unknown_Random,South Korea,2021-05-13,Crime,,,4
범털,Unknown_Random,South Korea,2020-05-14,Drama,,,8
돼지의 최후,Unknown_Random,South Korea,2023-08-15,Drama,,,8
특수요원S,Unknown_Random,India,2024-02-06,Action,,,7
겨울 이야기,Shin Sang-ok,South Korea,2023-01-18,Drama,,,7
드림,Lee Byeong-heon,South Korea,2023-04-26,Comedy,1107622.0,10670875941.0,7
손,Unknown_Random,South Korea,2023-06-21,Horror,,,4
귀여운 남자,Unknown_Random,South Korea,2021-01-14,Comedy,,,4
플랜 75,Unknown_Random,Japan,2024-02-07,Drama,,,7
영화 스미코구라시 - 푸른 달밤의 마법의 아이,Unknown_Random,Japan,2024-02-07,Animation,,,5
아네모네,Unknown_Random,South Korea,2024-02-07,Comedy,,,3
아가일,Unknown_Random,United States,2024-02-07,Action,135539.0,1395932780.0,2
썬 오브 람세스,Unknown_Random,France,2024-02-07,Thriller,,,10
블랙 로터스,Unknown_Random,United States,2024-02-07,Action,,,10
웡카,Unknown_Random,United States,2024-01-31,Fantasy,3526209.0,33906635610.0,8
추락의 해부,Unknown_Random,France,2024-01-31,Drama,71268.0,705476954.0,4
신세계로부터,Unknown_Random,South Korea,2023-12-20,Drama,,,6
솔라 플라워,Unknown_Random,South Korea,2023-04-06,Drama,,,7
청춘 돼지는 책가방 소녀의 꿈을 꾸지 않는다,Unknown_Random,Japan,2024-02-01,Animation,,,5
두 세계 사이에서,Unknown_Random,France,2024-01-31,Drama,,,4
익스트림 페스티벌,Unknown_Random,South Korea,2023-06-07,Comedy,,,10
다음 소희,Unknown_Random,South Korea,2023-02-08,Drama,66235.0,639178551.0,7
아톰 새로운 시작,Unknown_Random,United States,2024-01-31,Animation,,,4
아녜스 V에 의한 제인 B,Unknown_Random,France,2024-01-31,Fantasy,,,2
봉신연의: 조가풍운,Unknown_Random,China,2024-01-24,War,,,6
스즈메의 문단속: 다녀왔어,Unknown_Random,Japan,2024-01-10,Animation,,,4
립세의 사계,"Unknown_Random, Unknown_Random",Poland,2024-01-10,Animation,,,7
클럽 제로,Unknown_Random,"Austria, United Kingdom",2024-01-24,Mystery,,,7
돈 룩 디퍼,Unknown_Random,United States,2023-09-07,Science Fiction,,,10
사랑엔 정의가 없다,Unknown_Random,South Korea,2023-12-11,Drama,,,10
그대들은 어떻게 살 것인가,Unknown_Random,Japan,2023-10-25,Animation,1991071.0,19391314658.0,4
일 부코,Unknown_Random,"Italy, Germany, France",2024-01-24,Drama,,,3
영화 스미코구라시 - 튀어나오는 그림책과 비밀의 아이,Unknown_Random,Japan,2024-01-24,Animation,,,2
레트리뷰션,Unknown_Random,United States,2024-01-24,Action,,,6
청춘 돼지는 외출하는 여동생의 꿈을 꾸지 않는다,Unknown_Random,Japan,2023-08-31,Animation,,,5
덤 머니,Unknown_Random,United States,2024-01-17,Comedy,24992.0,233432545.0,3
너와 나,Unknown_Random,South Korea,2023-10-25,Drama,,,8
남사친과 유부녀의 정사-무삭제,Unknown_Random,South Korea,2024-01-09,Unknown_Random,,,7
파라다이스 시티,Unknown_Random,Canada,2024-01-18,Action,,,10
엔드 오브 에반게리온,"Anno Hideaki, Tsurumaki Kazuya",Japan,2024-01-17,Animation,,,7
무티: 주술살인,Unknown_Random,United States,2024-01-17,Crime,,,6
라이즈,Unknown_Random,"France, Belgium",2024-01-17,Drama,,,2
걸즈 앤 판처 최종장 제4화,Mizushima Tsutomu,Japan,2024-01-17,Animation,,,7
상견니,Unknown_Random,Taiwan,2023-01-25,Drama,328035.0,3256854530.0,6
류이치 사카모토: 오퍼스,Unknown_Random,Japan,2023-12-27,Concert,31195.0,286201031.0,5
사랑하는 기생충,Unknown_Random,Japan,2024-01-16,Drama,,,2
미끼,Unknown_Random,South Korea,2023-12-14,Drama,,,10
아마존: 더 비기닝,Unknown_Random,United States,2024-01-11,Drama,,,10
히즈,Unknown_Random,Japan,2024-01-10,Drama,,,7
지오디 마스터피스 더 무비,Son Seok,South Korea,2024-01-10,Concert,,,7
인투 더 월드,Unknown_Random,United States,2024-01-10,Animation,332104.0,3026494116.0,6
메이킹 다큐멘터리 `스즈메의 문단속`을 따라가다,Unknown_Random,Japan,2024-01-10,Documentary,,,7
노 베어스,Unknown_Random,Iran,2024-01-10,Drama,,,8
위시,"Unknown_Random, Unknown_Random",United States,2024-01-03,Animation,1385854.0,13221556880.0,7
클레오의 세계,Unknown_Random,France,2024-01-03,Drama,,,2
간신의 피,Unknown_Random,South Korea,2024-01-03,Action,,,3
사위 사랑은 장모 4,Unknown_Random,South Korea,2023-12-16,Unknown_Random,,,4
여배우들 : 바꿔할래?,Unknown_Random,South Korea,2023-12-12,Unknown_Random,,,7
라방,Unknown_Random,South Korea,2023-06-28,Thriller,,,3
"그리고, 살아간다",Unknown_Random,Japan,2024-01-01,Drama,,,6
자매의 스와핑,Unknown_Random,South Korea,2023-12-29,Unknown_Random,,,10
참을 수 없는 탐욕,Unknown_Random,Japan,2023-12-28,Unknown_Random,,,9
바지 내린 욕정녀,Unknown_Random,Japan,2023-12-28,Unknown_Random,,,10
몸으로 받은 상사,Unknown_Random,Japan,2023-12-28,Unknown_Random,,,6
우리 돈 벌레,Unknown_Random,South Korea,2023-12-28,Comedy,,,5
쉽게 넣는 그녀 무삭제판,Unknown_Random,Japan,2023-12-22,Unknown_Random,,,2
가랑이 채운 처형 무삭제판,Unknown_Random,Japan,2023-12-22,Unknown_Random,,,5
르네상스 필름 바이 비욘세,Unknown_Random,United States,2023-12-21,Concert,,,9
나 혼자만 레벨업 : 프리뷰,Unknown_Random,Japan,2023-12-13,Animation,,,7
착한 형수 6,Unknown_Random,South Korea,2023-12-09,Unknown_Random,,,6
크리스마스 캐럴,Kim Sung-su,South Korea,2022-12-07,Drama,,,7
"2021 스웨그 에이지 : 외쳐, 조선!","Unknown_Random, Unknown_Random",South Korea,2021-05-13,Musical,,,7
어쩌면 우린 헤어졌는지 모른다,Unknown_Random,South Korea,2023-02-08,Drama,,,10
캐리와 슈퍼콜라,"Unknown_Random, Unknown_Random",South Korea,2023-01-18,Animation,87211.0,824147830.0,7
소년들,Unknown_Random,South Korea,2023-11-01,Drama,452312.0,4303755719.0,6
티처스 라운지,Unknown_Random,Germany,2023-12-27,Drama,,,4
"바다 탐험대 옥토넛 어보브 앤 비욘드: 버드, 옥토경보를 울려라!",Unknown_Random,United Kingdom,2023-12-27,Animation,60669.0,495304260.0,7
2만 종의 벌,Unknown_Random,Spain,2023-12-27,Drama,,,10
빅슬립,Unknown_Random,South Korea,2023-11-22,Drama,,,9
여대생 하숙집,Unknown_Random,South Korea,2023-12-02,Unknown_Random,,,7
비닐하우스,Unknown_Random,South Korea,2023-07-26,Crime,,,10
두 사람을 위한 식탁,Unknown_Random,South Korea,2023-10-25,Documentary,,,7
물비늘,Unknown_Random,South Korea,2023-12-06,Drama,,,10
신차원! 짱구는 못말려 더 무비 초능력 대결전 ~날아라 수제김밥~,Unknown_Random,Japan,2023-12-22,Animation,907283.0,8779815400.0,9
디셈버,Unknown_Random,Japan,2023-12-16,Drama,,,6
리빙: 어떤 인생,Unknown_Random,United Kingdom,2023-12-13,Drama,,,9
웨스턴 프론트: 서부전선,Unknown_Random,Canada,2023-12-21,War,,,7
신 에반게리온 극장판,Anno Hideaki,Japan,2022-10-05,Animation,,,7
에반게리온 신극장판: Q,"Anno Hideaki, Tsurumaki Kazuya, Unknown_Random, Unknown_Random",Japan,2022-10-14,Animation,,,7
에반게리온 신극장판: 서,"Anno Hideaki, Tsurumaki Kazuya, Unknown_Random",Japan,2022-10-14,Animation,,,7
에반게리온 신극장판: 파,"Anno Hideaki, Tsurumaki Kazuya, Unknown_Random",Japan,2022-10-14,Animation,,,7
힐마 아프 클린트 - 미래를 위한 그림,Unknown_Random,Germany,2023-12-20,Documentary,,,7
트롤: 밴드 투게더,Unknown_Random,United States,2023-12-20,Animation,396373.0,3663304436.0,3
아쿠아맨과 로스트 킹덤,Unknown_Random,United States,2023-12-20,Action,868684.0,8898401492.0,3
세계를 뒤흔든 43일,Unknown_Random,South Korea,2023-11-16,Documentary,,,9
제시는 그때 스무살이었다,Unknown_Random,South Korea,2023-12-14,Drama,,,7
매트,Unknown_Random,South Korea,2023-11-30,Mystery,,,7
매드 하이디,"Unknown_Random, Unknown_Random",Switzerland,2023-12-14,Action,,,7
라스트 서바이버,Unknown_Random,United States,2023-12-14,Science Fiction,,,2
조이랜드,Unknown_Random,Unknown,2023-12-13,Drama,,,2
인디펜던스 나이트,Unknown_Random,United States,2023-12-13,Crime,,,2
엘리자벳과 나,Unknown_Random,"Germany, Switzerland, Austria",2023-12-13,Drama,,,7
쏘우 X,Unknown_Random,United States,2023-12-13,Horror,50316.0,524302177.0,2
무빙 포 워드,Unknown_Random,South Korea,2023-12-13,Comedy,,,8
노 엑시트,Unknown_Random,"United States, France",2023-12-13,Horror,,,8
찬란한 나의 복수,Lim Sung-woon,South Korea,2023-03-29,Drama,,,7
오픈 더 도어,Jang Hang-jun,South Korea,2023-10-25,Mystery,,,7
강다니엘: 마이 퍼레이드,Park Jae-seok,South Korea,2023-08-30,Concert,,,7
2퍼센트,Unknown_Random,South Korea,2023-04-27,Drama,,,9
제비,Unknown_Random,South Korea,2023-04-12,Drama,,,8
홈그라운드,Unknown_Random,South Korea,2023-12-06,Documentary,,,6
스즈메의 문단속,Unknown_Random,Japan,2023-03-08,Animation,5567283.0,57044797267.0,7
피아니스트의 전설,Unknown_Random,Italy,2020-01-01,Drama,,,4
"안녕, 내일 또 만나",Unknown_Random,South Korea,2023-09-13,Drama,,,3
드라이브 마이 카,Hamaguchi Ryusuke,Japan,2021-12-23,Drama,38796.0,366135460.0,7
해피 아워,Hamaguchi Ryusuke,Japan,2021-12-09,Drama,,,7
과외의 목적,Unknown_Random,South Korea,2023-12-07,Drama,,,9
팬티 검사하는 아내의 집착,Unknown_Random,South Korea,2023-12-07,Drama,,,5
매직 프린세스: 얼음 괴물과 사라진 열쇠의 비밀,Unknown_Random,Russia,2023-12-07,Animation,,,7
사랑의 고고학,Unknown_Random,"South Korea, France",2023-04-12,Drama,,,7
수라,Unknown_Random,South Korea,2023-06-21,Documentary,19222.0,172810105.0,8
늑대들,Jeon Kyu-hwan,South Korea,2022-04-27,Action,,,7
엄마의 땅: 그리샤와 숲의 주인,Unknown_Random,South Korea,2023-01-25,Animation,,,6
엔시티 네이션 : 투 더 월드 인 시네마,Oh Yoon-dong,South Korea,2023-12-06,Concert,19906.0,442017500.0,9
신 울트라맨,Unknown_Random,Japan,2023-12-06,Science Fiction,,,3
백남준: 달은 가장 오래된 TV,Unknown_Random,"South Korea, United States",2023-12-06,Documentary,,,9
마에스트로 번스타인,Unknown_Random,United States,2023-12-06,Drama,,,8
뉴클리어 나우,Unknown_Random,United States,2023-12-06,Documentary,,,10
나폴레옹,Ridley Scott,United States,2023-12-06,War,208098.0,2089569868.0,8
여섯 개의 밤,Unknown_Random,South Korea,2023-03-29,Drama,,,2
무경계,Unknown_Random,South Korea,2023-11-30,Documentary,,,3
안녕하세요,Unknown_Random,South Korea,2022-05-25,Drama,16177.0,123435560.0,2
바다로 가자,Unknown_Random,South Korea,2020-06-18,Family,,,9
보호자,Unknown_Random,South Korea,2023-08-15,Action,123511.0,1200062696.0,6
비상선언,Han Jae-rim,South Korea,2022-08-03,Drama,2043887.0,20792013696.0,7
스노우 폭스: 썰매개가 될 거야!,Unknown_Random,United States,2023-11-23,Animation,82804.0,680299446.0,4
명탐정코난: 흑철의 어영,Unknown_Random,Japan,2023-07-20,Animation,796713.0,7654373755.0,10
수운잡방,Unknown_Random,South Korea,2023-12-02,Drama,,,4
동백정원,Unknown_Random,Japan,2023-12-01,Drama,,,6
레슬리에게,Unknown_Random,United States,2023-11-29,Drama,,,7
듄,Unknown_Random,United States,2021-10-20,Science Fiction,1570974.0,17233468470.0,4
스크린골프_옆 방 커플과 스와핑,Unknown_Random,South Korea,2023-11-29,Unknown_Random,,,10
비욘드 라이브 더 무비 - 태민 : 엔.지.디.에이,Unknown_Random,South Korea,2023-11-29,Concert,,,2
은밀한 미용실2,Unknown_Random,South Korea,2023-11-08,Unknown_Random,,,10
물 많은 여자 2,Unknown_Random,South Korea,2023-11-09,Unknown_Random,,,2
젖큰 옆집 누나,Unknown_Random,South Korea,2023-11-15,Unknown_Random,,,7
맛있는 외도:몰래 하는 섹스,Ping Ma,South Korea,2023-10-31,Unknown_Random,,,7
쉽게 넣는 그녀,Asagiri Kiyoshi,Japan,2023-10-18,Unknown_Random,,,7
가랑이 채운 처형,Unknown_Random,Japan,2023-10-18,Unknown_Random,,,5
흑인에게 미친 여친 무삭제판,Lee Sang-soo,South Korea,2023-10-13,Unknown_Random,,,7
출장 도우미,Unknown_Random,South Korea,2023-10-04,Unknown_Random,,,5
귀신이 싼다 무삭제판,Unknown_Random,South Korea,2023-10-04,Unknown_Random,,,7
친구 여친이 내 물건을 만졌다! 무삭제판,Unknown_Random,South Korea,2023-11-10,Unknown_Random,,,10
여직원들 ： 2대2 스와핑,Unknown_Random,South Korea,2023-11-10,Unknown_Random,,,6
사형에 이르는 병,Unknown_Random,Japan,2023-11-29,Unknown_Random,,,5
세이퍼 앳 홈,Unknown_Random,United States,2023-11-30,Crime,,,10
컨트리 카바레,Unknown_Random,France,2023-11-30,Comedy,,,5
데블스 맨: 제1특전단,Unknown_Random,United States,2023-11-23,War,,,2
버텨내고 존재하기,Unknown_Random,South Korea,2023-11-01,Documentary,,,5
이빨요정 비올레타: 요정나라로 돌아갈래!,Unknown_Random,Germany,2023-11-18,Animation,41317.0,347130400.0,3
아워 프렌드,Unknown_Random,United States,2023-11-22,Drama,,,6
마크로스 플러스 -무비 에디션-,Unknown_Random,Japan,2023-11-29,Animation,,,9
녹야,Unknown_Random,Hong Kong,2023-11-01,Drama,,,10
여직원들 ： 직장 연애사 3,Unknown_Random,South Korea,2023-11-25,Unknown_Random,,,7
구멍 속 따뜻한 그녀,Unknown_Random,Japan,2023-11-22,Unknown_Random,,,8
골프치는 여자들_밤마다 굿샷,Unknown_Random,South Korea,2023-11-22,Unknown_Random,,,9
총각파티 ： 은밀한 서비스,Unknown_Random,South Korea,2023-11-18,Unknown_Random,,,2
그림자 고백,Unknown_Random,South Korea,2023-11-25,Drama,,,2
콘돌스 네스트,Unknown_Random,United States,2023-11-16,Action,,,9
비투비 타임 : 비투게더 더 무비,Unknown_Random,South Korea,2023-11-15,Concert,,,8
마루이 비디오,Unknown_Random,South Korea,2023-02-22,Mystery,153522.0,1574142500.0,4
애스터로이드 시티,Wes Anderson,United States,2023-06-28,Drama,29075.0,288009694.0,8
키리에의 노래,Unknown_Random,Japan,2023-11-01,Drama,,,4
키리에의 노래: 디렉터스 컷,Unknown_Random,Japan,2023-11-24,Drama,,,9
비공식작전,Kim Seong-hun,South Korea,2023-08-02,Drama,1041899.0,10034040641.0,7
테일러 스위프트 디 에라스 투어,Unknown_Random,United States,2023-11-03,Concert,13723.0,397500500.0,8
걸스 인 원더랜드 : 벤타엑스 브이알 뮤직시네마 02,Unknown_Random,South Korea,2023-11-03,Unknown_Random,,,7
어게인 5년째 첫날밤,Unknown_Random,South Korea,2023-11-02,Unknown_Random,,,2
타임코드 57,Unknown_Random,United States,2023-11-22,Science Fiction,,,9
본 투 플라이,Unknown_Random,China,2023-11-22,Action,,,9
퀴어 마이 프렌즈,Unknown_Random,South Korea,2023-08-09,Documentary,,,4
너는 내 아들,Unknown_Random,United States,2023-06-28,Drama,,,7
탑건: 매버릭,Joseph Kosinski,United States,2022-06-22,Action,8156312.0,87637459439.0,9
스트리머,Unknown_Random,South Korea,2023-05-10,Horror,,,4
나는 여기에 있다,Unknown_Random,South Korea,2023-04-12,Crime,,,5
서태지 25주년 라이브 타임: 트래블러,Unknown_Random,South Korea,2023-09-06,Concert,,,9
스프린터,Unknown_Random,South Korea,2023-05-24,Drama,,,9
티빙 오리지널 운수 오진 날,Pil Gam-seong,South Korea,2023-11-17,Thriller,,,7
멍뭉이,Unknown_Random,South Korea,2023-03-01,Drama,147610.0,1399656884.0,4
마이 대디,Unknown_Random,Japan,2023-11-16,Drama,,,6
잔고: 분노의 적자,Unknown_Random,South Korea,2023-09-13,Western,,,6
헝거게임: 노래하는 새와 뱀의 발라드,Unknown_Random,United States,2023-11-15,Action,168880.0,1662938003.0,5
프레디의 피자가게,Unknown_Random,United States,2023-11-15,Horror,709645.0,6934650101.0,10
여귀교- 저주를 부르는 게임,Unknown_Random,Taiwan,2023-11-15,Horror,,,6
세일즈걸,Unknown_Random,Unknown_Random,2023-11-15,Drama,,,8
브루스 윌리스의 라스트 미션: 데이 투 다이,Unknown_Random,Canada,2023-11-15,Action,,,4
더 챔피언,Unknown_Random,United Kingdom,2023-11-15,Action,,,9
더 와일드: 야수들의 전쟁,Unknown_Random,South Korea,2023-11-15,Action,,,2
금의 나라 물의 나라,Unknown_Random,Japan,2023-11-15,Animation,,,10
다이브: 100 피트 추락,Unknown_Random,Germany,2023-11-08,Thriller,,,2
이니셰린의 밴시,Unknown_Random,United States,2023-03-15,Drama,,,7
백지영 콘서트 인 시네마,Jo Yoon-soo,South Korea,2023-11-10,Concert,,,7
톡 투 미,"Unknown_Random, Unknown_Random","Australia, United Kingdom",2023-11-01,Horror,173374.0,1661107262.0,7
더 마블스,Unknown_Random,United States,2023-11-08,Action,678697.0,6739449809.0,9
거미줄 (악어와 악어새),Kim Moon-ok,South Korea,2023-07-06,Drama,,,7
마인드 유니버스,Unknown_Random,South Korea,2023-09-20,Science Fiction,,,9
범죄도시3,Lee Sang-yong,South Korea,2023-05-31,Crime,10673784.0,104614006978.0,7
마이 샤이니 월드,Unknown_Random,South Korea,2023-11-03,Concert,,,6
앵그리 애니,Unknown_Random,France,2023-11-01,Drama,,,5
시뮬런트,Unknown_Random,United States,2023-11-02,Science Fiction,,,9
붉은 장미의 추억,Unknown_Random,South Korea,2023-11-02,Drama,,,8
극장판 아이돌리쉬 세븐; 라이브 4비트 비욘드 더 피리어드 - 데이 2,Unknown_Random,Japan,2023-10-19,Animation,,,7
퀵샌드,Unknown_Random,United States,2023-11-01,Thriller,,,8
원 모어 찬스,Unknown_Random,China,2023-11-01,Drama,,,9
우당탕탕 경찰 음악대,Unknown_Random,Japan,2023-11-01,Unknown_Random,,,10
바비 IMAX,Unknown_Random,United States,2023-11-01,Drama,,,3
씰벤져스 : 용감한 바다특공대,"Unknown_Random, Unknown_Random",United States,2023-09-27,Animation,,,7
시수,Unknown_Random,Unknown,2023-10-25,Unknown_Random,,,3
"람빅, 시간과 열정의 맥주",Unknown_Random,Spain,2023-10-11,Documentary,,,7
킹 오브 뉴욕,Unknown_Random,"United States, Italy",2023-09-27,Action,,,7
달리랜드,Unknown_Random,United Kingdom,2023-10-18,Comedy,,,4
마브카 : 숲의 노래,Unknown_Random,"Ukraine, United States",2023-10-18,Animation,,,7
빌리와 용감한 녀석들: 황금 달걀 구조대,"Unknown_Random, Unknown_Random",Mexico,2023-10-26,Animation,,,7
비더원: 비퍼스트 더 무비,"Oh Yoon-dong, Kim Ha-min",South Korea,2023-10-11,Unknown,,,7
킹 오브 킬러스,Unknown_Random,United States,2023-10-12,Action,,,6
팟 제너레이션,Unknown_Random,Unknown,2023-10-03,Unknown_Random,,,9
더 킬러,Unknown_Random,United States,2023-10-25,Thriller,,,6
사나: 저주의 아이,Unknown_Random,Japan,2023-10-04,Horror,66691.0,657606000.0,4
플라워 킬링 문,Unknown_Random,United States,2023-10-19,Crime,161754.0,1529850989.0,7
모딜리아니,Unknown_Random,"United States, France, Germany, Italy, Romania, United Kingdom",2023-10-19,Drama,,,4
더 도터,Unknown_Random,Spain,2023-10-19,Thriller,,,9
극장판 아이돌리쉬 세븐; 라이브 4비트 비욘드 더 피리어드 - 데이 1,Unknown_Random,Japan,2023-10-19,Animation,,,3
익스펜더블 4,Unknown_Random,United States,2023-10-18,Action,50222.0,484594060.0,3
엑소시스트: 믿는 자,Unknown_Random,United States,2023-10-18,Horror,78260.0,808544882.0,3
바람 따라 만나리 : 김호중의 계절,Oh Yoon-dong,South Korea,2023-10-18,Concert,39295.0,906717500.0,10
이누부!,Unknown_Random,Japan,2023-10-16,Unknown_Random,,,8
만강홍: 사라진 밀서,Zhang Yimou,China,2023-10-11,Mystery,,,8
나의 행복한 결혼,Unknown_Random,Japan,2023-10-11,Fantasy,,,6
바빌론,Unknown_Random,United States,2023-02-01,Drama,187122.0,1876545604.0,7
에브리씽 에브리웨어 올 앳 원스,"Unknown_Random, Unknown_Random",United States,2022-10-12,Action,343111.0,3665584771.0,7
퍼피 구조대: 더 마이티 무비,Unknown_Random,United States,2023-10-06,Animation,114678.0,1074575056.0,2
극장판 엉덩이 탐정: 미스터리 가면 ~최강의 대결,Unknown_Random,Japan,2023-09-28,Animation,120951.0,1102009160.0,4
스크래퍼,Unknown_Random,United Kingdom,2023-09-27,Unknown_Random,,,9
크리에이터,Gareth Edwards,United States,2023-10-03,Science Fiction,249169.0,2647836950.0,7
드림쏭2,Unknown_Random,United States,2023-10-03,Animation,,,5
당나귀 EO,Unknown_Random,"Poland, United Kingdom, Italy",2023-10-03,Drama,,,2
키네마의 신,Unknown_Random,Japan,2023-10-01,Drama,,,9
어파이어,Christian Petzold,Germany,2023-09-13,Drama,,,7
여덟 개의 산,Unknown_Random,Italy,2023-09-20,Drama,,,9
너의 시선이 머무는 곳에,Unknown_Random,South Korea,2023-09-06,Drama,,,4
타겟,Park Hee-gon,South Korea,2023-08-30,Thriller,415063.0,3917755690.0,7
"여름을 향한 터널, 이별의 출구",Unknown_Random,Japan,2023-09-14,Animation,61902.0,636858000.0,7
가문의 영광: 리턴즈,"Unknown_Random, Unknown_Random",South Korea,2023-09-21,Comedy,156442.0,1504198215.0,7
플로라 앤 썬,Unknown_Random,United States,2023-09-22,Drama,,,2
킴스 비디오,Unknown_Random,"United States, France, United Kingdom",2023-09-27,Documentary,,,6
오펜하이머,Unknown_Random,United States,2023-08-15,Thriller,3208000.0,34106908972.0,7
더 넌 2,Unknown_Random,United States,2023-09-27,Horror,350450.0,3646521705.0,7
검은 상복의 모녀,Unknown_Random,South Korea,2023-09-27,Unknown_Random,,,3
피닉스 미션,Unknown_Random,United States,2023-09-27,War,,,10
남자전용 미용실,Unknown_Random,South Korea,2023-09-20,Unknown_Random,,,8
그래픽 디자이어,Unknown_Random,United Kingdom,2023-09-18,Unknown_Random,,,8
80일간의 세계일주,Unknown_Random,France,2023-09-27,Animation,,,2
지옥갱,Unknown_Random,United States,2023-09-14,War,,,8
론 서바이버 : 아이 엠 리벤지,Unknown_Random,United States,2023-09-14,Action,,,10
사먹는 세자매,Unknown_Random,South Korea,2023-09-07,Unknown_Random,,,3
닌자터틀: 뮤턴트 대소동,Unknown_Random,United States,2023-09-14,Animation,50872.0,467263781.0,10
블랙 데몬,Unknown_Random,United States,2023-09-05,Thriller,,,3
번개맨: 더 비기닝,"Unknown_Random, Unknown_Random",South Korea,2023-09-20,Animation,,,7
태어나길 잘했어,Unknown_Random,South Korea,2022-04-14,Drama,,,6
커밍 홈 어게인,Unknown_Random,United States,2023-09-20,Drama,,,8
이터널 메모리,Unknown_Random,Unknown_Random,2023-09-20,Documentary,,,8
런닝맨: 리벤져스,Unknown_Random,South Korea,2023-08-10,Animation,,,5
미나리,Unknown_Random,United States,2021-03-03,Drama,1125428.0,10150199230.0,2
말이야 바른 말이지,"Unknown_Random, Unknown_Random, Unknown_Random, Unknown_Random, Unknown_Random, Unknown_Random",South Korea,2023-05-17,Comedy,,,7
작전명씨울프,Unknown_Random,United States,2023-09-21,Drama,,,6
아르고 원정대: 꼬마 영웅 패티의 대모험,"Unknown_Random, Unknown_Random",France,2023-09-21,Animation,64267.0,582451488.0,7
물안에서,Hong Sang-soo,South Korea,2023-04-12,Drama,,,8
베니스 유령 살인사건,Unknown_Random,United States,2023-09-13,Crime,191470.0,1873525229.0,6
그란 투리스모,Unknown_Random,United States,2023-09-20,Action,105058.0,1051631783.0,9
칸다하,Unknown_Random,United States,2023-09-20,Thriller,,,7
더 리프: 언더 워터,Unknown_Random,Australia,2023-09-20,Thriller,,,8
노크: 더 하우스,Unknown_Random,United States,2023-09-20,Horror,,,4
나의 그리스식 웨딩 3,Unknown_Random,United States,2023-09-20,Comedy,,,3
경미의 세계,Unknown_Random,South Korea,2023-09-20,Drama,,,7
힙노틱,Unknown_Random,United States,2023-09-20,Science Fiction,,,10
료마! 테니스의 왕자: 디사이드,Unknown_Random,Japan,2023-09-16,Animation,,,10
노트르담 온 파이어,Unknown_Random,France,2023-06-29,Drama,,,10
책 종이 가위,Unknown_Random,Japan,2023-09-13,Documentary,,,7
아이유 콘서트 : 더 골든 아워,Unknown_Random,South Korea,2023-09-13,Concert,66926.0,1573553500.0,7
뮤직 샤펠,Unknown_Random,Belgium,2023-09-13,Drama,,,9
리벤지 나이트,Unknown_Random,United States,2023-09-13,Action,,,7
일주일간 친구,Unknown_Random,China,2023-09-06,Drama,,,6
물꽃의 전설,Unknown_Random,South Korea,2023-08-30,Documentary,,,6
새로운 시대: 악의 도시,Unknown_Random,Unknown,2023-02-02,Crime,,,3
한 남자,Unknown_Random,Japan,2023-08-30,Crime,,,9
몸값part.2,Unknown_Random,South Korea,2023-07-05,Thriller,,,3
몸값part.1,Unknown_Random,South Korea,2023-07-05,Thriller,,,10
이노센트,Unknown_Random,Norway,2023-09-06,Horror,,,7
어느 멋진 아침,Unknown_Random,France,2023-09-06,Drama,,,8
생츄어리: 마법의 소원나무,Unknown_Random,Australia,2023-09-06,Animation,,,2
극장판 사사키와 미야노 - 졸업편,Unknown_Random,Japan,2023-09-06,Animation,,,9
206: 사라지지 않는,Unknown_Random,South Korea,2023-06-21,Documentary,,,7
식운,Unknown_Random,Japan,2023-09-01,Drama,,,7
앙드레 류: 러브 이즈 올 어라운드,Unknown_Random,Netherlands,2023-09-12,Concert,,,3
라모나,Unknown_Random,Spain,2023-08-31,Drama,,,5
경감 매그레,Unknown_Random,France,2023-08-30,Thriller,,,6
삼총사,Unknown_Random,United Kingdom,2023-08-25,Action,,,9
모하비 다이아몬드,Unknown_Random,United States,2023-08-24,Crime,,,5
SAS: 레니게이드 인 런던,Unknown_Random,United Kingdom,2023-08-10,Action,,,3
낭만여행,Unknown_Random,South Korea,2023-08-06,Comedy,,,6
47시간: 샤크베이트,Unknown_Random,"United Kingdom, United States",2023-08-03,Thriller,,,6
피아노 프리즘,Unknown_Random,South Korea,2023-08-30,Documentary,,,6
조이 라이드,Unknown_Random,United States,2023-08-30,Comedy,10257.0,87337989.0,9
스파이 코드명 포춘,Guy Ritchie,United States,2023-08-30,Action,36397.0,338826524.0,8
더 도어 : 다섯 개의 문,"Unknown_Random, Unknown_Random, Unknown_Random",Russia,2023-08-03,Unknown_Random,,,7
몬스터 패밀리 2,Unknown_Random,United Kingdom,2023-08-02,Animation,99769.0,859293854.0,3
더 버닝 씨,Unknown_Random,Norway,2023-08-23,Unknown_Random,,,8
99번의 정사,Unknown_Random,Unknown,2023-08-24,Unknown,,,9
치치치 치킨의 비밀,"Unknown_Random, Unknown_Random",China,2023-08-24,Animation,,,7
마야 3: 숲속 왕국의 위기,Unknown_Random,Germany,2023-08-24,Animation,44822.0,370265500.0,4
에릭 클랩튼: 어크로스 24 나이츠,Unknown_Random,United Kingdom,2023-08-23,Concert,,,3
람보르기니: 전설이 된 남자,Unknown_Random,Italy,2023-08-23,Drama,,,7
아만다,Unknown_Random,Italy,2023-08-23,Drama,,,5
강변의 무코리타,Unknown_Random,Japan,2023-08-23,Drama,,,7
볼코노고프 대위 탈출하다,"Unknown_Random, Unknown_Random",Russia,2023-08-23,Thriller,,,7
학교 가는 길,Unknown_Random,South Korea,2021-05-05,Documentary,,,2
킬러의 레스토랑,Unknown_Random,United States,2023-08-17,Action,,,7
탄생,Unknown_Random,South Korea,2022-11-30,Drama,325724.0,2930747491.0,10
명색이 아프레걸,Unknown_Random,South Korea,2022-05-26,Concert,,,5
사고물건 무서운 방,Nakata Hideo,Japan,2023-08-16,Horror,,,7
그 노래,Unknown_Random,South Korea,2023-08-16,Drama,,,10
교전,Unknown_Random,United States,2023-08-16,War,,,5
메가로돈 2,Unknown_Random,United States,2023-08-15,Action,123324.0,1290341499.0,5
인시디어스: 빨간 문,Unknown_Random,United States,2023-07-19,Horror,393323.0,4008546879.0,10
리멤버 미,Unknown_Random,Japan,2022-06-29,Animation,,,3
아포리아,Unknown_Random,South Korea,2023-01-26,Drama,,,7
바다 탐험대 옥토넛 어보브 앤 비욘드 : 육지 넘어 하늘까지!,Unknown_Random,United Kingdom,2023-08-10,Animation,69558.0,621689150.0,6
다섯 번째 흉추,Unknown_Random,South Korea,2023-08-02,Drama,,,9
이름 없는 춤,Unknown_Random,Japan,2023-08-09,Documentary,,,10
마에스트로,Unknown_Random,France,2023-08-09,Drama,,,2
살바도르 달리 : 불멸을 찾아서,Unknown_Random,Spain,2023-08-02,Documentary,,,8
노스맨,Robert Eggers,United States,2022-08-31,Drama,,,8
붉은 사막,Unknown_Random,Italy,2023-07-26,Drama,,,3
한번 죽어 봤다,Unknown_Random,Japan,2023-08-01,Comedy,,,8
슈퍼 키드 헤일리,Unknown_Random,Norway,2023-07-20,Animation,,,9
파이어하트,"Unknown_Random, Unknown_Random",France,2023-06-28,Animation,,,7
방탄소년단: 옛 투 컴 인 시네마,Oh Yoon-dong,South Korea,2023-02-01,Concert,60467.0,1330179500.0,9
데시벨,Unknown_Random,South Korea,2022-11-16,Action,894259.0,8798421762.0,3
골프레슨 특별한 기술,Unknown_Random,South Korea,2023-07-26,Unknown_Random,,,8
다크 글래시스,Unknown_Random,Italy,2023-07-21,Horror,,,7
특송,Unknown_Random,South Korea,2022-01-12,Crime,438474.0,4147632000.0,5
핑크퐁 시네마 콘서트3 : 진저브레드맨을 잡아라,Byun Hee-sun,South Korea,2023-07-26,Animation,24222.0,210526500.0,7
견왕: 이누오,Unknown_Random,Japan,2022-12-08,Animation,,,9
극장판 피노키오 위대한 모험,Vasily Rovenskiy,Hungary,2023-07-13,Animation,,,7
던전 앤 드래곤: 도적들의 명예,Unknown_Random,United States,2023-03-29,Action,290324.0,2900098080.0,8
헌티드 맨션,Unknown_Random,United States,2023-07-26,Horror,,,3
에고이스트,Unknown_Random,Japan,2023-07-26,Drama,,,10
메타모르포제의 툇마루,Unknown_Random,Japan,2023-07-26,Unknown,,,3
바비,Unknown_Random,United States,2023-07-19,Unknown,555767.0,5448229713.0,5
틴에이지 크라켄 루비,Unknown_Random,United States,2023-07-25,Animation,,,6
샤이닝,Unknown_Random,United States,2023-06-28,Horror,,,10
좋.댓.구,Unknown_Random,South Korea,2023-07-12,Comedy,,,10
군산전기,"Unknown_Random, Unknown_Random",South Korea,2023-07-06,Documentary,,,7
아버지의 마음,Unknown_Random,South Korea,2023-07-20,Documentary,,,2
인드림,Unknown_Random,South Korea,2023-06-21,Action,,,9
마마무: 마이콘 더 무비,Unknown_Random,South Korea,2023-06-21,Concert,,,8
귀공자,Park Hoon-jung,South Korea,2023-06-21,Action,678924.0,6669367723.0,7
제이홉 인 더 박스,Park Joon-soo,South Korea,2023-06-16,Documentary,,,7
보 이즈 어프레이드,Unknown_Random,United States,2023-07-05,Unknown_Random,53884.0,539801530.0,6
차선변경-큐폴라를 올려다보며-,Unknown_Random,Japan,2023-07-20,Unknown,,,9
극장판 슈퍼윙스: 맥시멈 스피드,Unknown_Random,South Korea,2023-07-20,Animation,95297.0,858751565.0,9
매복,Unknown_Random,United States,2023-01-12,Action,,,9
러브 라이프,Unknown_Random,Japan,2023-07-19,Drama,,,10
보통의 카스미,Unknown_Random,Japan,2023-07-19,Drama,,,9
더 썬,Unknown_Random,United Kingdom,2023-07-19,Drama,,,3
호쿠사이,Unknown_Random,Japan,2023-07-16,Drama,,,3
달이 지는 밤,"Unknown_Random, Unknown_Random",South Korea,2022-09-22,Drama,,,7
좀비 사용 설명서,Unknown_Random,Canada,2023-07-12,Horror,,,2
슬기로운 아내 수업,Unknown_Random,France,2023-07-12,Comedy,,,6
블레이즈,Unknown_Random,Australia,2023-07-12,Drama,,,4
미션 임파서블: 데드 레코닝 PART ONE,Unknown_Random,United States,2023-07-12,Action,4013101.0,40344289142.0,4
극장판 도라에몽: 진구와 하늘의 유토피아,Unknown_Random,Japan,2023-07-08,Animation,62072.0,557983900.0,8
수프와 이데올로기,Unknown_Random,South Korea,2022-10-20,Documentary,,,5
플래닛,Unknown_Random,Russia,2023-07-05,Science Fiction,,,9
악마의 부활,Unknown_Random,Czech Republic,2023-06-08,Horror,,,6
와일드캣,Unknown_Random,United States,2023-07-06,War,,,9
엘리멘탈,Unknown_Random,United States,2023-06-14,Animation,7205607.0,70806508242.0,5
킬링 로맨스,Lee Won-suk,South Korea,2023-04-14,Comedy,185161.0,1775730309.0,7
리바운드,Jang Hang-jun,South Korea,2023-04-05,Drama,685376.0,6586640868.0,7
하얀봄,Unknown_Random,South Korea,2023-07-05,Concert,,,10
풍재기시,Unknown_Random,Hong Kong,2023-07-05,Crime,,,10
엔니오: 더 마에스트로,Unknown_Random,Italy,2023-07-05,Documentary,,,7
기적을 믿는 소녀,Unknown_Random,United States,2023-07-05,Drama,,,2
"1986 그 여름, 그리고 고등어통조림",Unknown_Random,Japan,2023-07-05,Drama,,,6
유령,Lee Hae-young,South Korea,2023-01-18,Drama,653094.0,6654060340.0,7
뮤지컬 윌리엄과 윌리엄의 윌리엄들,Unknown_Random,South Korea,2023-06-28,Concert,,,4
위험한 사돈,Unknown_Random,Poland,2023-06-21,Drama,,,6
슈가: 로드 투 디데이,Park Joon-soo,South Korea,2023-06-16,Documentary,,,7
실버맨,Unknown_Random,South Korea,2023-06-14,Drama,,,2
안나푸르나,Hwang Seung-jae,South Korea,2023-06-08,Drama,,,7
포트리스2 : 스나이퍼 아이,Unknown_Random,United States,2023-06-15,Action,,,7
익스파이어드,Unknown_Random,Australia,2023-06-08,Science Fiction,,,9
뮤지컬 청춘소음,Unknown_Random,South Korea,2023-06-07,Concert,,,3
그 여름,Unknown_Random,South Korea,2023-06-07,Animation,,,10
인디아나 존스: 운명의 다이얼,Unknown_Random,United States,2023-06-28,Unknown_Random,849616.0,8404532508.0,8
룸 203,Unknown_Random,Japan,2023-06-28,Horror,,,7
"2022 영탁 단독 콘서트 ""탁쇼""",Unknown_Random,South Korea,2023-06-28,Concert,32667.0,783934000.0,2
엽문의 시작,Unknown_Random,China,2023-06-23,Action,,,4
명탐정코난: 하이바라 아이 이야기 ~흑철의 미스터리 트레인,Unknown_Random,Japan,2023-06-23,Animation,69283.0,722210300.0,10
스파이더맨: 어크로스 더 유니버스,Unknown_Random,United States,2023-06-21,Animation,899320.0,9278825288.0,8
살롱 드 서울,Unknown_Random,South Korea,2023-06-21,Unknown,,,7
"믿거나 말거나, 진짜야",Unknown_Random,France,2023-06-21,Science Fiction,,,4
뮤지컬 앨리스,Unknown_Random,South Korea,2023-06-21,Concert,,,9
위대한 작은 농장,Unknown_Random,United States,2023-06-14,Documentary,,,9
너의 눈을 들여다보면,Unknown_Random,France,2023-06-14,Drama,,,7
이상한 나라의 수학자,Unknown_Random,South Korea,2022-03-09,Drama,524657.0,4980149720.0,10
부화,Unknown_Random,Finland,2023-06-16,Horror,,,4
극장판 극주부도,Unknown_Random,Japan,2023-06-16,Comedy,,,4
문재인입니다,Unknown_Random,South Korea,2023-05-10,Documentary,104822.0,1019257518.0,10
선데이리그,Unknown_Random,South Korea,2022-10-05,Comedy,,,4
플래시,Unknown_Random,United States,2023-06-14,Action,625995.0,6648454904.0,7
김재훈의 피.엔.오,Kim Jae-hun,South Korea,2023-06-14,Concert,,,7
비의도적 연애담 스페셜,Unknown_Random,South Korea,2023-06-14,Drama,,,6
블랙 워터: 어비스,Unknown_Random,Australia,2023-06-14,Action,,,5
나의 사소한 슬픔,Unknown_Random,Canada,2023-06-14,Drama,,,6
트랜스포머: 비스트의 서막,Unknown_Random,United States,2023-06-06,Action,757601.0,7668078235.0,5
사랑하는 당신에게,Unknown_Random,"Belgium, Switzerland",2023-05-31,Drama,,,4
극장판 윌벤져스 : 수상한 캠핑 대소동,"Unknown_Random, Unknown_Random",South Korea,2022-06-23,Animation,26013.0,262047700.0,7
인생은 아름다워,Unknown_Random,South Korea,2022-09-28,Musical,1158887.0,10793990104.0,7
박하경 여행기,Lee Jong-pil,South Korea,2023-06-07,Drama,,,8
아무도 없는 곳,Unknown_Random,South Korea,2021-03-31,Drama,13871.0,117055880.0,6
겨울밤에,Unknown_Random,South Korea,2020-12-10,Drama,,,8
무한궤도 (가면속의 거짓말),Kim Moon-ok,South Korea,2023-03-29,Crime,,,7
이윽고 바다에 닿다,Unknown_Random,Japan,2023-06-07,Drama,,,8
북 클럽: 넥스트 챕터,Unknown_Random,United States,2023-06-07,Unknown,,,3
부기맨,Unknown_Random,United States,2023-06-06,Horror,,,2
배우의 꿈,Unknown_Random,Canada,2023-06-05,Family,,,8
바깥 나라의 소녀,"Unknown_Random, Unknown_Random",Japan,2023-05-16,Animation,,,7
리턴 투 서울,Unknown_Random,France,2023-05-03,Drama,,,4
마지막부자 최준,Unknown_Random,South Korea,2022-05-06,Drama,,,3
미드나잇 스완,Unknown_Random,Japan,2023-06-01,Drama,,,2
포트리스: 더 벙커,Unknown_Random,United States,2023-05-10,Action,,,10
13 미닛츠,Unknown_Random,United States,2023-05-03,Action,,,9
악당들,Unknown_Random,"Italy, Brazil",2023-05-31,Crime,,,2
세인트 세이야: 더 비기닝,Unknown_Random,Japan,2023-05-31,Action,,,10
마인드케이지,Unknown_Random,United States,2023-05-31,Crime,,,7
라이드 온,Unknown_Random,China,2023-05-31,Action,,,6
보이지 않아,Unknown_Random,South Korea,2023-04-19,Drama,,,5
빅트립2: 아기곰 배달 대작전,Vasily Rovenskiy,Russia,2023-05-27,Animation,,,7
카일리 블루스,Unknown_Random,China,2023-05-24,Drama,,,9
메리 마이 데드 바디,Unknown_Random,Taiwan,2023-05-17,Comedy,,,10
사슴의 왕,Unknown_Random,Japan,2023-05-25,Animation,,,4
이스케이프 더 보트,Unknown_Random,Italy,2023-05-26,Thriller,,,2
나를 죽여줘,Unknown_Random,South Korea,2022-10-19,Drama,,,6
줄리아의 인생극장,Unknown_Random,France,2023-05-24,Drama,,,5
인어공주,Unknown_Random,United States,2023-05-24,Musical,643013.0,6622116521.0,3
스크림6,Unknown_Random,United States,2023-05-24,Horror,,,3
뮤지컬 더 데빌 2021,Jo Yoon-soo,South Korea,2023-05-11,Concert,,,7
뮤지컬 호프,Jo Yoon-soo,South Korea,2023-05-11,Concert,,,7
페이퍼 스파이더스,Unknown_Random,United States,2023-05-18,Drama,,,2
극장판 리틀 슈퍼맨 샘샘,Unknown_Random,France,2023-05-18,Animation,,,9
거신: 바람의 아이,Unknown_Random,South Korea,2023-05-18,Animation,,,6
플레이 뮤지컬 핑크퐁과 아기상어의 생일파티 대소동,Unknown_Random,South Korea,2023-05-17,Concert,,,6
슬픔의 삼각형,Unknown_Random,United States,2023-05-17,Comedy,38178.0,373764997.0,3
분노의 질주: 라이드 오어 다이,Unknown_Random,United States,2023-05-17,Action,1770063.0,18441186654.0,10
아머드 사우루스: 기계공룡제국의 침략,Unknown_Random,South Korea,2023-04-20,Animation,,,7
옥수역귀신,Unknown_Random,"South Korea, Japan",2023-04-19,Horror,223640.0,2384109600.0,9
데우스,Unknown_Random,United Kingdom,2023-05-16,Unknown_Random,,,2
칠중주: 홍콩 이야기,"Unknown_Random, Unknown_Random, Unknown_Random, Unknown_Random, Unknown_Random, Unknown_Random, Unknown_Random",Hong Kong,2023-05-11,Drama,,,7
유랑지구2,Unknown_Random,China,2023-05-10,Science Fiction,,,3
아르코 라이브 뮤지컬 호프,Unknown_Random,South Korea,2021-03-03,Concert,,,7
프린세스 아야,Unknown_Random,South Korea,2022-09-21,Fantasy,13493.0,112473397.0,4
고속도로 가족,Unknown_Random,South Korea,2022-11-02,Drama,17106.0,135048700.0,7
가디언즈 오브 갤럭시: Volume 3,James Gunn,United States,2023-05-03,Action,4202900.0,44295254776.0,8
토리와 로키타,"Unknown_Random, Unknown_Random","Belgium, France",2023-05-10,Drama,,,7
엑소시스트: 더 바티칸,Unknown_Random,United States,2023-05-10,Horror,,,9
뮤지컬 더 데빌 2018,Jo Yoon-soo,South Korea,2023-05-10,Concert,,,7
작은새와 돼지씨,Unknown_Random,South Korea,2022-08-25,Documentary,,,4
모어,Unknown_Random,South Korea,2022-06-23,Documentary,,,4
녹턴,Unknown_Random,South Korea,2022-08-18,Documentary,,,6
성적표의 김민영,"Unknown_Random, Unknown_Random",South Korea,2022-09-08,Drama,,,7
불도저에 탄 소녀,Unknown_Random,South Korea,2022-04-07,Drama,6043.0,53960870.0,6
윤시내가 사라졌다,Unknown_Random,South Korea,2022-06-08,Drama,,,8
같은 속옷을 입는 두 여자,Unknown_Random,South Korea,2022-11-10,Drama,,,9
차별,"Kim Jee-woon, Unknown_Random",South Korea,2023-03-22,Documentary,,,7
나나,Unknown_Random,Indonesia,2022-12-15,Drama,,,7
"1975 킬링필드, 푸난",Unknown_Random,France,2022-01-27,Animation,,,5
극장판 짱구는 못말려: 동물소환 닌자 배꼽수비대,Unknown_Random,Japan,2023-05-04,Animation,727223.0,7213704222.0,7
라이스보이 슬립스,Unknown_Random,Canada,2023-04-19,Family,,,2
무명,Unknown_Random,China,2023-04-26,Thriller,15976.0,142525009.0,2
"뮤지컬 공연실황, 알쏭달쏭 캐치! 티니핑 <신비한 상자를 열어라!>","Unknown_Random, Unknown_Random",South Korea,2023-05-03,Concert,,,7
클로즈,Unknown_Random,"Belgium, Netherlands, France",2023-05-03,Drama,,,3
그 아이는 귀족,Unknown_Random,Japan,2023-05-01,Drama,,,6
오글리스: 웰컴 투 냄새 마을,Unknown_Random,Germany,2023-04-06,Animation,,,6
튤립 모양,Unknown_Random,South Korea,2023-04-19,Drama,,,3
불멸의 여자,Choi Jong-tae,South Korea,2023-04-05,Drama,,,7
항구의 니쿠코짱!,Unknown_Random,Japan,2023-04-27,Animation,,,10
롱 플레이스,Unknown_Random,United States,2023-04-27,Action,,,5
"조제, 호랑이 그리고 물고기들",Unknown_Random,Japan,2021-03-31,Animation,21683.0,195134560.0,9
피기,Unknown_Random,Spain,2023-04-26,Thriller,,,10
자전거 도둑,Unknown_Random,Italy,2023-04-26,Drama,,,4
슈퍼 마리오 브라더스,Unknown_Random,United States,2023-04-26,Animation,2387766.0,23494358688.0,10
스마일 어게인,Unknown_Random,Argentina,2023-04-25,Action,,,9
치킨래빗: 잃어버린 보물을 찾아서,Unknown_Random,"Belgium, France",2023-03-18,Animation,53211.0,471035200.0,5
거울 속 외딴 성,Unknown_Random,Japan,2023-04-12,Animation,36649.0,362122420.0,10
라스트 필름 쇼,Unknown_Random,"India, France, United States",2023-04-12,Drama,,,2
컴백홈,Unknown_Random,South Korea,2022-10-05,Drama,37576.0,349953832.0,4
캐리 러브콘서트 케이팝,Unknown_Random,South Korea,2023-04-20,Concert,,,5
살룸의 하이에나,Unknown_Random,France,2023-04-20,Action,,,3
65,"Unknown_Random, Unknown_Random",United States,2023-04-20,Action,,,7
콜드플레이 뮤직 오브 더 스피어스: 라이브 앳 리버 플레이트,Unknown_Random,United Kingdom,2023-04-19,Concert,,,9
천개의 별 이야기 더 시리즈,Unknown_Random,Unknown,2023-04-19,Drama,,,7
오디션,Unknown_Random,Japan,2023-04-19,Horror,,,8
렌필드,Unknown_Random,United States,2023-04-19,Comedy,47555.0,452640927.0,7
로그 인 벨지움,Unknown_Random,South Korea,2021-12-01,Documentary,,,6
밥만 잘 사주는 이상한 이사님 극장판,Unknown_Random,South Korea,2023-04-12,Drama,,,5
하룻밤,Unknown_Random,Japan,2023-04-16,Drama,,,10
나는보리,Kim Jin-yoo,South Korea,2020-05-21,Family,,,7
젠틀맨,Unknown_Random,South Korea,2022-12-28,Crime,213509.0,2021519631.0,5
휴가,Unknown_Random,South Korea,2021-10-21,Drama,,,9
희수,Unknown_Random,South Korea,2022-12-15,Drama,,,7
메탈리카: 72 시즌스,Unknown_Random,United States,2023-04-13,Concert,,,8
빛과 철,Unknown_Random,South Korea,2021-02-18,Drama,,,4
나의 연인에게,Unknown_Random,Germany,2023-03-29,Drama,,,7
장기자랑,Unknown_Random,South Korea,2023-04-05,Documentary,,,7
치치핑핑의 쿵쿵따 탐험대,Lee Kwang-beom,South Korea,2023-04-10,Concert,,,7
영웅,Yoon Je-kyoon,South Korea,2022-12-21,Drama,3230573.0,31915581781.0,7
엘 카미노,Unknown_Random,South Korea,2023-03-29,Documentary,,,10
카구야 님은 고백받고 싶어 -첫 키스는 끝나지 않아-,Unknown_Random,Japan,2023-04-06,Animation,11980.0,136089900.0,7
곰돌이 푸: 피와 꿀,Unknown_Random,United Kingdom,2023-04-06,Horror,,,9
에어,Unknown_Random,United States,2023-04-05,Drama,101689.0,990889901.0,2
뮤턴트 이스케이프,Unknown_Random,Canada,2023-04-05,Action,,,5
사쿠라,Unknown_Random,Japan,2023-04-01,Drama,,,6
민족,Unknown_Random,South Korea,2023-03-01,Drama,,,3
웅남이,Unknown_Random,South Korea,2023-03-22,Comedy,307689.0,2820921472.0,9
서유기:저팔계의 반란,Unknown_Random,China,2023-03-30,Fantasy,,,4
더 벙커,Unknown_Random,United Kingdom,2023-03-23,Action,,,5
파벨만스,Unknown_Random,United States,2023-03-22,Drama,58377.0,593099127.0,8
베리얼: 라스트 미션,Unknown_Random,United Kingdom,2023-03-20,War,,,9
흐르다,Unknown_Random,South Korea,2023-03-29,Drama,,,8
블라스트: 폭탄제거반,Unknown_Random,France,2023-03-16,Action,,,9
이스케이프: 더블 타겟,Unknown_Random,United States,2023-03-15,Action,,,2
나의 이웃 히틀러,Unknown_Random,"Israel, Colombia, Poland",2023-03-30,Comedy,,,3
오토라는 남자,Unknown_Random,United States,2023-03-29,Drama,33800.0,305832317.0,7
샷건 웨딩,Unknown_Random,United States,2023-03-29,Action,,,5
"블루 서멀, 같은 하늘을 보고 싶어",Unknown_Random,Japan,2023-03-29,Animation,,,8
어떤 영웅,Unknown_Random,France,2023-03-15,Drama,,,5
리틀 엘렌: 외계인과 안테나 대소동,Unknown_Random,Denmark,2023-03-01,Animation,,,6
콜 제인,Unknown_Random,United Kingdom,2023-03-08,Drama,,,6
여기도 사람 있어요,Kim Choong-gil,South Korea,2023-03-01,Drama,,,7
태일이,Unknown_Random,South Korea,2021-12-01,Animation,110971.0,922119390.0,7
섀도우 마스터,Unknown_Random,United States,2023-03-27,Action,,,10
모나리자와 블러드 문,Unknown_Random,United States,2023-03-22,Fantasy,16289.0,147766899.0,10
포커페이스,Unknown_Random,United States,2023-03-23,Crime,,,6
꼬마돼지 베이브의 바다 대모험,Unknown_Random,China,2023-03-23,Animation,,,2
팔로우드,Unknown_Random,United States,2023-03-22,Horror,,,5
틸,Unknown_Random,United States,2023-03-22,Drama,,,10
플레인,Unknown_Random,United States,2023-03-15,Action,25476.0,241411256.0,4
샤잠! 신들의 분노,Unknown_Random,United States,2023-03-15,Action,63133.0,673792804.0,9
컨버세이션,Unknown_Random,South Korea,2023-02-23,Unknown,,,3
사제로부터 온 편지,Choi Jong-tae,South Korea,2021-08-19,Documentary,,,7
에브리씽 에브리웨어 올 앳 원스+,"Unknown_Random, Unknown_Random",United States,2023-03-01,Action,101563.0,1045591773.0,7
더 웨일,Unknown_Random,United States,2023-03-01,Drama,,,9
살수,Unknown_Random,South Korea,2023-02-22,Action,,,10
마티아스와 막심,Unknown_Random,Canada,2020-07-23,Drama,,,3
6번 칸,Unknown_Random,"Germany, Finland, Russia, Estonia",2023-03-08,Drama,,,2
쏜애플 불구경 2022 라이브 콘서트 필름,Unknown_Random,South Korea,2023-03-08,Concert,,,2
천룡팔부: 교봉전,Unknown_Random,Hong Kong,2023-01-25,Action,,,4
애니씽 고즈: 라이브 인 런던,Unknown_Random,United Kingdom,2023-03-08,Musical,,,5
똑똑똑,Unknown_Random,United States,2023-03-08,Mystery,21686.0,214876427.0,2
그대 어이가리,Unknown_Random,South Korea,2023-03-08,Drama,,,10
관계의 일변,Unknown_Random,South Korea,2023-02-01,Drama,,,5
범죄도시2,Lee Sang-yong,South Korea,2022-05-18,Crime,12684545.0,131206953040.0,7
"귀멸의 칼날: 상현집결, 그리고 도공 마을로",Sotozaki Haruo,Japan,2023-03-02,Animation,523600.0,6448899400.0,7
크리드 3,Unknown_Random,United States,2023-03-01,Action,,,5
아임 히어로 더 파이널,Oh Yoon-dong,South Korea,2023-03-01,Concert,230181.0,5563727000.0,10
루비콘,Unknown_Random,Austria,2023-02-23,Science Fiction,,,3
옆집사람,Unknown_Random,South Korea,2022-11-03,Thriller,,,9
올빼미,Unknown_Random,South Korea,2022-11-23,Thriller,3317511.0,32744008527.0,3
바다 탐험대 옥토넛 육지수호 대작전 : 열대우림을 지켜라!,Unknown_Random,United Kingdom,2023-02-23,Animation,23840.0,213803500.0,3
지퍼스 크리퍼스: 리본,Unknown_Random,United Kingdom,2023-02-22,Horror,,,3
서치 2,"Unknown_Random, Unknown_Random",United States,2023-02-22,Mystery,395500.0,3892625634.0,7
미녀와 야수: 마법에 걸린 왕자,Unknown_Random,Russia,2023-02-22,Animation,,,4
TAR 타르,Unknown_Random,United States,2023-02-22,Drama,,,9
"열여덟, 어른이 되는 나이",Unknown_Random,South Korea,2023-01-25,Drama,,,2
어메이징 모리스,Unknown_Random,Germany,2023-02-15,Animation,85345.0,756262728.0,3
극장판 카케구루이2: 절체절명의 러시안 룰렛,Unknown_Random,Japan,2023-02-16,Thriller,,,7
스위치,Unknown_Random,South Korea,2023-01-04,Unknown,396531.0,3790138312.0,6
메이드인세운상가,Unknown_Random,South Korea,2022-05-25,Concert,,,7
스톰 보이,Unknown_Random,Australia,2023-02-16,Family,,,5
카메라를 멈추면 안 돼! 프랑스에서도,Unknown_Random,France,2023-02-15,Comedy,,,5
트윈,Unknown_Random,Finland,2023-02-08,Horror,,,3
앤트맨과 와스프: 퀀텀매니아,Unknown_Random,United States,2023-02-15,Action,1542582.0,16259619630.0,3
단순한 열정,Unknown_Random,France,2023-02-01,Drama,,,4
뒤틀린 집,Unknown_Random,South Korea,2022-07-13,Horror,24304.0,238512700.0,2
아르키메데스의 대전,Unknown_Random,Japan,2022-11-16,Drama,,,9
큐브,Unknown_Random,Japan,2022-08-24,Thriller,,,10
체리마호: 30살까지 동정이면 마법사가 될 수 있대,Unknown_Random,Japan,2022-07-13,Fantasy,,,10
궁지에 몰린 쥐는 치즈 꿈을 꾼다,Unknown_Random,Japan,2023-02-08,Drama,,,5
원 웨이,Unknown_Random,United States,2023-02-09,Action,,,3
울프 하운드,Unknown_Random,United States,2023-02-09,Action,,,8
라스트 버스,Unknown_Random,United Kingdom,2023-02-09,Drama,,,8
"안녕, 소중한 사람",Unknown_Random,France,2023-02-08,Drama,,,8
성스러운 거미,Unknown_Random,"Denmark, Germany, Sweden, France",2023-02-08,Crime,,,10
디텍티브 나이트: 가면의 밤,Unknown_Random,United States,2023-02-08,Crime,,,6
강남좀비,Lee Su-seong,South Korea,2023-01-05,Drama,,,7
나는 마을 방과후 교사입니다,"Unknown_Random, Unknown_Random",South Korea,2023-01-11,Documentary,,,7
교섭,Yim Soon-rye,South Korea,2023-01-18,Drama,1697864.0,17236586783.0,7
몬스터 하우스2: 인비져블 피닉스,Unknown_Random,Russia,2023-02-02,Animation,,,4
극장판 전생했더니 슬라임이었던 건에 대하여: 홍련의 인연편,Unknown_Random,Japan,2023-02-02,Animation,,,3
극장판 카케구루이,Unknown_Random,Japan,2023-01-16,Drama,,,6
이마 베프,Unknown_Random,France,2023-02-01,Comedy,,,5
클로젯,Unknown_Random,South Korea,2020-02-05,Mystery,1265776.0,10926131380.0,4
당신은 이 글 속에 살아있다,Unknown_Random,South Korea,2022-02-18,Unknown,,,7
생각 그런거 없는데요,Unknown_Random,South Korea,2023-01-25,Drama,,,3
극장판 겁쟁이 페달,Unknown_Random,Japan,2023-02-01,Drama,,,6
FBI: 마약전쟁,Unknown_Random,United States,2023-01-12,Action,,,7
육사오(6/45),Unknown_Random,South Korea,2022-08-24,Comedy,1958368.0,19608794463.0,9
빌리 아일리시: 라이브 앳 디 오투 (확장판),Unknown_Random,United States,2023-01-27,Concert,,,5
거래완료,Unknown_Random,South Korea,2022-10-06,Drama,,,8
요정,Unknown_Random,South Korea,2022-12-01,Drama,,,7
새를 사랑한 화가,Unknown_Random,France,2023-01-25,Documentary,,,6
울브스 오브 워,Unknown_Random,United Kingdom,2023-01-26,Action,,,9
튜브펫주식회사,"Unknown_Random, Unknown_Random",South Korea,2022-12-08,Drama,,,7
새비지 맨,Unknown_Random,United States,2023-01-26,Action,,,8
견자단의 용호무사,Unknown_Random,China,2023-01-26,Documentary,,,8
유랑의 달,Unknown_Random,Japan,2023-01-18,Drama,,,8
위너 2022 콘서트 더 서클 더 무비,Unknown_Random,South Korea,2023-01-25,Concert,,,8
뮤지컬 레드북,Unknown_Random,South Korea,2023-01-25,Musical,,,6
메간,Gerald Johnstone,United States,2023-01-25,Horror,196074.0,1999474006.0,7
라인,Unknown_Random,"Switzerland, France, Belgium",2023-01-25,Drama,,,4
돌핀보이,Unknown_Random,Germany,2023-01-25,Animation,,,6
벤데타: 복수의 시간,Jared Cohn,Canada,2023-01-20,Action,,,7
극장판 파워레인저 캡틴포스: 지구를 위한 싸움,Unknown_Random,Japan,2023-01-19,Action,,,9
프리 데드 오어 얼라이브,Unknown_Random,United States,2023-01-19,Action,,,4
혜옥이,Unknown_Random,South Korea,2022-12-08,Drama,,,3
이별식당,Unknown_Random,South Korea,2020-08-27,Musical,,,3
이태석,Unknown_Random,South Korea,2022-12-29,Documentary,,,3
라스트필름,Unknown_Random,South Korea,2022-12-29,Drama,,,5
라일 라일 크로커다일,"Unknown_Random, Unknown_Random",United States,2023-01-18,Family,25987.0,249224247.0,7
문맨,Unknown_Random,China,2023-01-11,Drama,,,3
화피사2: 요괴전쟁,Unknown_Random,China,2022-12-22,Action,,,7
프린스 챠밍,Unknown_Random,"United States, United Kingdom, Canada",2023-01-11,Animation,10203.0,89246300.0,3
핑크퐁 시네마 콘서트 2: 원더스타 콘서트 대작전,Unknown_Random,South Korea,2022-12-21,Animation,26490.0,249894974.0,6
동행: 10년의 발걸음,Unknown_Random,South Korea,2022-12-01,Documentary,,,5
극장판 뽀로로와 친구들: 바이러스를 없애줘!,Unknown_Random,South Korea,2022-12-01,Animation,197213.0,1777163300.0,2
마리앙투아네트,Unknown_Random,South Korea,2023-01-02,Musical,,,8
장화신은 고양이: 끝내주는 모험,Unknown_Random,United States,2023-01-04,Animation,823213.0,7801669571.0,9
신비아파트 극장판 차원도깨비와 7개의 세계,Unknown_Random,South Korea,2022-12-14,Animation,425367.0,4063515418.0,6
1번국도,Unknown_Random,South Korea,2022-12-08,Drama,,,3
원정녀 1호의 사연 무삭제,Choi Sung-eun,South Korea,2020-03-02,Drama,,,7
가가린,"Unknown_Random, Unknown_Random",France,2022-12-22,Science Fiction,,,7
패닉 런,Unknown_Random,United States,2023-01-04,Thriller,,,4
처음 꽃향기를 만난 순간,Unknown_Random,Taiwan,2023-01-04,Drama,,,3
뮤지컬 번지점프를 하다,"Unknown_Random, Unknown_Random",South Korea,2023-01-02,Musical,,,7
뮤지컬 배니싱,Unknown_Random,South Korea,2023-01-03,Musical,,,4
아이,Unknown_Random,South Korea,2021-02-10,Drama,34330.0,278493070.0,5
트루 마더스,Unknown_Random,Japan,2023-01-01,Drama,,,9
욕망: 신세계,Yamashita Nobuhira,Japan,2022-05-11,Drama,,,7
좋은 사람,Unknown_Random,South Korea,2021-09-09,Mystery,,,4
벼랑 끝의 남매,Unknown_Random,Japan,2022-12-22,Drama,,,7
요로나: 끝나지 않은 저주,Unknown_Random,Canada,2022-12-28,Horror,,,8
특공여전사,Unknown_Random,China,2022-12-26,Action,,,7
천년여우,Unknown_Random,China,2022-11-03,Thriller,,,9
단청낭자,Unknown_Random,China,2022-12-26,Fantasy,,,4
상견니 대만판 12화,Unknown_Random,Unknown,2021-08-31,Drama,,,8
아바타: 물의 길,Unknown_Random,United States,2022-12-14,Action,10772840.0,137257671187.0,7
메모리아,Unknown_Random,Unknown,2022-12-29,Drama,,,10
캅 시크릿,Unknown_Random,Iceland,2022-12-08,Comedy,,,8
몬테베리코의 은밀한 밤,Unknown_Random,United Kingdom,2022-12-02,Drama,,,2
싸나희 순정,Unknown_Random,South Korea,2021-11-25,Drama,,,5
눈의 여왕5: 스노우 프린세스와 미러랜드의 비밀,Unknown_Random,Unknown,2022-12-22,Animation,137487.0,1271229597.0,6
크레이지 컴페티션,"Unknown_Random, Unknown_Random",Spain,2022-12-28,Drama,,,7
이스터 선데이,Unknown_Random,United States,2022-12-28,Comedy,,,10
몬스터 신부: 101번째 프로포즈,Unknown_Random,"Hungary, Russia",2022-12-28,Animation,25652.0,235671900.0,5
레드 씨,Unknown_Random,Egypt,2022-12-01,Unknown_Random,,,2
한여름밤의 재즈,Unknown_Random,United States,2022-09-08,Documentary,,,10
빌리 홀리데이,Unknown_Random,United States,2021-11-04,Drama,,,7
깐부(코로나방학소동),Kim Moon-ok,South Korea,2022-11-15,Drama,,,7
픽션들,Unknown_Random,South Korea,2022-11-24,Drama,,,4
트랜스,Unknown_Random,South Korea,2022-11-17,Science Fiction,,,9
좀비는 좀비끼리 우리는 우리끼리,Unknown_Random,South Korea,2022-08-04,Drama,,,4
만인의 연인,Unknown_Random,South Korea,2022-12-01,Drama,,,8
초선,Unknown_Random,South Korea,2022-11-03,Documentary,,,6
첫번째 아이,Unknown_Random,South Korea,2022-11-10,Drama,,,2
코르사주,Unknown_Random,France,2022-12-21,Drama,,,9
페르시아어 수업,Unknown_Random,Russia,2022-12-15,Drama,,,6
유포자들,Unknown_Random,South Korea,2022-11-23,Crime,16160.0,107364600.0,10
창밖은 겨울,Unknown_Random,South Korea,2022-11-24,Drama,,,5
어웨이크,Unknown_Random,Japan,2022-12-16,Drama,,,3
작은연못,"Unknown_Random, Unknown_Random",South Korea,2022-11-17,Documentary,,,7
영화감독 노동주,Lim Chan-ik,South Korea,2022-11-30,Documentary,,,6
세이레,Unknown_Random,South Korea,2022-11-24,Drama,,,10
지옥의 화원,Unknown_Random,Japan,2022-12-15,Comedy,,,8
야쿠자 프린세스,Unknown_Random,Brazil,2022-12-15,Action,,,2
뮤직 바이 시아,Unknown_Random,United States,2022-12-15,Drama,,,3
머슴바울,Unknown_Random,South Korea,2022-11-24,Historical Drama,,,3
모자산책,Jo Sung-kyu,South Korea,2022-11-17,Drama,,,7
양성인간,Unknown_Random,Taiwan,2022-12-01,Drama,,,10
프레이 포 더 데블,Unknown_Random,United States,2022-12-07,Mystery,67191.0,681867782.0,9
압꾸정,Lim Jin-soon,South Korea,2022-11-30,Comedy,601644.0,5678302163.0,7
제이오원 더 무비 <미완성> - 고 투 더 탑-,Unknown_Random,Japan,2022-12-11,Documentary,,,3
"므이 : 저주, 돌아오다",Unknown_Random,Vietnam,2022-12-07,Horror,,,2
미애언니라고 불러줘,Lee Sang-woo,South Korea,2022-12-08,Drama,,,7
마이 선,Unknown_Random,France,2022-12-08,Thriller,,,3
더 게임,Unknown_Random,Hungary,2022-12-08,Drama,,,5
괴기맨숀,Unknown_Random,South Korea,2021-06-30,Horror,26682.0,270436800.0,2
화이트 노이즈,Unknown_Random,United States,2022-12-07,Comedy,,,6
스페이스 키드: 우주에서 살아남기,Unknown_Random,France,2022-12-07,Animation,26900.0,215957450.0,7
더 메뉴,Unknown_Random,United States,2022-12-07,Thriller,,,7
데솔레이트,Unknown_Random,United States,2022-12-06,Action,,,10
극장판 가면라이더: 세이버X젠카이저 슈퍼히어로 전기,Unknown_Random,Japan,2022-12-01,Action,,,2
스트레인지 월드,"Unknown_Random, Unknown_Random",United States,2022-11-23,Animation,67566.0,623050775.0,7
양자경의 더 모든 날 모든 순간,"Unknown_Random, Unknown_Random",United States,2022-11-23,Action,10740.0,122114169.0,7
헤이지니&럭키강이 비밀의 문,Unknown_Random,South Korea,2022-12-01,Concert,,,2
청춘시련,Unknown_Random,Taiwan,2022-12-01,Drama,,,8
디모: 벚꽃의 소리,Unknown_Random,Japan,2022-12-01,Animation,,,9
뮤지컬 스페셜딜리버리,Unknown_Random,South Korea,2022-11-23,Concert,,,7
음양살수,Unknown_Random,China,2022-11-04,Action,,,6
히트맨: 코드네임 버튜소,Unknown_Random,United States,2022-11-03,Action,,,2
엔시티 드림 더 무비 : 인 어 드림,"Unknown_Random, Oh Yoon-dong",South Korea,2022-11-30,Documentary,51414.0,1027919600.0,7
본즈 앤 올,Luca Guadagnino,United States,2022-11-30,Horror,,,8
그녀가 말했다,Unknown_Random,United States,2022-11-30,Drama,,,2
한산 리덕스,Kim Han-min,South Korea,2022-11-16,Action,10883.0,105173528.0,7
쿵푸 외전,Unknown_Random,China,2022-11-29,Action,,,6
몬테크리스토: 더 뮤지컬 라이브,Oh Yoon-dong,South Korea,2021-03-19,Concert,13010.0,257195000.0,10
아바타 리마스터링,Unknown_Random,United States,2022-09-21,Science Fiction,230712.0,3895090540.0,6
내추럴 바이스,Unknown_Random,United States,2022-11-24,Crime,,,2
탑,Hong Sang-soo,South Korea,2022-11-03,Drama,,,7
블랙 팬서: 와칸다 포에버,Unknown_Random,United States,2022-11-09,Action,2102015.0,22168419209.0,9
존 덴버 죽이기,Unknown_Random,Philippines,2022-11-23,Drama,,,10
컴어웨이,Unknown_Random,United States,2022-11-23,Unknown_Random,,,4
아마겟돈 타임,Unknown_Random,United States,2022-11-23,Drama,,,2
놈이 우리 안에 있다,Unknown_Random,United States,2022-11-23,Mystery,,,4
기예르모 델토로의 피노키오,Unknown_Random,United States,2022-11-23,Animation,,,3
낮에는 덥고 밤에는 춥고,Unknown_Random,South Korea,2022-10-27,Drama,,,5
사잇소리,Unknown_Random,South Korea,2022-10-13,Thriller,,,3
미혹,Unknown_Random,South Korea,2022-10-19,Mystery,,,4
수색자,Unknown_Random,South Korea,2021-09-29,Thriller,16240.0,118663820.0,2
경성별희,Unknown_Random,China,2022-11-17,Drama,,,5
폴: 600미터,Unknown_Random,"United Kingdom, United States",2022-11-16,Thriller,78494.0,789907856.0,4
헬 카운트,Unknown_Random,United States,2022-11-17,Horror,,,3
블로우백,Unknown_Random,United States,2022-11-17,Action,,,8
맨 온 엣지,Unknown_Random,Hong Kong,2022-11-17,Action,,,2
자백,Unknown_Random,South Korea,2022-10-26,Crime,727565.0,7257201443.0,2
아르코라이브 무용 물속 골리앗,Unknown_Random,South Korea,2022-11-16,Concert,,,5
"바르도, 약간의 진실을 섞은 거짓된 연대기",Unknown_Random,United States,2022-11-16,Drama,,,9
내가 날 부를 때,Unknown_Random,China,2021-09-09,Drama,,,6
극장판 검정고무신 : 즐거운 나의 집,"Unknown_Random, Unknown_Random",South Korea,2022-10-06,Animation,,,7
성덕,Unknown_Random,South Korea,2022-09-28,Documentary,,,6
귀못,Tak Se-ung,South Korea,2022-10-19,Horror,41423.0,348694600.0,7
고고다이노 극장판: 얼음공룡의 비밀,Unknown_Random,South Korea,2022-10-05,Animation,28056.0,253017713.0,8
기동전사 건담 쿠쿠루스 도안의 섬,Unknown_Random,Japan,2022-10-05,Animation,,,5
은하철도 999 - 극장판,Unknown_Random,Japan,2022-10-05,Animation,,,8
4DX 문유,"Unknown_Random, Unknown_Random, Unknown_Random",South Korea,2022-10-12,Unknown,,,7
피가로~피가로~피가로,Unknown_Random,United Kingdom,2022-11-10,Comedy,,,6
극장판 소드 아트 온라인 -프로그레시브- 짙은 어둠의 스케르초,Unknown_Random,Japan,2022-11-10,Animation,9831.0,111488700.0,5
쿠사마 야요이: 무한의 세계,Unknown_Random,United States,2021-05-19,Documentary,,,3
에브리띵 윌 체인지,Unknown_Random,Germany,2022-11-09,Science Fiction,,,3
가재가 노래하는 곳,Unknown_Random,United States,2022-11-02,Drama,9671.0,97186684.0,8
리멤버,Unknown_Random,South Korea,2022-10-26,Drama,402006.0,3884703669.0,6
알카라스의 여름,Unknown_Random,Spain,2022-11-03,Drama,,,5
죽어도 자이언츠,Unknown_Random,South Korea,2022-10-27,Documentary,,,8
애프터 미투,"Unknown_Random, Unknown_Random, Unknown_Random, Unknown_Random",South Korea,2022-10-06,Documentary,,,7
갓길로 달리는 코뿔소,Unknown_Random,South Korea,2022-06-23,Drama,,,3
창극 춘향,Unknown_Random,South Korea,2022-11-03,Concert,,,4
분노의 추격자,Unknown_Random,United States,2022-11-03,Action,,,9
걸리버 리턴즈,Unknown_Random,Ukraine,2022-11-03,Animation,,,9
루팡의 딸 극장판,Unknown_Random,Japan,2022-11-02,Family,,,9
봄날,Unknown_Random,South Korea,2022-04-27,Drama,22575.0,167966360.0,3
블랙 사이트,Unknown_Random,Australia,2022-11-02,Action,,,9
미시즈 해리스 파리에 가다,Unknown_Random,United States,2022-11-02,Drama,,,2
뮤지컬 <미아 파밀리아>,Unknown_Random,South Korea,2022-11-02,Musical,,,10
십센치 : 권정열 인 시네마,Unknown_Random,South Korea,2022-10-08,Concert,,,4
대무가,Lee Han-jong,South Korea,2022-10-12,Drama,59964.0,540303256.0,7
인간실격,Unknown_Random,Japan,2022-10-01,Animation,,,9
엑스칼리버 더 뮤지컬 다큐멘터리: 도겸의 찬란한 여정,Oh Yoon-dong,South Korea,2022-10-05,Concert,,,7
정직한 후보2,Unknown_Random,South Korea,2022-09-28,Comedy,879037.0,8289059583.0,3
포프란: 사라진 X를 찾아서,Unknown_Random,Japan,2022-10-27,Comedy,,,3
스타게이저: 아스트로스코프,Unknown_Random,South Korea,2022-10-27,Concert,,,2
바커스: 고양이를 조심해!,Unknown_Random,Russia,2022-10-27,Animation,,,5
극장판 유루캠△,Unknown_Random,Japan,2022-10-27,Animation,,,4
썬더버드,Unknown_Random,South Korea,2022-09-21,Drama,,,7
아인보: 아마존의 전설,"Unknown_Random, Unknown_Random","Unknown_Random, Netherlands, United States",2022-10-26,Animation,47824.0,373563979.0,7
도그,Unknown_Random,United States,2022-10-26,Comedy,,,4
명탐정 코난: 할로윈의 신부,Mitsunaka Susumu,Japan,2022-07-13,Animation,476531.0,4957182139.0,7
낮과 달,Unknown_Random,South Korea,2022-10-20,Drama,,,9
코다,Unknown_Random,France,2021-08-31,Drama,47413.0,442660920.0,3
말임씨를 부탁해,Unknown_Random,South Korea,2022-04-13,Drama,9044.0,73160430.0,4
니얼굴,Unknown_Random,South Korea,2022-06-23,Documentary,,,10
블랙 아담,Unknown_Random,United States,2022-10-19,Action,776134.0,8008769316.0,4
프로메어,Unknown_Random,Japan,2022-10-20,Animation,,,7
더 요트,Unknown_Random,United States,2022-10-20,Thriller,,,9
브로커,Unknown_Random,South Korea,2022-06-08,Drama,1254445.0,12539931030.0,6
헤어질 결심,Park Chan-wook,South Korea,2022-06-29,Mystery,1860462.0,19302624258.0,7
리슨,Unknown_Random,United Kingdom,2021-12-09,Drama,,,10
2차 송환,Kim Dong-won,South Korea,2022-09-29,Documentary,,,7
캐릭터,Unknown_Random,Japan,2022-10-19,Thriller,,,6
"그 남자, 좋은 간호사",Unknown_Random,United States,2022-10-19,Thriller,,,4
한산: 용의 출현,Kim Han-min,South Korea,2022-07-27,Action,7250017.0,73592629282.0,7
쥬라기캅스 극장판: 공룡시대 대모험,Kim Ho-rak,South Korea,2022-09-07,Animation,,,7
반도,Yeon Sang-ho,South Korea,2020-07-15,Action,3810397.0,33060095780.0,7
투란도트 어둠의 왕국,Unknown_Random,South Korea,2022-08-18,Musical,,,4
극장판 엄마 까투리: 도시로 간 까투리 가족,Unknown_Random,South Korea,2022-09-08,Animation,162819.0,1524750219.0,9
할로윈 엔드,Unknown_Random,United States,2022-10-13,Horror,,,3
꼬마 마법사 레미: 견습 마법사를 찾아서,"Unknown_Random, Unknown_Random",Japan,2021-05-19,Animation,,,7
둠둠,Unknown_Random,South Korea,2022-09-15,Drama,,,8
극장판 헬로카봇: 수상한 마술단의 비밀,"Unknown_Random, Unknown_Random, Unknown_Random",South Korea,2022-09-28,Animation,213585.0,2006349180.0,7
주연,Unknown_Random,South Korea,2022-09-29,Drama,,,5
오! 마이 고스트,Unknown_Random,South Korea,2022-09-15,Comedy,,,7
어제 뭐 먹었어? -극장판,Unknown_Random,Japan,2022-10-13,Drama,,,2
극장판 이세계 콰르텟: 어나더 월드,Unknown_Random,Japan,2022-10-13,Animation,,,3
메이드 인 루프탑,Unknown_Random,South Korea,2021-06-23,Drama,,,7
오펀: 천사의 탄생,Unknown_Random,United States,2022-10-12,Horror,172253.0,1750756115.0,8
햄릿,Unknown_Random,United States,2022-10-11,Concert,,,4
기억의 전쟁,Unknown_Random,South Korea,2020-02-27,Documentary,,,6
자산어보,Lee Joon-ik,South Korea,2021-03-31,Historical Drama,323704.0,2870528130.0,7
스마일,Unknown_Random,United States,2022-10-06,Mystery,97440.0,1038453082.0,9
말아,Unknown_Random,South Korea,2022-08-25,Drama,,,10
고양이들의 아파트,Unknown_Random,South Korea,2022-03-17,Documentary,,,10
태안,Unknown_Random,South Korea,2022-10-06,Documentary,,,9
아이를 위한 아이,Lee Seung-hwan,South Korea,2022-07-21,Unknown,,,7
에이비식스 : 테이크 어 챈스,"Unknown_Random, Unknown_Random",South Korea,2022-10-05,Documentary,,,7
스파이더맨: 노 웨이 홈 '펀버전',Unknown_Random,United States,2022-10-05,Action,,,4
한창나이 선녀님,Unknown_Random,South Korea,2021-10-20,Documentary,,,4
적인걸: 음양사,Unknown_Random,Kazakhstan,2022-09-08,Action,,,7
블레이드 퍼피 워리어,"Unknown_Random, Unknown_Random, Unknown_Random",United States,2022-09-28,Animation,,,7
도굴: 패왕총,Unknown_Random,China,2022-09-27,Action,,,3
데인저 파크,Unknown_Random,United States,2022-09-21,Action,,,2
EBS친구들 씽씽 댄스파티,Unknown_Random,South Korea,2022-09-20,Family,,,2
쌍화점,Unknown_Random,China,2022-09-08,Drama,,,10
벽혈금의위,Unknown_Random,China,2022-09-08,Action,,,10
배틀 오브 머신,Unknown_Random,United States,2022-09-07,Action,,,7
미션 투 베를린,Unknown_Random,United Kingdom,2022-09-07,War,,,5
크라이오,Unknown_Random,United States,2022-09-02,Science Fiction,,,9
수호지-귀족영웅 노준의,Unknown_Random,China,2022-09-01,Action,,,3
당신의 이웃은 친절하지 않다,Unknown_Random,South Korea,2022-09-15,Mystery,,,4
암스테르담 바이스,Unknown_Random,Netherlands,2022-09-29,Action,,,7
공조2: 인터내셔날,Unknown_Random,South Korea,2022-09-07,Action,6974139.0,70856185317.0,6
극장판 짱구는 못말려: 수수께끼! 꽃피는 천하떡잎학교,Unknown_Random,Japan,2022-09-28,Animation,827170.0,8289250603.0,9
자드 - 왓 어 뷰티풀 모먼트 투어,Unknown_Random,Japan,2022-09-28,Concert,,,5
다만 악에서 구하소서,Unknown_Random,South Korea,2020-08-05,Crime,4350493.0,38553614260.0,9
기기묘묘,"Unknown_Random, Unknown_Random, Unknown_Random, Unknown_Random",South Korea,2022-09-22,Horror,,,7
종착역,"Unknown_Random, Unknown_Random",South Korea,2021-09-23,Drama,,,7
아이의 노랫소리를 들려줘,Unknown_Random,Japan,2022-09-22,Animation,,,2
로보카폴리 안전교실 교통편,Unknown_Random,South Korea,2022-09-19,Animation,,,5
극장판 5등분의 신부,Unknown_Random,Japan,2022-09-22,Animation,33952.0,378218800.0,6
비스트,Unknown_Random,United States,2022-09-14,Horror,,,3
테이크 오프: 파도위에 서다,Unknown_Random,South Korea,2022-08-25,Drama,,,7
스쿨 오브 락(樂),Unknown_Random,South Korea,2021-05-13,Documentary,,,4
헌트,Lee Jung-jae,South Korea,2022-08-10,Action,4344403.0,44530836970.0,7
파라다이스 하이웨이,Unknown_Random,United States,2022-08-24,Action,,,10
카고,Unknown_Random,United States,2022-09-15,Animation,,,9
작은 방안의 소녀,Unknown_Random,South Korea,2021-11-25,Family,,,3
소피의 세계,Unknown_Random,South Korea,2022-03-03,Drama,,,2
홈리스,Unknown_Random,South Korea,2022-09-15,Drama,,,5
귀멸의 칼날: 장구저택 편,Sotozaki Haruo,Japan,2022-09-15,Animation,,,7
드래곤볼 슈퍼: 슈퍼 히어로,Unknown_Random,Japan,2022-09-14,Animation,,,3
9명의 번역가,Unknown_Random,France,2022-09-14,Mystery,,,8
람메르무어의 루치아,Unknown_Random,United States,2022-09-13,Concert,,,10
다 잘된 거야,Unknown_Random,France,2022-09-07,Drama,,,6
"어쩌다 공주, 닭냥이 왕자를 부탁해!",Unknown_Random,France,2022-09-08,Animation,36939.0,356911082.0,5
블랙폰,Unknown_Random,United States,2022-09-07,Horror,101330.0,1038207347.0,4
인생은 뷰티풀: 비타돌체,"Unknown_Random, Oh Yoon-dong",South Korea,2022-09-07,Documentary,37746.0,1279676500.0,7
죽이러 간다,Unknown_Random,South Korea,2021-11-11,Drama,,,2
리미트,Lee Seung-jun,South Korea,2022-08-31,Crime,58955.0,550817703.0,7
바다 탐험대 옥토넛 : 탐험선 대작전,Unknown_Random,United Kingdom,2022-08-11,Animation,64537.0,609954950.0,2
피닉스,Christian Petzold,Germany,2021-07-22,Drama,,,7
트랜짓,Christian Petzold,Germany,2020-07-02,Drama,,,7
운디네,Christian Petzold,Germany,2020-12-24,Drama,,,7
우리가 말하지 않은 것,Unknown_Random,Japan,2022-09-01,Drama,,,10
머메이드 다운,Unknown_Random,United States,2022-08-31,Fantasy,,,2
합마신공,Unknown_Random,China,2022-08-24,Action,,,4
미인도: 와신상담,Unknown_Random,China,2022-08-04,Action,,,9
금의위: 용의 비검,Deng Yancheng,China,2022-08-03,Action,,,7
투란도트,Unknown_Random,United States,2022-08-02,Concert,,,10
아라시 20주년 투어 콘서트 5✕20,Unknown_Random,Japan,2022-08-31,Concert,,,8
썬다운,Unknown_Random,France,2022-08-31,Mystery,,,8
락다운 213주,Unknown_Random,United States,2022-08-31,Thriller,,,3
K클래식 제너레이션,Unknown_Random,Unknown,2022-08-31,Documentary,,,2
대명천군 금의위,Deng Yancheng,China,2022-08-17,Action,,,7
슈퍼 후?,Unknown_Random,France,2022-08-30,Comedy,,,8
모가디슈,Ryoo Seung-wan,South Korea,2021-07-28,Action,3604819.0,34493898150.0,8
코코순이,Unknown_Random,South Korea,2022-08-25,Documentary,,,6
인플루엔자,Unknown_Random,South Korea,2022-08-25,Drama,,,6
우먼,"Unknown_Random, Unknown_Random",France,2022-08-25,Documentary,,,7
귀멸의 칼날: 아사쿠사 편,Sotozaki Haruo,Japan,2022-08-25,Animation,,,7
불릿 트레인,Unknown_Random,United States,2022-08-24,Action,136146.0,1494845103.0,3
경아의 딸,Unknown_Random,South Korea,2022-06-16,Drama,,,9
파로호,Unknown_Random,South Korea,2022-08-18,Thriller,,,10
보일링 포인트,Unknown_Random,United Kingdom,2022-08-04,Thriller,,,3
내가 못 나가는 것도 아닌데,Kim Choong-gil,South Korea,2022-08-24,Drama,,,7
룸 쉐어링,Unknown_Random,South Korea,2022-06-22,Drama,10293.0,88382690.0,2
"굿 럭 투 유, 리오 그랜드",Unknown_Random,United Kingdom,2022-08-11,Comedy,,,6
베르히만 아일랜드,Unknown_Random,"France, Belgium, Germany, Sweden, Mexico",2022-08-04,Drama,,,2
기도의 숨결,"Unknown_Random, Unknown_Random",France,2022-08-18,Documentary,,,7
모퉁이,Unknown_Random,South Korea,2022-08-11,Drama,,,2
멘,Unknown_Random,United States,2022-07-13,Drama,,,8
풀타임,Unknown_Random,France,2022-08-18,Drama,,,10
스왈로우,Unknown_Random,"United States, France",2020-07-03,Mystery,,,10
히즈 아웃 데어,Unknown_Random,United States,2022-08-18,Horror,,,5
콘서트를 지켜라,"Unknown_Random, Unknown_Random",South Korea,2022-08-18,Concert,,,7
리볼버,Guy Ritchie,United Kingdom,2022-08-18,Crime,,,8
놉,Unknown_Random,United States,2022-08-17,Mystery,398082.0,4533641209.0,6
니 부모 얼굴이 보고 싶다,Unknown_Random,South Korea,2022-04-27,Drama,402616.0,3873342180.0,7
멋진 세계,Unknown_Random,Japan,2022-08-11,Drama,,,9
카우,Unknown_Random,United Kingdom,2022-08-11,Documentary,,,7
유나바머: 테드 K,Unknown_Random,United States,2022-08-11,Crime,,,9
뱅크시,Unknown_Random,United Kingdom,2022-08-11,Documentary,,,10
긴급구원 더레스큐,Unknown_Random,China,2022-08-11,Action,,,9
제로스 앤 원스,Unknown_Random,Germany,2022-08-10,War,,,9
극장판 살아남기 시리즈: 인체에서 살아남기,"Unknown_Random, Unknown_Random",Japan,2022-08-10,Animation,,,7
DC 리그 오브 슈퍼-펫,"Unknown_Random, Unknown_Random",United States,2022-08-10,Animation,237376.0,2232056701.0,7
초록밤,Unknown_Random,South Korea,2022-07-28,Unknown,,,3
극장판 도라에몽: 진구의 우주소전쟁 리틀스타워즈 2021,Unknown_Random,Japan,2022-08-03,Animation,36417.0,346253298.0,9
스파이형 모델,Unknown_Random,South Korea,2022-07-20,Science Fiction,,,9
뿌까의 짜장면파티,Unknown_Random,South Korea,2022-07-04,Unknown,,,6
외계+인 1부,Choi Dong-hoon,South Korea,2022-07-20,Action,1521715.0,15859881850.0,8
비욘드 라이브 더 무비: 엑소의 사다리 타고 세계여행3,Unknown_Random,South Korea,2022-07-27,Comedy,,,3
적인걸: 천안의 비밀,Unknown_Random,China,2022-07-29,Action,,,9
콜드워,Unknown_Random,Kazakhstan,2022-07-07,Crime,,,3
데이 투 다이,Unknown_Random,United States,2022-07-07,Crime,,,6
더 킬러: 죽어도 되는 아이,Unknown_Random,South Korea,2022-07-13,Action,56135.0,576637400.0,5
임파서블 러브,Unknown_Random,France,2022-07-28,Drama,,,4
안나푸르나: 비욘드 써밋,Unknown_Random,"Spain, France",2022-07-28,Drama,,,10
뽀로로 극장판 드래곤캐슬 대모험,"Unknown_Random, Unknown_Random",South Korea,2022-07-28,Animation,433372.0,4057887335.0,7
배드 럭 뱅잉,Unknown_Random,"Romania, Czech Republic, Unknown_Random",2022-07-28,Drama,,,5
간호중,Min Kyu-dong,South Korea,2021-12-02,Science Fiction,,,7
썸머 필름을 타고!,Unknown_Random,Japan,2022-07-20,Unknown,20468.0,195879920.0,5
서울괴담,Unknown_Random,South Korea,2022-04-27,Horror,109060.0,1041926320.0,3
언플랜드,"Unknown_Random, Unknown_Random",United States,2020-12-17,Drama,8851.0,75163740.0,7
태양의 소녀들,Unknown_Random,France,2020-10-22,Drama,,,9
자마,Unknown_Random,Argentina,2021-08-26,Drama,,,2
핸썸,Unknown_Random,South Korea,2022-07-13,Comedy,,,10
아이언 크로스: 노르망디 상륙작전,Unknown_Random,United States,2022-07-21,War,,,8
왕좌의 법칙,Unknown_Random,Kazakhstan,2022-07-21,War,,,5
역할들,Unknown_Random,South Korea,2022-03-31,Drama,,,3
레드 로켓,Unknown_Random,United States,2022-03-12,Drama,,,7
그림자라 불리는 남자들,Unknown_Random,Japan,2022-07-20,Action,,,5
미니언즈2,Unknown_Random,United States,2022-07-20,Animation,2263349.0,21951863534.0,7
디어헌터(감독판),Unknown_Random,United States,2022-06-23,War,,,2
귀멸의 칼날: 주합회의·나비저택 편,Sotozaki Haruo,Japan,2021-12-01,Animation,18271.0,174309210.0,9
귀멸의 칼날: 나타구모산 편,Sotozaki Haruo,Japan,2021-11-17,Animation,29653.0,290458520.0,7
메모리,Unknown_Random,United States,2022-07-14,Crime,,,10
로스트 도터,Unknown_Random,United States,2022-07-14,Drama,,,3
군다,Unknown_Random,United States,2022-07-14,Documentary,,,7
비욘드 라이브 더 무비 : 샤이니 월드,Unknown_Random,South Korea,2022-06-29,Concert,,,3
갈매기,Unknown_Random,South Korea,2021-07-28,Drama,,,5
미싱타는 여자들,"Unknown_Random, Unknown_Random",South Korea,2022-01-20,Documentary,,,7
엘비스,Unknown_Random,United States,2022-07-13,Drama,77260.0,830288570.0,6
그레이 맨,"Unknown_Random, Unknown_Random",United States,2022-07-13,Action,25480.0,246156860.0,7
큐어,Unknown_Random,Japan,2022-07-06,Horror,11442.0,122001600.0,5
극장판 바다 탐험대 옥토넛 : 해저동굴 대탈출,Unknown_Random,United Kingdom,2022-02-17,Animation,23093.0,191304300.0,4
워헌트,Unknown_Random,United States,2022-07-07,Action,,,4
어쌔신 트랩,Unknown_Random,Italy,2022-07-07,Action,,,5
토르: 러브 앤 썬더,Unknown_Random,United States,2022-07-06,Action,2709699.0,29437454744.0,2
빅샤크4: 바다공룡 대모험,Unknown_Random,China,2022-07-06,Unknown_Random,58315.0,520942680.0,7
낙소스 섬의 아리아드네,Unknown_Random,United States,2022-07-05,Concert,,,7
언더 샤크,Scott Jeffrey,United Kingdom,2022-07-05,Mystery,,,7
위대한 침묵,Unknown_Random,South Korea,2022-06-29,Documentary,,,8
그대라는기억 연숙씨,Unknown_Random,South Korea,2022-06-16,Documentary,,,9
우스운게 딱! 좋아!,"Unknown_Random, Unknown_Random",South Korea,2022-06-23,Drama,,,7
"괴물, 유령, 자유인",Unknown_Random,South Korea,2022-06-02,Science Fiction,,,9
"허황옥 3일, 잃어버린 2천 년의 기억",Unknown_Random,South Korea,2022-05-12,Documentary,,,3
일진 3,Lee Su-seong,South Korea,2022-06-25,Action,,,8
일진 2,Lee Su-seong,South Korea,2022-06-25,Action,,,7
금의위5-풍운제일검,Deng Yancheng,China,2022-06-22,Action,,,7
리터너 : 타임 킬러,Unknown_Random,Canada,2022-06-10,Action,,,10
1945 그레이트 워,Unknown_Random,France,2022-06-15,War,,,10
미친 능력,Unknown_Random,United States,2022-06-29,Crime,,,6
보통의 용기,Unknown_Random,South Korea,2022-06-30,Documentary,,,6
크리미널 트위스트,Unknown_Random,United Kingdom,2022-06-07,Action,,,7
프리! 더 파이널 스트로크 후편,Unknown_Random,Japan,2022-06-30,Animation,,,10
컴온 컴온,Unknown_Random,United States,2022-06-30,Drama,7534.0,76013600.0,8
눈감은 여름,Unknown_Random,Vietnam,2022-06-30,Drama,,,9
고스트랜드,Unknown_Random,United States,2022-06-29,Action,,,7
"아치의 노래, 정태춘",Unknown_Random,South Korea,2022-05-18,Documentary,22087.0,213221820.0,7
베르네 부인의 장미정원,Unknown_Random,France,2022-06-09,Drama,,,5
데쓰 캘린더,Unknown_Random,France,2022-06-23,Horror,,,3
무녀도,Unknown_Random,South Korea,2021-11-24,Musical,,,3
애프터 양,Unknown_Random,United States,2022-06-01,Drama,22114.0,222047590.0,2
특수요원 빼꼼,Unknown_Random,China,2022-06-01,Animation,11066.0,101685400.0,10
더 노비스,Unknown_Random,United States,2022-05-25,Thriller,,,7
벨파스트,Unknown_Random,United States,2022-03-23,Drama,8614.0,79118100.0,8
"파리, 13구",Unknown_Random,France,2022-05-12,Drama,,,10
어나더 라운드,Unknown_Random,Unknown,2022-01-19,Comedy,28290.0,262040150.0,8
정복자 윌리엄,Unknown_Random,France,2022-06-23,War,,,10
블레이징 썬,Unknown_Random,Russia,2022-06-23,War,,,2
두개의 눈,Unknown_Random,South Korea,2022-06-23,Concert,,,2
이상한 나라의 아빠,Unknown_Random,South Korea,2022-06-22,Musical,,,2
그대가 조국,Lee Seung-jun,South Korea,2022-05-25,Documentary,324501.0,3028475070.0,7
버즈 라이트이어,Unknown_Random,United States,2022-06-15,Animation,338836.0,3476340660.0,4
소리없는 추격자,Unknown_Random,Spain,2022-06-16,Mystery,,,3
센티그레이드,Unknown_Random,United States,2022-06-16,Unknown,,,2
벰: 비컴 휴먼,Unknown_Random,Japan,2022-06-16,Animation,,,4
배니싱: 미제사건,Unknown_Random,France,2022-03-30,Crime,27075.0,240861910.0,6
쥬라기 월드: 도미니언,Unknown_Random,United States,2022-06-01,Action,2832241.0,29194745990.0,6
카시오페아,Shin Yeon-shick,South Korea,2022-06-01,Drama,18749.0,176440500.0,8
실종,Unknown_Random,Japan,2022-06-15,Thriller,5506.0,55498300.0,4
더 렛지,Unknown_Random,United Kingdom,2022-06-15,Action,,,7
꼭두각시,Unknown_Random,South Korea,2022-06-15,Concert,,,2
정말 먼 곳,Unknown_Random,South Korea,2021-03-18,Drama,,,10
스지보리:리얼 야쿠자,Unknown_Random,Japan,2022-06-10,Action,,,5
히든,Unknown_Random,South Korea,2022-05-25,Action,,,3
피는 물보다 진하다,Unknown_Random,South Korea,2022-05-25,Action,14075.0,89808100.0,10
인연을 긋다,Unknown_Random,South Korea,2022-05-26,Drama,,,4
제미나이: 지구 최후의 날,Unknown_Random,Russia,2022-06-09,Science Fiction,,,4
애프터 체르노빌,Unknown_Random,Russia,2022-06-09,Thriller,,,9
영희,Unknown_Random,South Korea,2022-05-01,Comedy,,,3
어부바,Unknown_Random,South Korea,2022-05-11,Family,19807.0,164791470.0,3
올리 마키의 가장 행복한 날,Unknown_Random,Unknown,2022-06-02,Drama,,,3
산사나무 아래,Zhang Yimou,China,2022-06-08,Drama,,,8
극장판 포켓몬스터DP: 기라티나와 하늘의 꽃다발 쉐이미,Yuyama Kunihiko,Japan,2022-06-01,Animation,577402.0,5442074270.0,7
쏴!쏴!쏴!쏴!탕,Unknown_Random,South Korea,2022-05-18,Drama,,,8
봉명주공,Unknown_Random,South Korea,2022-05-19,Documentary,,,7
데드캠핑 더라이브,Unknown_Random,South Korea,2022-05-12,Thriller,,,7
아이들은 즐겁다,Unknown_Random,South Korea,2021-05-05,Drama,,,5
빛나는 순간,Unknown_Random,South Korea,2021-06-30,Drama,,,8
사랑하고 있습니까,Unknown_Random,South Korea,2020-03-25,Fantasy,8749.0,69140360.0,8
셀링 이소벨,Unknown_Random,United Kingdom,2022-06-01,Crime,,,3
#해시태그,Unknown_Random,South Korea,2022-06-01,Concert,,,7
화피사,Unknown_Random,China,2022-06-01,Action,,,6
해피 데스나이트,Unknown_Random,United States,2022-05-18,Horror,,,4
소설의 신,Unknown_Random,Japan,2022-05-17,Drama,,,4
천사의 유혹,Unknown_Random,United States,2022-05-10,Thriller,,,6
죽음의 숲,Brett Bentman,United States,2022-05-10,Western,,,4
살인의 공간,Brett Bentman,United States,2022-05-10,Crime,,,5
블러디 빌리지,Unknown_Random,Italy,2022-05-10,Thriller,,,7
불 라이더,Brett Bentman,United States,2022-05-10,Western,,,5
라스트 제너럴,Christopher Forbes,United States,2022-05-10,War,,,7
쿵푸 허슬: 무적 파이터,Unknown_Random,Hong Kong,2022-05-04,Action,,,4
대명금의위2: 척살무사,Unknown_Random,China,2022-05-03,Action,,,4
뜨거운 피: 디 오리지널,Unknown_Random,South Korea,2022-05-26,Action,9523.0,78526200.0,5
핑크퐁과 아기상어의 월드투어쇼,Unknown_Random,South Korea,2022-05-28,Concert,,,6
이터널 로드,Unknown_Random,"Finland, Estonia, Sweden",2022-05-27,Drama,,,6
그래니트: 트루 솔저,Unknown_Random,Russia,2022-05-26,War,,,8
셧 인,Unknown_Random,United States,2022-05-26,Unknown,,,8
몬스터 싱어: 매직 인 파리,Unknown_Random,France,2022-05-26,Animation,12260.0,107912320.0,5
개인레슨,Unknown_Random,United Kingdom,2022-05-26,Thriller,,,10
헝거,Unknown_Random,South Korea,2022-04-21,Science Fiction,,,2
플레이그라운드,Unknown_Random,Belgium,2022-05-25,Drama,,,4
나를 만나는 길,"Unknown_Random, Unknown_Random",United Kingdom,2022-05-12,Documentary,,,7
평평남녀,Unknown_Random,South Korea,2022-04-28,Drama,,,4
앵커,Unknown_Random,South Korea,2022-04-20,Thriller,157897.0,1545616170.0,8
쥬라기 리턴즈,Scott Jeffrey,United Kingdom,2022-05-24,Action,,,7
리골레토,Unknown_Random,United States,2022-05-24,Concert,,,8
"위대한 계약: 파주, 책, 도시","Unknown_Random, Unknown_Random",South Korea,2022-04-21,Documentary,,,7
엄마와 나,Unknown_Random,South Korea,2022-04-14,Documentary,,,3
스텔라,Unknown_Random,South Korea,2022-04-06,Comedy,87823.0,798436230.0,4
나소흑전기: 첫만남편,Unknown_Random,China,2021-04-22,Animation,,,4
쁘띠 마망,Céline Sciamma,France,2021-10-07,Drama,,,8
전장의 피아니스트,Unknown_Random,Unknown,2022-01-06,Drama,,,10
용과 주근깨 공주,Unknown_Random,Japan,2021-09-29,Animation,63985.0,621588100.0,10
드림빌더,Unknown_Random,Unknown,2021-02-10,Animation,14326.0,122221230.0,10
보이콰이어,Unknown_Random,United States,2020-05-14,Drama,,,9
노웨어 스페셜,Unknown_Random,Italy,2021-12-29,Drama,,,4
나는 조선사람입니다,Unknown_Random,South Korea,2021-12-09,Documentary,,,3
너에게 가는 길,Unknown_Random,South Korea,2021-11-17,Documentary,,,10
비커밍 아스트리드,Unknown_Random,Unknown,2021-05-12,Drama,,,8
파이어스타터,Unknown_Random,United States,2022-05-19,Horror,,,10
완벽한 축사를 준비하는 방법,Unknown_Random,France,2022-05-19,Comedy,,,6
나의 집은 어디인가,Unknown_Random,Unknown,2022-04-07,Documentary,,,7
소설가의 영화,Hong Sang-soo,South Korea,2022-04-21,Drama,,,9
매스,Unknown_Random,United States,2022-05-18,Drama,,,7
부기나이트,Unknown_Random,South Korea,2022-04-28,Comedy,,,9
엄마,Unknown_Random,United States,2022-05-11,Thriller,16040.0,141412900.0,8
퍼스트 러브,Unknown_Random,Japan,2022-05-16,Mystery,,,3
우연과 상상,Hamaguchi Ryusuke,Japan,2022-05-04,Drama,8655.0,87886000.0,7
스프링 블라썸,Unknown_Random,France,2022-05-04,Drama,,,4
민스미트 작전,Unknown_Random,United States,2022-05-11,Drama,33167.0,320763810.0,8
허셀프,Unknown_Random,United Kingdom,2022-05-12,Drama,,,7
크로스 더 라인,Unknown_Random,Spain,2022-05-12,Thriller,,,3
잭 인 더 박스,Unknown_Random,United Kingdom,2022-05-12,Horror,,,7
"좋은 빛, 좋은 공기",Unknown_Random,South Korea,2021-04-28,Documentary,,,4
아들의 이름으로,Unknown_Random,South Korea,2021-05-12,Drama,22834.0,198470300.0,4
광주비디오: 사라진 4시간,Unknown_Random,South Korea,2020-07-16,Documentary,,,3
배드 가이즈,Pierre Perifel,United States,2022-05-04,Animation,392762.0,3735229200.0,5
복지식당,"Unknown_Random, Unknown_Random",South Korea,2022-04-14,Drama,,,7
카사네 : 빼앗는 얼굴,Unknown_Random,Japan,2022-05-05,Fantasy,,,9
극장판 엉덩이 탐정: 수플레 섬의 비밀,Unknown_Random,Japan,2022-05-05,Animation,147175.0,1363352140.0,9
닥터 스트레인지: 대혼돈의 멀티버스,Unknown_Random,United States,2022-05-04,Action,5881010.0,62612708140.0,7
토르: 마법 검의 전설,Unknown_Random,Germany,2022-05-04,Animation,7835.0,68464400.0,6
3.5교시,Unknown_Random,South Korea,2022-04-14,Mystery,,,5
오늘부터 우리는!!,Fukuda Yuichi,Japan,2022-04-15,Comedy,,,7
그날,Unknown_Random,United States,2022-05-02,Horror,,,9
몬스터 아일랜드,Unknown_Random,United States,2022-04-28,Science Fiction,,,10
데스위시 더 게임,Unknown_Random,United States,2022-04-28,Action,,,5
도진강호,Unknown_Random,China,2022-04-21,Action,,,10
그것은 물 밑에서 온다,Unknown_Random,United States,2022-04-21,Horror,,,7
금의위 3인의 무사 2,Unknown_Random,China,2022-04-20,Action,,,7
금의위4 지존무사,Deng Yancheng,China,2022-04-13,Action,,,7
대전투 1944,Unknown_Random,Germany,2022-04-06,War,,,5
대명금의위,Unknown_Random,China,2022-04-06,Action,,,10
크리처 인 더 다크,Unknown_Random,United States,2022-04-01,Horror,,,4
죽음의 땅,Unknown_Random,United States,2022-04-01,Thriller,,,4
더 컨트랙터,Unknown_Random,United States,2022-04-28,Action,,,8
아파치 정션 : 무법자의 지대,Unknown_Random,United States,2022-04-27,Western,,,2
재춘언니,Lee Su-jeong,South Korea,2022-03-31,Documentary,,,7
뜨거운 피,Unknown_Random,South Korea,2022-03-23,Crime,390675.0,3737156970.0,7
뮤지컬 킹키부츠 라이브,Unknown_Random,United Kingdom,2022-04-28,Concert,,,8
파리의 피아니스트: 후지코 헤밍의 시간들,Unknown_Random,Japan,2022-04-27,Documentary,,,8
기적,Unknown_Random,South Korea,2021-09-15,Drama,701176.0,6537831510.0,8
쿠폰의 여왕,Unknown_Random,United States,2022-04-27,Comedy,,,3
이스케이프 런,Unknown_Random,France,2022-04-27,Drama,,,7
몬스터 아카데미,Unknown_Random,Unknown,2022-04-27,Fantasy,,,8
달빛 그림자,Unknown_Random,Japan,2022-04-27,Drama,,,5
열대왕사,Unknown_Random,China,2022-04-21,Crime,,,8
팔마,Unknown_Random,Russia,2022-04-21,Drama,,,2
청킹맨션,Unknown_Random,Hong Kong,2022-04-21,Action,,,2
"다녀와요, 다녀왔습니다","Unknown_Random, Unknown_Random",South Korea,2022-04-21,Concert,,,7
세븐틴 파워 오브 러브 : 더 무비,Oh Yoon-dong,South Korea,2022-04-20,Concert,41513.0,830004000.0,7
로스트 시티,Unknown_Random,United States,2022-04-20,Action,101714.0,946601780.0,3
가무악칠채,"Unknown_Random, Unknown_Random",South Korea,2022-03-17,Concert,,,7
메모리: 조작살인,Unknown_Random,South Korea,2021-12-29,Mystery,,,8
아이돌레시피,Unknown_Random,South Korea,2022-03-17,Comedy,,,6
하빗,Unknown_Random,United States,2022-04-14,Unknown,,,9
웨이트: 감각에 눈뜰 때,Unknown_Random,Finland,2022-04-14,Drama,,,2
그리스도 디 오리진,Unknown_Random,Unknown,2022-04-14,Drama,,,9
행복을 전하는 편지,Unknown_Random,Russia,2022-04-13,Drama,,,8
파일럿: 배틀 포 서바이벌,Unknown_Random,Russia,2022-04-13,War,,,2
신비한 동물들과 덤블도어의 비밀,Unknown_Random,United States,2022-04-13,Unknown_Random,1191660.0,12276312180.0,6
테이블 매너,Unknown_Random,South Korea,2022-03-15,Drama,,,5
천국에서 무덤까지,Unknown_Random,United Kingdom,2022-04-07,Crime,,,8
어라이즈,Unknown_Random,Australia,2022-04-07,Mystery,,,8
약속의 네버랜드,Unknown_Random,Japan,2022-04-07,Fantasy,,,7
아메리칸 저스티스,Unknown_Random,United States,2022-04-07,Action,,,10
수퍼 소닉2,Unknown_Random,United States,2022-04-06,Animation,305042.0,2775496690.0,7
앰뷸런스,Unknown_Random,United States,2022-04-06,Action,108297.0,1093011040.0,10
모비우스,Unknown_Random,United States,2022-03-30,Action,470699.0,4638346390.0,2
신데렐라,Unknown_Random,United States,2022-04-05,Concert,,,8
혼자 사는 사람들,Unknown_Random,South Korea,2021-05-19,Drama,,,10
스펜서,Unknown_Random,United Kingdom,2022-03-16,Drama,75504.0,721227930.0,4
사랑 후의 두 여자,Unknown_Random,United Kingdom,2022-03-30,Drama,,,4
마지막 대전투: 전장의 영웅들,Unknown_Random,United States,2022-03-23,War,,,5
우주에서 가장 밝은 지붕,Unknown_Random,Japan,2022-03-17,Fantasy,,,10
이스케이프 룸: 공포의 퍼즐,Unknown_Random,United States,2022-03-16,Horror,,,6
죽음의 서약,Scott Jeffrey,United Kingdom,2022-03-15,Horror,,,7
인베이젼 2022,Unknown_Random,China,2022-03-09,Action,,,2
성적유희의 극한적 경험,Unknown_Random,Germany,2022-03-16,Drama,,,7
더 컨테이젼: 바이러스의 습격,Unknown_Random,China,2022-03-30,Drama,,,3
FBI 데스트랩,Unknown_Random,United States,2022-03-30,Thriller,,,5
웨이크 업,Unknown_Random,United States,2022-03-03,Thriller,,,7
극장판 시그널,Unknown_Random,Japan,2022-03-31,Drama,4258.0,29195800.0,5
곡녀,Unknown_Random,South Korea,2022-03-31,Drama,,,10
드라이,Unknown_Random,Australia,2022-03-30,Mystery,,,3
킹 리차드,Unknown_Random,United States,2022-03-24,Family,4917.0,49771400.0,4
뱅드림! 팝핀' 드림!,Kakimoto Kodai,Japan,2022-03-24,Animation,4965.0,49157970.0,7
7인의 악인전,Unknown_Random,China,2022-03-24,Action,,,7
축복의 집,Unknown_Random,South Korea,2022-02-24,Family,,,3
전투왕,Unknown_Random,South Korea,2022-02-17,Documentary,,,2
브릭스턴 테일,Unknown_Random,United Kingdom,2022-03-22,Drama,,,10
레벤느망,Unknown_Random,France,2022-03-10,Drama,,,2
그 남자는 타이타닉을 보고 싶지 않았다,Unknown_Random,Finland,2022-03-10,Drama,,,5
세버그,Unknown_Random,United States,2021-11-04,Drama,6058.0,59920840.0,5
프렌치 디스패치,Wes Anderson,United States,2021-11-18,Comedy,62506.0,678944080.0,8
미인,Unknown_Random,South Korea,2022-02-24,Documentary,,,6
존경하고 사랑하는 국민여러분,Unknown_Random,South Korea,2022-01-27,Documentary,,,6
킹메이커,Byun Sung-hyun,South Korea,2022-01-26,Drama,775294.0,7332292780.0,7
나이트 레이더스,Unknown_Random,New Zealand,2022-03-03,Thriller,,,6
캐슬 폴스: 머니 게임,Unknown_Random,United States,2022-03-17,Action,,,7
나의 촛불,"Unknown_Random, Unknown_Random",South Korea,2022-02-10,Documentary,36204.0,363065470.0,7
매미소리,Unknown_Random,South Korea,2022-02-24,Drama,,,7
하늘의 푸르름을 아는 사람이여,Unknown_Random,Japan,2022-03-16,Animation,7993.0,72168680.0,9
문폴,Unknown_Random,United States,2022-03-16,Action,190606.0,1936780100.0,9
도어맨,Unknown_Random,United States,2022-03-16,Action,,,7
리프레쉬,Unknown_Random,South Korea,2022-02-16,Drama,,,4
늦봄2020,Unknown_Random,South Korea,2022-02-10,Documentary,,,10
블랙라이트,Unknown_Random,United States,2022-03-09,Action,23939.0,220349590.0,2
나의 히어로 아카데미아 더 무비: 월드 히어로즈 미션,Unknown_Random,Japan,2022-03-09,Animation,44800.0,434173120.0,6
극장판 금빛 모자이크 땡큐!!,Unknown_Random,Japan,2022-03-09,Animation,,,5
최면,Unknown_Random,South Korea,2021-03-24,Horror,50550.0,461073840.0,9
보드랍게,Unknown_Random,South Korea,2022-02-23,Documentary,,,8
대한민국 대통령,Unknown_Random,South Korea,2022-02-17,Documentary,,,3
인비저블 킬러,Unknown_Random,United Kingdom,2022-03-03,Action,,,6
데스 밸리,Unknown_Random,Canada,2022-03-03,Action,,,4
안테벨룸,"Unknown_Random, Unknown_Random",United States,2022-02-23,Mystery,90469.0,861641050.0,7
우리가 사랑이라고 믿는 것,Unknown_Random,United Kingdom,2022-02-24,Drama,,,10
미시간 살인사건,Unknown_Random,United States,2022-02-21,Crime,,,9
셰터드,Unknown_Random,United States,2022-02-24,Thriller,,,8
에우리디체,Unknown_Random,United States,2022-03-01,Concert,,,6
더 배트맨,Unknown_Random,United States,2022-03-01,Action,901534.0,9311288610.0,8
글래머,Unknown_Random,United Kingdom,2022-02-21,Mystery,,,2
벌지 탱크 대전투,Unknown_Random,United States,2022-02-16,Action,,,3
칼의 전쟁,Unknown_Random,China,2022-02-10,Action,,,7
카잭,Unknown_Random,United States,2022-02-03,Thriller,,,6
크리미널 카운트다운,Unknown_Random,Germany,2022-02-02,Thriller,,,10
짬뽕비권,Unknown_Random,South Korea,2022-02-02,Action,,,6
와일드 리벤지: 마지막 한 놈까지,Unknown_Random,United States,2022-02-24,Action,,,8
행성충돌: 지구 최후의 날,Unknown_Random,United States,2022-02-24,Unknown_Random,,,7
카니발 클럽,Unknown_Random,Brazil,2022-02-24,Horror,,,6
서바이벌리스트,Unknown_Random,United States,2022-02-24,Action,,,6
밴드스탠드,"Unknown_Random, Unknown_Random",United States,2022-02-24,Concert,,,7
광대: 소리꾼,Jo Jung-rae,South Korea,2022-02-24,Historical Drama,,,8
언차티드,Unknown_Random,United States,2022-02-16,Action,727533.0,7093031200.0,2
피그,Unknown_Random,United States,2022-02-23,Drama,,,5
세라비: 다섯 번의 기적,Unknown_Random,France,2022-02-23,Comedy,,,2
나이트메어 앨리,Unknown_Random,United States,2022-02-23,Crime,38392.0,378519920.0,6
역으로 가는 길을 알려줘,Unknown_Random,Japan,2022-02-17,Drama,,,4
야연2,Unknown_Random,China,2022-02-22,Action,,,2
코만도,Unknown_Random,United States,2022-02-22,Action,,,5
레이징 파이어,Unknown_Random,Hong Kong,2022-01-20,Action,,,7
임신한 나무와 도깨비,"Unknown_Random, Unknown_Random",South Korea,2022-01-27,Drama,,,7
극장판 안녕 자두야: 제주도의 비밀,Unknown_Random,South Korea,2022-01-27,Animation,101957.0,896295520.0,5
효자,Unknown_Random,South Korea,2022-01-27,Comedy,,,9
엔드게임: 나는 킬러다,Unknown_Random,Hong Kong,2022-01-20,Action,,,10
굿 보스,Unknown_Random,Spain,2022-02-10,Drama,,,9
인어가 잠든 집,Unknown_Random,Japan,2022-01-28,Drama,,,9
아웃브레이크 호텔,Unknown_Random,Canada,2022-02-17,Thriller,,,5
시크릿 카운터,Unknown_Random,Japan,2022-02-17,Unknown,,,5
스크림,Unknown_Random,United States,2022-02-17,Horror,,,3
트로트는 인생이다,Unknown_Random,South Korea,2022-01-27,Comedy,,,4
경관의 피,Unknown_Random,South Korea,2022-01-05,Crime,681379.0,6714012120.0,8
더 모텔,Unknown_Random,United Kingdom,2022-01-27,Thriller,,,5
특수부대 코만도,Unknown_Random,Unknown,2022-01-25,Action,,,2
투모로우 아포칼립스,Unknown_Random,United States,2022-01-25,Unknown_Random,,,4
유혹의 한계,Unknown_Random,United States,2022-01-25,Thriller,,,6
파이널 싸움의 기술,Unknown_Random,South Korea,2022-01-21,Action,,,3
샌 안드레스 메가 대지진,Unknown_Random,United States,2022-01-19,Action,,,10
포 언투 어스,Unknown_Random,South Korea,2022-01-09,Musical,,,8
밀라노 두오모 콘서트,Unknown_Random,Italy,2022-01-07,Concert,,,4
글래디에이터 썬더,Unknown_Random,Spain,2022-01-05,Action,,,8
보리스 고두노프,Unknown_Random,United States,2022-01-04,Concert,,,8
가치 캅시다,Unknown_Random,South Korea,2021-10-28,Drama,,,8
비틀즈 겟 백: 루프탑 콘서트,Unknown_Random,United States,2022-02-11,Documentary,,,2
해적: 도깨비 깃발,Unknown_Random,South Korea,2022-01-26,Unknown_Random,1326713.0,12434447990.0,5
삼국지 관운장: 청룡언월도,Unknown_Random,China,2022-02-10,Action,,,4
더 마더,Unknown_Random,Spain,2022-02-10,Thriller,,,7
355,Unknown_Random,United States,2022-02-09,Action,30563.0,282405060.0,6
애니멀 체인지,Unknown_Random,China,2022-02-09,Animation,,,6
나일 강의 죽음,Unknown_Random,United States,2022-02-09,Crime,224663.0,2175150080.0,6
타이거마스크,Unknown_Random,South Korea,2021-12-30,Comedy,,,5
인생게임,Unknown_Random,South Korea,2021-12-30,Drama,,,4
창극 변강쇠 점 찍고 옹녀,Unknown_Random,South Korea,2022-02-03,Concert,,,9
비욘드라이브 더 무비 : 엔시티 레조넌스,Unknown_Random,South Korea,2022-01-12,Concert,13578.0,203666500.0,9
파이어 셧 업 인 마이 본즈,Unknown_Random,United States,2022-02-01,Concert,,,8
해탄적일천,Unknown_Random,Taiwan,2022-01-06,Drama,,,8
"천년의 노래, 리버스",Unknown_Random,South Korea,2022-01-13,Concert,,,5
블러드써스티,Unknown_Random,Canada,2022-01-27,Horror,,,8
금의위: 초능척살대,Unknown_Random,China,2022-01-12,Action,,,2
좀비 살아있다,Unknown_Random,United States,2022-01-20,Action,,,6
이상존재,Unknown_Random,South Korea,2021-12-09,Horror,,,2
총을 들지 않는 사람들: 금기에 도전,Unknown_Random,South Korea,2021-12-09,Documentary,,,3
여타짜,Unknown_Random,South Korea,2021-12-08,Crime,,,9
데드락: 라스트 리벤지,Jared Cohn,United States,2022-01-28,Unknown,,,5
유체이탈자,Unknown_Random,South Korea,2021-11-24,Fantasy,809394.0,7888571820.0,6
원 세컨드,Zhang Yimou,China,2022-01-27,Drama,,,8
미결처리반 Q: 침묵의 암살자,Unknown_Random,"Denmark, Germany, Czech Republic",2022-01-27,Crime,,,10
극장판 천재 추리 탐정 셜록홈즈,Unknown_Random,Hong Kong,2022-01-27,Animation,,,5
소설가 구보의 하루,Unknown_Random,South Korea,2021-12-09,Drama,,,6
장민호 드라마 최종회,Unknown_Random,South Korea,2022-01-24,Concert,9825.0,185762700.0,7
시카리오: 나이트 오브 이스케이프,Unknown_Random,United States,2022-01-25,Action,,,2
걸 위드 더 카메라,Unknown_Random,South Korea,2022-01-20,Documentary,,,3
아담,Unknown_Random,"Morocco, France, Belgium",2021-08-25,Drama,,,2
프리! 더 파이널 스트로크 전편,Unknown_Random,Japan,2022-01-20,Animation,,,8
신들의 분노,Unknown_Random,Poland,2022-01-20,Action,,,8
스피드 : 레이스 1,Unknown_Random,Taiwan,2022-01-20,Action,,,8
미스터 앤 미세스 아델만,Unknown_Random,France,2022-01-20,Comedy,,,8
대무사,Unknown_Random,China,2022-01-20,Action,,,4
우리는 이별에 서툴러서,"Unknown_Random, Unknown_Random, Unknown_Random, Unknown_Random",South Korea,2021-12-11,Drama,,,7
꽃손,Unknown_Random,South Korea,2021-12-02,Drama,,,4
아이 스틸 빌리브,"Unknown_Random, Unknown_Random",United States,2022-01-19,Drama,,,7
레지던트 이블: 라쿤시티,Unknown_Random,United States,2022-01-19,Action,19983.0,182258670.0,7
도쿄 리벤저스,Unknown_Random,Japan,2022-01-19,Drama,,,7
기우제,Unknown_Random,South Korea,2021-12-02,Drama,,,9
탈명검: 풍운재기,Unknown_Random,China,2022-01-18,Action,,,4
워 서바이버,Unknown_Random,United States,2022-01-18,Action,,,10
신데렐라 2: 마법에 걸린 왕자,Unknown_Random,United States,2021-12-22,Animation,35749.0,314841420.0,2
프랑스,Unknown_Random,France,2022-01-13,Drama,,,7
수호무적,Unknown_Random,China,2022-01-13,Action,,,8
비올레타,Unknown_Random,France,2022-01-13,Drama,,,8
바이올렛 에버가든 오케스트라 콘서트 2021,Unknown_Random,Japan,2022-01-13,Concert,,,8
웨스트 사이드 스토리,Unknown_Random,United States,2022-01-12,Drama,107683.0,1105324820.0,8
클리포드 더 빅 레드 독,Unknown_Random,United States,2022-01-12,Unknown_Random,20065.0,181509010.0,9
하우스 오브 구찌,Ridley Scott,United States,2022-01-12,Crime,134546.0,1333572060.0,8
걸즈 앤 판처 최종장 제3화,Mizushima Tsutomu,Japan,2022-01-12,Animation,,,7
긴 하루,Jo Sung-kyu,South Korea,2021-12-30,Drama,,,7
장 미쉘 바스키아: 더 레이디언트 차일드,Unknown_Random,United States,2020-12-09,Documentary,,,7
마네킹,Kim Moon-ok,South Korea,2021-07-13,Horror,,,7
라라와 크리스마스 요정,Unknown_Random,Norway,2021-12-15,Animation,,,2
원샷,Unknown_Random,United Kingdom,2022-01-10,Action,6432.0,6601000.0,8
사울 레이터: 인 노 그레이트 허리,Unknown_Random,Hungary,2021-12-29,Documentary,,,8
"사비나: 그리스도를 위한 고난, 나치 시대",Unknown_Random,United States,2021-11-25,Drama,,,6
왼팔의복서 닉,Unknown_Random,United States,2021-12-09,Drama,,,7
라임크라임,"Lee Seung-hwan, Unknown_Random",South Korea,2021-11-25,Drama,,,7
갱경떡삥이,Unknown_Random,South Korea,2021-12-27,Drama,,,6
킬러 하이드,Unknown_Random,United States,2022-01-06,Action,,,6
피드백,Unknown_Random,Spain,2022-01-05,Horror,,,3
씽2게더,Unknown_Random,United States,2022-01-05,Animation,867308.0,8031144820.0,8
액션히어로,Unknown_Random,South Korea,2021-07-21,Action,,,10
세자매,Unknown_Random,South Korea,2021-01-27,Drama,77288.0,655855300.0,4
내가 죽던 날,Unknown_Random,South Korea,2020-11-12,Drama,228032.0,2093922620.0,10
도굴,Unknown_Random,South Korea,2020-11-04,Crime,1543277.0,13943212850.0,5
아워 미드나잇,Unknown_Random,South Korea,2021-11-11,Drama,,,5
어르신의 성보조제: 죽지 않는 성기,Unknown_Random,Japan,2021-12-31,Drama,,,1
천기검,Unknown_Random,China,2021-12-29,Unknown_Random,,,7
신조영웅,Unknown_Random,Hong Kong,2021-12-29,Fantasy,,,6
피어: 마지막 생존자,"Unknown_Random, Unknown_Random",United States,2021-12-31,Action,,,7
돈 룩 업,Unknown_Random,United States,2021-12-08,Comedy,68375.0,668069180.0,8
잘 빨고 헹구는 가정부 아줌마,Unknown_Random,Japan,2021-12-06,Drama,,,6
밥도 몸도 잘주는 옆집 유부녀,Unknown_Random,Japan,2021-12-06,Drama,,,9
사운드 오브 서울,Unknown_Random,South Korea,2021-12-29,Documentary,,,3
필로포비아,Unknown_Random,United Kingdom,2021-12-30,Comedy,,,5
숏버스 배우행,"Unknown_Random, Unknown_Random, Unknown_Random, Unknown_Random, Unknown_Random, Unknown_Random",South Korea,2021-12-30,Drama,,,7
어느 하루,Unknown_Random,South Korea,2021-05-02,Fantasy,,,6
리틀 뱀파이어,Unknown_Random,France,2021-12-29,Animation,,,5
램,Unknown_Random,Unknown,2021-12-29,Horror,13654.0,125564840.0,2
신조무림,Unknown_Random,Hong Kong,2021-12-27,Fantasy,,,9
오단기어 박는 불륜녀,Unknown_Random,Japan,2021-12-24,Drama,,,4
그레이트 샤크2,Jared Cohn,United States,2021-12-23,Action,,,5
화끈한 며느리,Lee Ro-un,South Korea,2021-12-21,Drama,,,7
기문둔갑: 괴소소녀,Unknown_Random,Hong Kong,2021-12-20,Fantasy,,,9
불륜 성욕 폭발: 헝크러진 욕정,Unknown_Random,Japan,2021-12-17,Drama,,,5
더 매치: 1944,Unknown_Random,Unknown,2021-12-17,Drama,,,7
무림철검,Unknown_Random,Hong Kong,2021-12-14,Unknown,,,3
2솔져스: 배틀필드,Unknown_Random,Israel,2021-12-13,Action,,,8
무림팔선,Unknown_Random,China,2021-12-13,Fantasy,,,5
라자루스,Unknown_Random,United States,2021-12-13,Action,,,9
엄마몰래 여대생 숙성과외,Unknown_Random,Japan,2021-12-10,Drama,,,3
섹스 봉사단: 육욕의 가정부,Unknown_Random,Japan,2021-12-03,Drama,,,2
커밍 홈 인 더 다크,Unknown_Random,New Zealand,2021-12-02,Horror,,,2
데스 파이터 : 죽음의 매치,Unknown_Random,United Kingdom,2021-12-02,Action,,,5
극장판 소드 아트 온라인 -프로그레시브- 별 없는 밤의 아리아,Unknown_Random,Japan,2021-12-09,Animation,29849.0,322398600.0,7
악인은 너무 많다 2 - 제주 실종사건의 전말,Unknown_Random,South Korea,2021-11-11,Thriller,,,7
로또쉐어,Unknown_Random,South Korea,2021-11-24,Thriller,,,9
숏버스 감독행,"Unknown_Random, Unknown_Random, Unknown_Random, Unknown_Random, Unknown_Random",South Korea,2021-11-25,Drama,,,7
핫 블러드,Unknown_Random,South Korea,2021-11-25,Action,,,5
킹스맨: 퍼스트 에이전트,Unknown_Random,United States,2021-12-22,Action,1023394.0,10272238070.0,5
참을 수 없는 형수의 맛,Unknown_Random,Japan,2021-12-21,Drama,,,5
물오른 폭유 음란 제수씨,Unknown_Random,Japan,2021-12-21,Drama,,,6
매트릭스: 리저렉션,Unknown_Random,United States,2021-12-22,Action,208540.0,2090696680.0,5
노트르담,Unknown_Random,France,2021-12-22,Drama,,,9
피부를 판 남자,Unknown_Random,Unknown,2021-12-16,Drama,,,8
마이 뉴욕 다이어리,Unknown_Random,Canada,2021-12-09,Drama,,,9
티탄,Unknown_Random,France,2021-12-09,Drama,,,8
스파이 캣,"Unknown_Random, Unknown_Random",Germany,2021-12-09,Animation,,,7
베네데타,Unknown_Random,France,2021-12-01,Drama,,,7
싸반,Unknown_Random,Thailand,2021-11-11,Horror,,,5
미켈란젤로,Unknown_Random,Italy,2021-09-29,Drama,,,9
보조바퀴,Unknown_Random,South Korea,2021-11-25,Drama,,,10
런 보이 런,Unknown_Random,South Korea,2020-05-28,Drama,,,9
걸즈 앤 판처 최종장 제1화,Mizushima Tsutomu,Japan,2020-01-08,Animation,,,7
끝없음에 관하여,Unknown_Random,Unknown,2021-12-16,Unknown,,,6
리버,Unknown_Random,Canada,2021-12-16,Drama,,,9
장르만 로맨스,Unknown_Random,South Korea,2021-11-17,Drama,504303.0,5074432740.0,9
스파이더맨: 노 웨이 홈,Unknown_Random,United States,2021-12-15,Action,7544778.0,75131299040.0,6
엔드리스,Unknown_Random,United States,2021-12-15,Fantasy,,,7
기문환생,Unknown_Random,Hong Kong,2021-12-15,Fantasy,,,2
강릉,Unknown_Random,South Korea,2021-11-10,Crime,302201.0,3133412970.0,5
왕십리 김종분,Unknown_Random,South Korea,2021-11-11,Documentary,,,8
행복의 속도,Unknown_Random,South Korea,2021-11-18,Documentary,,,9
고양이에게 밥을 주지 마세요,"Unknown_Random, Unknown_Random",South Korea,2021-11-11,Documentary,,,7
서복,Lee Yong-joo,South Korea,2021-04-15,Drama,385409.0,3628177450.0,7
로그북,Unknown_Random,South Korea,2021-11-24,Documentary,,,7
캅샵: 미친놈들의 전쟁,Unknown_Random,United States,2021-12-09,Action,,,3
노아의 방주 2: 새로운 세계로,Unknown_Random,Germany,2021-12-09,Animation,,,9
당신은 믿지 않겠지만,Unknown_Random,Japan,2021-10-28,Drama,,,4
스카이파이어,Unknown_Random,United States,2021-12-08,Action,,,7
몬스타엑스 : 더 드리밍,Oh Yoon-dong,South Korea,2021-12-08,Documentary,28387.0,453384000.0,9
청춘선거,Unknown_Random,South Korea,2021-06-17,Documentary,,,5
남의 나라,Unknown_Random,South Korea,2021-11-01,Comedy,,,6
송해 1927,Unknown_Random,South Korea,2021-11-18,Documentary,,,8
낫아웃,Unknown_Random,South Korea,2021-06-03,Drama,,,8
라스트 나잇 인 소호,Unknown_Random,United States,2021-12-01,Horror,33855.0,324983490.0,4
고스트버스터즈 라이즈,Unknown_Random,United States,2021-12-01,Unknown_Random,110305.0,1034702810.0,7
화이트데이: 부서진 결계,Unknown_Random,South Korea,2021-10-06,Horror,,,10
까치발,Unknown_Random,South Korea,2021-06-03,Documentary,,,3
브라더,Unknown_Random,South Korea,2021-10-07,Crime,,,10
팬텀: 더 뮤지컬 라이브,Park Jae-seok,South Korea,2021-12-01,Musical,,,7
칼리버 9: 마피아 워,Unknown_Random,Italy,2021-12-02,Crime,,,3
언힐러,Unknown_Random,United States,2021-12-02,Science Fiction,,,6
십계,"Unknown_Random, Unknown_Random",United States,2021-12-02,Animation,,,7
리유니언,Unknown_Random,Unknown,2021-12-02,Horror,,,2
메이드 인 이태리,Unknown_Random,United Kingdom,2021-11-24,Drama,,,6
킬링 카인드: 킬러의 수제자,Unknown_Random,United States,2021-12-01,Action,,,5
신의 손,Unknown_Random,United States,2021-12-01,Drama,,,6
산타킬러스,"Unknown_Random, Unknown_Random",United States,2021-12-01,Action,,,7
흥건한 우리 형수! 메구리,Unknown_Random,Japan,2021-11-30,Drama,,,4
오르가즘! 절정의 아내,Asagiri Kiyoshi,Japan,2021-11-30,Drama,,,7
귀토-토끼의 팔란,Unknown_Random,South Korea,2021-11-11,Concert,,,5
진혼법사,Unknown_Random,China,2021-11-30,Action,,,3
원티드 킬러,Unknown_Random,United States,2021-11-30,Drama,,,5
비밀의 정원,Unknown_Random,South Korea,2021-04-08,Drama,,,10
뫼비우스,"Unknown_Random, Unknown_Random, Unknown_Random, Unknown_Random",South Korea,2021-10-13,Drama,,,7
쾌락 통제 불능: 음수가 된 마누라,Unknown_Random,Japan,2021-11-26,Drama,,,7
나라의 섹시한 유혹,Lee Ro-un,South Korea,2021-11-26,Drama,,,7
동백,Unknown_Random,South Korea,2021-10-21,Drama,,,8
옆방엄마,Han Dong-ho,South Korea,2021-11-25,Drama,,,7
명탐정 코난: 비색의 탄환,Unknown_Random,Japan,2021-04-16,Animation,209227.0,1970502280.0,9
귀문,Unknown_Random,South Korea,2021-08-25,Mystery,89695.0,774580270.0,2
에이펙스,Unknown_Random,Canada,2021-11-25,Action,,,7
앰뷸런스,Unknown_Random,Italy,2021-11-25,Thriller,,,2
코스모볼,Unknown_Random,Russia,2021-11-23,Science Fiction,,,5
노브라 코브라 : 나나미 절정을 보았다,Asagiri Kiyoshi,Japan,2021-11-19,Drama,,,7
글래디에이터: 레전드 워리어,Unknown_Random,United States,2021-11-18,Action,,,7
엔칸토: 마법의 세계,"Unknown_Random, Unknown_Random, Unknown_Random",United States,2021-11-24,Animation,629784.0,5972786580.0,7
언포기버블,Unknown_Random,United States,2021-11-24,Drama,,,8
젖고만 동창녀,Unknown_Random,Japan,2021-11-16,Drama,,,7
파워 오브 도그,Unknown_Random,United States,2021-11-17,Drama,,,9
일장춘몽: 결혼 후에도 잊지 못한 섹스,Unknown_Random,Japan,2021-11-12,Drama,,,8
이스케이프 슬립,Unknown_Random,United States,2021-11-12,Horror,,,4
1984 최동원,Unknown_Random,South Korea,2021-11-11,Documentary,,,9
그림자꽃,Lee Seung-jun,South Korea,2021-10-27,Documentary,,,7
흑협: 무림영웅단,Unknown_Random,Hong Kong,2021-11-11,Action,,,3
홍콩 리벤지,Unknown_Random,United States,2021-11-11,Crime,,,5
어쌔신 더 엑스,Unknown_Random,United States,2021-11-11,Action,,,2
주신: 제갈정운,Unknown_Random,Hong Kong,2021-11-10,Fantasy,,,2
도굴: 귀취전설,Unknown_Random,China,2021-11-10,Action,,,8
어느순간 내 입에 아!오이,Asagiri Kiyoshi,Japan,2021-11-05,Drama,,,7
천지열혈 양가장,Unknown_Random,Hong Kong,2021-11-03,Action,,,2
F20,Unknown_Random,South Korea,2021-10-06,Thriller,12916.0,92376400.0,3
숏버스 섬뜩행,"Unknown_Random, Unknown_Random, Unknown_Random, Unknown_Random",South Korea,2021-10-28,Drama,,,7
당신은 학생인가,Unknown_Random,South Korea,2021-11-19,Documentary,,,9
그녀의 가족은 잘못이 없어,Unknown_Random,South Korea,2021-10-14,Unknown_Random,,,9
후겟츠 웨슬리,Unknown_Random,United States,2021-11-18,Comedy,,,2
어 굿 맨,Unknown_Random,France,2021-11-18,Drama,,,4
뱅드림! 필름 라이브 세컨드 스테이지,Unknown_Random,Japan,2021-11-18,Animation,,,3
밀리터리 맨,Unknown_Random,Russia,2021-11-18,War,,,4
"나의 끝, 당신의 시작",Unknown_Random,Germany,2021-11-18,Drama,,,8
가족의 색깔,Unknown_Random,Japan,2021-10-27,Drama,,,10
스틸워터,Unknown_Random,United States,2021-10-06,Crime,,,4
부니베어: 애들이 줄었어요,Unknown_Random,China,2021-10-07,Animation,,,2
사상,Unknown_Random,South Korea,2021-10-21,Documentary,,,7
노회찬6411,Unknown_Random,South Korea,2021-10-14,Documentary,23697.0,210898510.0,4
디어 에반 핸슨,Unknown_Random,United States,2021-11-17,Musical,96800.0,983766320.0,10
울림의 탄생,Unknown_Random,South Korea,2021-10-21,Documentary,,,10
숏버스 기묘행,"Unknown_Random, Unknown_Random, Unknown_Random, Unknown_Random, Unknown_Random, Unknown_Random",South Korea,2021-09-30,Mystery,,,7
숏버스 이별행,"Unknown_Random, Unknown_Random, Unknown_Random, Unknown_Random",South Korea,2021-07-22,Comedy,,,7
보는 것을 사랑한다,Unknown_Random,South Korea,2021-10-28,Documentary,,,8
뉴 오더,Unknown_Random,Unknown,2021-11-11,Thriller,,,4
"틱, 틱... 붐!",Unknown_Random,United States,2021-11-12,Drama,7028.0,63165780.0,8
케이지드,Unknown_Random,United States,2021-11-11,Thriller,,,4
"러브 어페어: 우리가 말하는 것, 우리가 하는 것",Unknown_Random,France,2021-11-11,Drama,,,4
더 프레지던트,Unknown_Random,"United States, Australia, Hong Kong, Switzerland, China",2021-11-11,Drama,,,7
태양은 움직이지 않는다,Unknown_Random,Japan,2021-11-10,Action,,,7
아담스 패밀리 2,"Unknown_Random, Unknown_Random",United States,2021-11-10,Animation,103231.0,927623400.0,7
수필러브,Unknown_Random,South Korea,2021-09-01,Unknown,,,4
아네트,Unknown_Random,France,2021-10-27,Drama,35530.0,312709550.0,3
당신얼굴 앞에서,Hong Sang-soo,South Korea,2021-10-21,Drama,,,7
매일 밤 흥건한 유부녀,Asagiri Kiyoshi,Japan,2021-11-08,Drama,,,7
끝내주는 명기 여상사,Asagiri Kiyoshi,Japan,2021-11-08,Drama,,,7
바람아 안개를 걷어가다오,Unknown_Random,South Korea,2021-10-28,Drama,,,6
침묵의 숲,Unknown_Random,Unknown,2021-11-04,Drama,,,7
시그널 X: 영혼의 구역,Unknown_Random,United States,2021-11-04,Mystery,,,6
사대명포: 제국의 비밀,Unknown_Random,China,2021-11-04,Action,,,6
이터널스,Unknown_Random,United States,2021-11-03,Action,3045764.0,31689629240.0,7
최선의 삶,Unknown_Random,South Korea,2021-09-01,Drama,,,3
신용문 무림,Unknown_Random,Hong Kong,2021-10-28,Action,,,5
양방언과 국립국악관현악단-인투 더 라이트,Unknown_Random,South Korea,2021-10-26,Concert,,,2
내 여친은 에로배우,Lee Sang-soo,South Korea,2021-10-25,Comedy,,,7
테이크 백,Unknown_Random,United States,2021-10-21,Action,,,6
언노운 에이전트 더 미션,Unknown_Random,United States,2021-10-21,Action,,,10
맛 좋은 시골 무: 아래로 먹는 일본 새댁,Unknown_Random,Japan,2021-10-21,Drama,,,7
깨복쟁이,Unknown_Random,South Korea,2021-10-21,Drama,,,7
무림신검,Unknown_Random,China,2021-10-20,Action,,,6
기문마계,Unknown_Random,Hong Kong,2021-10-20,Fantasy,,,8
윤율아씨의 쓰리쿠션,Unknown_Random,South Korea,2021-10-19,Drama,,,9
에로스 커플의 섹스고백,Lee Ro-un,South Korea,2021-10-19,Drama,,,7
마마2,Unknown_Random,United States,2021-10-16,Horror,,,6
도신-지존천하,Unknown_Random,Hong Kong,2021-10-25,Unknown,,,5
섹스 연금 적립 워킹맘,Unknown_Random,Japan,2021-10-14,Drama,,,4
천녀유혼: 귀애도,Unknown_Random,Hong Kong,2021-10-14,Unknown,,,5
담쟁이,Unknown_Random,South Korea,2020-10-28,Family,,,3
박강아름 결혼하다,Unknown_Random,South Korea,2021-08-19,Documentary,,,10
전지적 섹스 시점 : 전.섹.시,Lee Ro-un,South Korea,2021-10-12,Drama,,,7
손오공-대몽서유기,Unknown_Random,China,2021-10-12,Action,,,6
마누라는 이웃집 흑형 바디 프렌드,Unknown_Random,Japan,2021-10-07,Drama,,,6
"아들아, 이건 아니지!",Han Dong-ho,South Korea,2021-10-05,Drama,,,7
고장난 론,"Unknown_Random, Unknown_Random, Unknown_Random",United States,2021-10-27,Animation,150718.0,1367705200.0,7
타다: 대한민국 스타트업의 초상,Unknown_Random,South Korea,2021-10-14,Documentary,,,7
퍼펙트 스틸,Unknown_Random,United Kingdom,2021-10-28,Crime,,,6
클리너:살인마의 집,Unknown_Random,United States,2021-10-28,Thriller,,,5
스티브 맥퀸: 더 맨 앤 르망,Unknown_Random,United States,2021-10-28,Documentary,,,9
비하인드 유,Unknown_Random,United States,2021-10-28,Horror,,,3
구원받은 도둑,Unknown_Random,United States,2021-10-28,Drama,,,10
할로윈 킬즈,Unknown_Random,United States,2021-10-27,Horror,,,10
센코롤 커넥트,Unknown_Random,Japan,2021-10-27,Animation,,,4
바다 탐험대 옥토넛 : 육지수호 대작전,Unknown_Random,United Kingdom,2021-10-27,Animation,19740.0,170720800.0,7
싱크홀,Unknown_Random,South Korea,2021-08-11,Comedy,2182763.0,21303259680.0,2
창극 패왕별희,Unknown_Random,South Korea,2021-09-23,Concert,,,10
밤마다 불타는 아내의 성욕,Unknown_Random,Japan,2021-10-25,Drama,,,6
관음증 유부녀의 욕정,Unknown_Random,Japan,2021-10-25,Drama,,,6
보이 비하인드 도어,Unknown_Random,United States,2021-10-21,Horror,,,8
슈퍼문,Unknown_Random,South Korea,2021-09-09,Animation,,,10
더 하더 데이 폴,Unknown_Random,United States,2021-10-20,Action,,,3
공작조: 현애지상,Zhang Yimou,China,2021-09-16,Action,,,8
슈퍼펫,Unknown_Random,United Kingdom,2020-08-13,Animation,,,6
킬러의 보디가드 2,Unknown_Random,United States,2021-06-23,Action,378087.0,3722129210.0,10
엽문4: 더 파이널,Unknown_Random,Hong Kong,2020-04-01,Action,65832.0,572383600.0,4
적호서생,Unknown_Random,China,2021-04-29,Action,,,5
라이더스 오브 저스티스,Unknown_Random,Unknown,2021-06-02,Action,,,5
퍼스트 러브,Unknown_Random,Japan,2020-12-17,Crime,,,4
건즈 아킴보,Unknown_Random,United Kingdom,2020-04-15,Action,26820.0,235929000.0,4
검객,Unknown_Random,South Korea,2020-09-23,Action,174151.0,1494580260.0,9
추룡 2 : 패왕,Unknown_Random,China,2021-04-01,Action,,,9
인질,Pil Gam-seong,South Korea,2021-08-18,Action,1622923.0,15488130140.0,7
용루각2: 신들의 밤,Unknown_Random,South Korea,2021-02-10,Action,,,5
첫눈이 사라졌다,"Unknown_Random, Unknown_Random",Poland,2021-10-20,Fantasy,,,7
라스트 듀얼: 최후의 결투,Ridley Scott,United States,2021-10-20,Action,52560.0,502776600.0,8
경고,Unknown_Random,United Kingdom,2021-10-20,Horror,,,4
클라이밍,Kim Hye-mi,South Korea,2021-06-16,Animation,,,7
디바,Unknown_Random,South Korea,2020-09-23,Thriller,88252.0,745548040.0,4
서유기: 재세요왕,Unknown_Random,China,2021-09-30,Animation,,,2
언더그라운드,Unknown_Random,South Korea,2021-08-19,Documentary,,,5
아버지의 길,Unknown_Random,Unknown,2021-09-30,Drama,,,2
베놈 2: 렛 데어 비 카니지,Unknown_Random,United States,2021-10-13,Action,2120352.0,21086490080.0,5
푸른 호수,Unknown_Random,United States,2021-10-13,Drama,,,2
UFO 스케치,Unknown_Random,South Korea,2021-03-04,Documentary,,,6
보이스,"Kim Sun, Unknown_Random",South Korea,2021-09-15,Crime,1418958.0,13975333080.0,7
체르노빌 1986,Unknown_Random,Russia,2021-06-30,Action,19691.0,162844900.0,5
태양을 덮다,Unknown_Random,Japan,2021-03-11,Drama,,,7
쇼미더고스트,Unknown_Random,South Korea,2021-09-09,Comedy,,,8
졸트,Unknown_Random,United States,2021-10-14,Action,,,3
실: 인연의 시작,Unknown_Random,Japan,2021-10-14,Drama,,,8
스페이스 독 3: 트로피컬 어드벤처,Unknown_Random,Russia,2021-10-14,Animation,,,2
바바리안,Unknown_Random,Italy,2021-10-14,Drama,,,2
토토리! 우리 둘만의 여름,"Unknown_Random, Unknown_Random",Norway,2021-05-19,Unknown_Random,,,7
꿈꾸는 고양이,"Unknown_Random, Unknown_Random",South Korea,2021-09-09,Documentary,,,7
메이드 인 아메리카,Unknown_Random,United States,2021-10-08,Documentary,,,7
생각의 여름,Unknown_Random,South Korea,2021-08-12,Drama,,,9
습도 다소 높음,Ko Bong-soo,South Korea,2021-09-01,Comedy,,,6
아-하: 테이크 온 미,"Unknown_Random, Unknown_Random",Unknown,2021-09-22,Documentary,,,7
컴백트레일,Unknown_Random,United States,2021-10-07,Comedy,,,8
매직 스쿨: 초보마법사 아우라의 대모험,Unknown_Random,United States,2021-10-07,Animation,,,10
마를린,Unknown_Random,Unknown,2021-10-07,Action,,,6
디스 아메리카노,Unknown_Random,South Korea,2021-09-10,Drama,,,3
어서오시게스트하우스,Unknown_Random,South Korea,2020-08-13,Drama,,,4
레드 아워,Unknown_Random,United States,2021-09-23,Action,,,9
유부녀들 : 스와핑의 맛,Unknown_Random,South Korea,2021-09-30,Drama,,,3
섹스 24시 편의점: 카드 말고 다른 거 넣어주세요,Unknown_Random,Japan,2021-09-30,Drama,,,2
맨디 : 귀신들린 인형,Unknown_Random,United Kingdom,2021-09-28,Horror,,,5
마녀의 저주,Unknown_Random,United States,2021-09-28,Horror,,,8
헬 아미,Unknown_Random,United States,2021-09-24,Fantasy,,,9
완벽한 타인과의 섹스경험담,Lee Ro-un,South Korea,2021-09-10,Drama,,,7
원나잇 라디오,Lee Ro-un,South Korea,2021-09-08,Drama,,,7
세 며느리와 시아버지,Lee Ro-un,South Korea,2021-09-03,Drama,,,7
이스트 워,Unknown_Random,United States,2021-09-17,Drama,,,7
불륜 운전 연수: 여보 그 스틱이 아냐!,Unknown_Random,Japan,2021-09-16,Drama,,,7
혼외정사,Choi Sung-eun,South Korea,2021-09-15,Drama,,,7
하대하던 점주의 노예가 되어버렸다,Unknown_Random,Japan,2021-09-15,Drama,,,10
코끼리와 나비,Unknown_Random,France,2021-09-30,Drama,,,5
윙스 오버 에베레스트,Unknown_Random,China,2021-09-30,Action,,,7
아임 유어 맨,Unknown_Random,Germany,2021-09-16,Comedy,,,6
미인도-황제의 시녀,Unknown_Random,Hong Kong,2021-09-15,Drama,,,6
위험한 정사 2,Unknown_Random,United States,2021-09-08,Mystery,,,2
공손한 마님의 음란한 저택,Asagiri Kiyoshi,Japan,2021-09-09,Drama,,,7
스코치드 어스: 분노의 추격자,Unknown_Random,Canada,2021-09-30,Action,,,4
로스트 인 런던,Unknown_Random,United Kingdom,2021-09-30,Comedy,,,10
SNS 불륜 집착 유부녀,Unknown_Random,Japan,2021-09-02,Drama,,,10
귀신,Unknown_Random,South Korea,2021-08-25,Horror,,,2
캐논볼,Unknown_Random,South Korea,2021-08-25,Drama,,,2
스쿨 아웃 포에버,Unknown_Random,United Kingdom,2021-09-29,Comedy,,,8
금의위-명조자객,Unknown_Random,China,2021-09-29,Action,,,7
007 노 타임 투 다이,Unknown_Random,United States,2021-09-29,Action,1224745.0,11975031500.0,9
러브 스파이: 바브 앤 스타,Unknown_Random,United States,2021-09-01,Comedy,,,2
말리그넌트,Unknown_Random,United States,2021-09-15,Thriller,39983.0,420645670.0,7
캔디맨,Unknown_Random,United States,2021-09-22,Mystery,49426.0,489759300.0,2
맨 인 더 다크 2,Unknown_Random,United States,2021-09-01,Horror,73638.0,722238900.0,10
극장판 마이 리틀 포니: 새로운 희망,Unknown_Random,United States,2021-09-22,Animation,,,4
마계대전,Unknown_Random,Hong Kong,2021-09-27,Drama,,,10
섹슈얼 네이처,Unknown_Random,United Kingdom,2021-09-17,Comedy,,,2
사운드 오브 데스,Unknown_Random,United States,2021-09-09,Crime,,,2
미씽: 사라진 딸,Unknown_Random,Canada,2021-09-23,Thriller,,,5
극장판 콩순이: 장난감나라 대모험,Unknown_Random,South Korea,2021-05-05,Animation,65559.0,577249720.0,4
로빈의 소원,Unknown_Random,United States,2021-09-23,Documentary,,,6
스왈로 탐험대와 아마존 해적,Unknown_Random,United Kingdom,2021-09-02,Unknown_Random,,,7
숲의 비명 : 사라진 사람들,Unknown_Random,South Korea,2021-08-26,Horror,,,2
어댑테이션,Unknown_Random,South Korea,2021-08-19,Unknown,,,2
샹치와 텐 링즈의 전설,Unknown_Random,United States,2021-09-01,Action,1730037.0,17616390490.0,8
토베 얀손,Unknown_Random,Unknown,2021-09-16,Drama,,,3
어시스턴트,Unknown_Random,United States,2021-09-16,Drama,,,8
어웨이,Gints Zilbalodis,Unknown,2021-08-04,Animation,,,9
"극장판 포켓몬스터: 정글의 아이, 코코",Unknown_Random,Japan,2021-09-15,Animation,208739.0,1896361620.0,7
작전: 라스트 어썰트,Unknown_Random,China,2021-09-15,Action,,,4
스피릿,Unknown_Random,United States,2021-09-15,Animation,,,10
올리버 색스: 그의 생애,Unknown_Random,United States,2021-08-26,Documentary,,,2
그린 나이트,Unknown_Random,United States,2021-08-05,Unknown_Random,18638.0,174485770.0,8
건파우더 밀크셰이크,Unknown_Random,France,2021-09-08,Action,30196.0,264218830.0,7
죽을 때까지,Unknown_Random,United States,2021-09-09,Thriller,,,4
잔나비 판타스틱 올드패션드 리턴즈! x 넌센스 Ⅱ,Unknown_Random,South Korea,2021-09-09,Concert,,,6
스네이크 아이즈: 지.아이.조,Unknown_Random,United States,2021-09-09,Action,,,3
변신 : 어느날 갑자기,Unknown_Random,United Kingdom,2021-09-09,Horror,,,4
뱅드림! 로젤리아 에피소드 Ⅱ : 송 아이 엠,Kakimoto Kodai,Japan,2021-09-09,Animation,,,7
엑소시즘: 악령의 눈동자,Unknown_Random,United States,2021-09-08,Horror,,,3
우리는 매일매일,Unknown_Random,South Korea,2021-06-30,Documentary,,,7
아리아 : 디 아베니레,Unknown_Random,Japan,2021-09-08,Animation,,,6
아리아 : 더 크레푸스콜로,Unknown_Random,Japan,2021-09-08,Animation,,,6
상견니 대만판 13화,Unknown_Random,Unknown,2021-09-08,Drama,,,6
리스펙트,Unknown_Random,United States,2021-09-08,Drama,,,8
레커닝,Unknown_Random,United Kingdom,2021-09-07,Drama,,,4
방법: 재차의,Unknown_Random,South Korea,2021-07-28,Mystery,165954.0,1476515330.0,6
바쿠라우,Unknown_Random,France,2021-09-02,Mystery,,,5
묵향,Unknown_Random,South Korea,2021-09-02,Concert,,,5
켈리 갱,Unknown_Random,Australia,2021-08-31,Crime,,,9
이번엔 잘 되겠지,Unknown_Random,South Korea,2021-07-08,Comedy,,,5
코드 카림,Unknown_Random,Italy,2021-08-26,Action,,,5
블룸 업: 스와핑,Unknown_Random,United States,2021-08-26,Documentary,,,8
다이노 마이 프렌드,Unknown_Random,China,2021-08-26,Animation,,,10
극장판 페이트/그랜드 오더 신성원탁영역 카멜롯 팔라딘; 아가트람,Unknown_Random,Japan,2021-08-26,Animation,,,6
레미니센스,Unknown_Random,United States,2021-08-25,Science Fiction,33227.0,307870100.0,6
대테러부대: 팀 울프,Unknown_Random,Unknown,2021-08-25,War,,,4
해변의 에트랑제,Unknown_Random,Japan,2021-02-18,Animation,,,7
왕대륙의 기묘기사,Unknown_Random,China,2020-04-30,Unknown,,,2
퍼피 구조대 더 무비,Unknown_Random,United States,2021-08-18,Animation,57721.0,505210250.0,2
오! 문희,Unknown_Random,South Korea,2020-09-02,Comedy,318748.0,2563470340.0,4
이젠 스네요,Unknown_Random,Japan,2021-08-19,Drama,,,9
보통날,"Unknown_Random, Unknown_Random, Unknown_Random",South Korea,2021-07-01,Drama,,,7
직장 상사의 어린 아내,Ishikawa Jiro,Japan,2021-08-06,Drama,,,7
슈퍼딥,Unknown_Random,Russia,2021-08-05,Horror,,,9
나만 보이니,Unknown_Random,South Korea,2021-07-21,Horror,,,8
플래시백,Unknown_Random,Canada,2021-06-10,Drama,3325.0,27524930.0,9
허리 고 라운드,Unknown_Random,Japan,2021-07-14,Documentary,,,5
노매드랜드,Unknown_Random,United States,2021-04-15,Drama,50342.0,472288890.0,2
사보타지 1941,Unknown_Random,Russia,2021-08-12,Drama,,,6
데이팅 앰버,Unknown_Random,Unknown,2021-06-23,Comedy,,,4
정사: 서로 다른 욕망,Unknown_Random,Unknown,2021-08-04,Comedy,,,3
죽어도 좋은 경험: 천사여 악녀가 되라,Unknown_Random,South Korea,2021-07-15,Drama,,,9
더 드라이버,Unknown_Random,United States,2021-08-20,Horror,,,9
팜 스프링스,Unknown_Random,United States,2021-08-19,Comedy,,,10
올드,Unknown_Random,United States,2021-08-18,Horror,108235.0,1056688950.0,6
가족은 괴로워3: 아내여 장미처럼,Unknown_Random,Japan,2021-08-18,Drama,,,3
샤먼 로드,Unknown_Random,South Korea,2021-07-03,Documentary,,,6
담보,Unknown_Random,South Korea,2020-09-29,Drama,1714500.0,14714264360.0,9
암살자들,Unknown_Random,United States,2021-08-12,Documentary,,,4
리벤지 오브 인사이트,"Unknown_Random, Unknown_Random",United States,2021-08-12,Action,,,7
정브르의 동물일기,Unknown_Random,South Korea,2021-02-24,Documentary,,,5
나는 나를 해고하지 않는다,Unknown_Random,South Korea,2021-01-28,Drama,14410.0,113196990.0,8
프리 가이,Unknown_Random,United States,2021-08-11,Action,302487.0,3063711320.0,2
도신-천하지독존,Unknown_Random,Hong Kong,2021-08-11,Action,,,7
관계의 가나다에 있는 우리는,Unknown_Random,South Korea,2021-01-28,Drama,,,8
프랑켄슈타인,Danny Boyle,United States,2021-08-06,Concert,,,8
흩어진 밤,"Unknown_Random, Unknown_Random",South Korea,2021-06-24,Drama,,,7
"무순, 세상을 가로질러",Unknown_Random,South Korea,2021-04-22,Documentary,,,5
일루셔니스트,Unknown_Random,China,2021-08-05,Action,,,10
잘리카투,Unknown_Random,Unknown,2021-08-05,Action,,,9
더 그레이트 샤크,Unknown_Random,Hungary,2021-08-05,Horror,,,8
극장판 도라에몽: 진구의 신공룡,Unknown_Random,Japan,2021-08-05,Animation,62627.0,541295580.0,6
"우리, 둘",Unknown_Random,France,2021-07-28,Drama,,,2
킬러의 보디가드 2: 킬러의 와이프,Unknown_Random,United States,2021-08-04,Action,,,2
블랙핑크 더 무비,"Oh Yoon-dong, Unknown_Random",South Korea,2021-08-04,Concert,11761.0,154036500.0,7
더 수어사이드 스쿼드,James Gunn,United States,2021-08-04,Action,417322.0,4382594840.0,8
드래곤 솔져,Unknown_Random,United States,2021-08-03,Fantasy,,,2
온 더 로드,Unknown_Random,South Korea,2021-07-21,Documentary,,,3
비밀방의 선물,Lee Ro-un,South Korea,2021-07-28,Drama,,,7
유부녀 전용 클럽,Unknown_Random,Japan,2021-07-22,Drama,,,9
다 해주는 가정교사,Unknown_Random,Japan,2021-07-22,Drama,,,6
싸면 뭐하니?,Lee Ro-un,South Korea,2021-07-21,Drama,,,7
벗네 마네,Lee Ro-un,South Korea,2021-07-21,Drama,,,7
파이프라인,Yoo Ha,South Korea,2021-05-26,Crime,133392.0,1176086860.0,7
아이스 로드,Unknown_Random,United States,2021-07-21,Thriller,26700.0,256048950.0,9
트리거 포인트,Unknown_Random,Canada,2021-07-29,Action,,,2
저주받은 자들,Unknown_Random,Unknown,2021-07-29,Horror,,,4
아웃브레이크,Unknown_Random,Canada,2021-07-29,Thriller,,,7
아메리칸 히트맨,Unknown_Random,Canada,2021-07-29,Action,,,7
배틀 크랙,Unknown_Random,United States,2021-07-29,Science Fiction,,,5
포이즌 로즈,"Unknown_Random, Unknown_Random",United States,2021-07-28,Thriller,,,7
정글 크루즈,Unknown_Random,United States,2021-07-28,Action,246447.0,2278635680.0,2
미호의 섹스 스캔들,Lee Ro-un,South Korea,2021-07-21,Drama,,,7
몽키킹5 절대신공,Unknown_Random,Hong Kong,2021-07-21,Fantasy,,,7
첫사랑 그리고 첫 섹스,Ishikawa Jiro,Japan,2021-07-19,Drama,,,7
도시 여자의 맛,Ishikawa Jiro,Japan,2021-07-19,Drama,,,7
크리스마스 괴담 : 4가지 이야기,Unknown_Random,United States,2021-07-14,Horror,,,3
상애상친 : 여자 이야기,Unknown_Random,China,2021-07-14,Drama,,,3
몬스터 : 어둠 속의 살인,Unknown_Random,United States,2021-07-14,Horror,,,6
잘세우는 형수님,Choi Sung-eun,South Korea,2021-07-06,Drama,,,7
여고괴담 여섯번째 이야기 : 모교,Unknown_Random,South Korea,2021-06-17,Mystery,89378.0,814276160.0,2
앞집여자 길들이기,Choi Sung-eun,South Korea,2021-07-01,Drama,,,7
블랙 위도우,Unknown_Random,United States,2021-07-07,Action,2955481.0,29927638820.0,6
이스케이프 룸 2: 노 웨이 아웃,Unknown_Random,United States,2021-07-14,Action,212050.0,2106940220.0,10
피어 오브 레인,Unknown_Random,United States,2021-07-22,Drama,,,3
페이블,Unknown_Random,Japan,2021-07-22,Comedy,,,10
복호무송,Unknown_Random,China,2021-07-22,Action,,,4
바디 브로커,Unknown_Random,United States,2021-07-22,Crime,,,7
리본,Unknown_Random,United States,2021-07-22,Horror,,,2
더 레치드: 악령의 저주,Unknown_Random,United States,2021-07-22,Fantasy,,,7
"그 시절, 너의 뒤를 쫓았다",Unknown_Random,Japan,2021-06-16,Drama,,,2
워스,Unknown_Random,United States,2021-07-21,Drama,,,5
호스트: 접속금지,Unknown_Random,United Kingdom,2021-07-21,Horror,10954.0,102605000.0,2
옥스포드 살인사건,Unknown_Random,Spain,2021-07-21,Crime,,,4
보스 베이비 2,Unknown_Random,United States,2021-07-21,Animation,919456.0,8252936160.0,8
더 나이트,Unknown_Random,Unknown,2021-07-21,Horror,,,8
썰,Hwang Seung-jae,South Korea,2021-06-03,Comedy,,,7
좀비크러쉬: 헤이리,Unknown_Random,South Korea,2021-06-30,Comedy,,,10
치와와,Unknown_Random,Japan,2021-07-16,Crime,,,9
랜드,Unknown_Random,United States,2021-03-17,Drama,,,4
프라미싱 영 우먼,Unknown_Random,United States,2021-02-24,Crime,,,9
부기,Unknown_Random,United States,2021-04-21,Drama,,,5
에이리,Unknown_Random,Japan,2021-07-16,Mystery,,,4
와인 패밀리,Unknown_Random,Canada,2021-07-15,Drama,,,8
나는 나대로 혼자서 간다,Unknown_Random,Japan,2021-07-15,Drama,,,7
저승보다 낯선,Unknown_Random,South Korea,2021-06-30,Drama,,,8
포겟 미 낫-엄마에게 쓰는 편지,Unknown_Random,South Korea,2021-06-03,Documentary,,,7
스페이스 잼: 새로운 시대,Unknown_Random,United States,2021-07-15,Animation,14043.0,129582130.0,10
개그 더 크라운,Unknown_Random,United States,2021-07-15,Comedy,,,9
컴 애즈 유 아,Unknown_Random,United States,2021-05-06,Comedy,,,10
마지막 휴가,Unknown_Random,South Korea,2020-12-10,Unknown,,,5
자메이카의 소울: 이나 데 야드,Unknown_Random,France,2021-07-14,Documentary,,,2
음악,Unknown_Random,Japan,2021-07-14,Animation,,,5
더 퍼지: 포에버,Unknown_Random,United States,2021-07-14,Thriller,,,7
열아홉,Unknown_Random,South Korea,2021-06-30,Drama,,,9
발신제한,Unknown_Random,South Korea,2021-06-23,Thriller,949062.0,9059521760.0,6
라이브 하드,Unknown_Random,South Korea,2021-02-25,Drama,,,5
미드나이트,Unknown_Random,South Korea,2021-06-30,Thriller,105121.0,920431160.0,9
트립 투 그리스,Unknown_Random,United Kingdom,2021-07-08,Comedy,,,4
클리닝 레이디,Unknown_Random,United States,2021-07-08,Horror,,,8
미션 임파서블: 루벤,Unknown_Random,Hungary,2021-07-08,Animation,,,8
웬디,Unknown_Random,United States,2021-06-30,Drama,,,7
"식물카페, 온정",Unknown_Random,South Korea,2021-06-24,Unknown,,,2
카발레리아 루스티카나,Unknown_Random,Italy,2021-07-03,Concert,,,3
너는 저편에,Unknown_Random,Japan,2021-07-01,Animation,,,3
시카다 3301,Unknown_Random,United States,2021-07-01,Action,,,7
뮤턴트 워,Unknown_Random,Canada,2021-07-01,Science Fiction,,,4
매직아치,Vasily Rovenskiy,Russia,2021-07-01,Animation,,,7
부동산 실장님은 단백질 도둑녀,Unknown_Random,Japan,2021-06-29,Drama,,,6
인 더 하이츠,Unknown_Random,United States,2021-06-30,Musical,43491.0,397702830.0,2
블라이스 스피릿,Unknown_Random,United Kingdom,2021-06-30,Fantasy,,,9
레일로드 워,Unknown_Random,China,2021-06-30,Action,,,5
더 배니싱,Unknown_Random,United Kingdom,2021-06-30,Horror,,,3
다크 앤드 위키드,Unknown_Random,United States,2021-06-30,Horror,,,8
이웃집 아내를 탐하다,Choi Sung-eun,South Korea,2021-06-22,Drama,,,7
바람난 와이프,Choi Sung-eun,South Korea,2021-06-22,Drama,,,7
어쩌다 하룻밤,Lee Ro-un,South Korea,2021-06-15,Drama,,,7
싸네 마네,Lee Ro-un,South Korea,2021-06-14,Drama,,,7
구해줘! 원나잇,Lee Ro-un,South Korea,2021-06-14,Drama,,,7
바보,Unknown_Random,China,2021-06-10,Drama,,,2
마사지의 신,Unknown_Random,South Korea,2021-06-09,Drama,,,10
홀로도모르:우크라이나 대학살,Unknown_Random,Canada,2021-06-06,Drama,,,7
화이트 온 화이트,Unknown_Random,Spain,2021-06-10,Drama,,,5
"그 여름, 가장 차가웠던",Unknown_Random,China,2021-06-17,Drama,,,8
글래디에이터 드래곤,Unknown_Random,United States,2021-06-25,Fantasy,,,8
레저렉션 이펙트,Unknown_Random,Unknown,2021-06-01,Science Fiction,,,9
카오산 탱고,Unknown_Random,South Korea,2020-07-30,Drama,,,2
어쩌다 스와핑,Choi Sung-eun,South Korea,2021-06-10,Drama,,,7
아찔한 형수,Choi Sung-eun,South Korea,2021-06-10,Drama,,,7
승하의 벗방,Lee Ro-un,South Korea,2021-06-09,Drama,,,7
뱅퀴시,Unknown_Random,United States,2021-06-24,Action,,,3
발칙한 밀애,Choi Sung-eun,South Korea,2021-06-09,Drama,,,7
배틀로얄 : 매드랜드,Unknown_Random,Japan,2021-06-10,Action,,,3
부활: 그 증거,Unknown_Random,South Korea,2020-10-08,Documentary,,,8
크레센도,Unknown_Random,Germany,2021-06-24,Drama,,,6
신해석 삼국지,Fukuda Yuichi,Japan,2021-06-24,Comedy,,,7
북샵,Unknown_Random,Spain,2021-06-24,Drama,,,4
폭력의 그림자,Unknown_Random,United Kingdom,2021-06-17,Crime,,,5
더 데빌,Unknown_Random,South Korea,2021-06-23,Musical,,,7
더 엑시트,Unknown_Random,United States,2021-06-22,Fantasy,,,6
강호아녀,Unknown_Random,France,2021-06-10,Drama,,,6
2067,Unknown_Random,Australia,2021-06-03,Unknown_Random,,,5
"쿠오바디스,아이다",Unknown_Random,Unknown,2021-05-19,Drama,,,8
인트로덕션,Hong Sang-soo,South Korea,2021-05-27,Unknown,,,4
신 테니스의 왕자 효테이 vs 릿카이 : 게임 오브 퓨처 후편,Unknown_Random,Japan,2021-06-09,Animation,,,3
사랑하고 사랑받고 차고 차이고,Unknown_Random,Japan,2021-06-16,Drama,10422.0,88875800.0,9
그레타 툰베리,Unknown_Random,United States,2021-06-17,Documentary,,,3
루카,Unknown_Random,United States,2021-06-17,Animation,367109.0,3357641370.0,5
흐린 하늘에 웃다,Unknown_Random,Japan,2021-06-16,Action,,,2
콰이어트 플레이스 2,Unknown_Random,United States,2021-06-16,Thriller,855221.0,8488960520.0,3
B급 청춘,Unknown_Random,South Korea,2021-06-16,Drama,,,8
소리에 놀라지 않는 사자처럼,Unknown_Random,South Korea,2021-05-19,Documentary,,,6
아야와 마녀,Unknown_Random,Japan,2021-06-10,Animation,19838.0,170931820.0,6
#위왓치유,"Unknown_Random, Unknown_Random",Unknown,2021-06-03,Documentary,,,7
파리의 별빛 아래,Unknown_Random,France,2021-05-05,Drama,,,2
고백,Unknown_Random,South Korea,2021-02-24,Drama,30453.0,215937000.0,8
안티고네,Unknown_Random,Canada,2020-11-19,Drama,,,2
나를 구하지 마세요,Unknown_Random,South Korea,2020-09-10,Drama,,,9
증발,Unknown_Random,South Korea,2020-11-12,Documentary,,,4
캐시트럭,Guy Ritchie,United States,2021-06-09,Action,226334.0,2151247250.0,7
실크 로드,Unknown_Random,United States,2021-06-09,Crime,,,10
프로페서 앤 매드맨,Unknown_Random,United States,2021-06-02,Drama,13103.0,114062350.0,3
분노의 질주: 더 얼티메이트,Unknown_Random,United States,2021-05-19,Action,2276213.0,21935002320.0,7
컨저링3: 악마가 시켰다,Unknown_Random,United States,2021-06-03,Horror,786498.0,7897268320.0,3
뱅드림! 로젤리아 에피소드Ⅰ: 약속,Kakimoto Kodai,Japan,2021-06-03,Animation,12249.0,111842780.0,7
미스피츠,Unknown_Random,United States,2021-06-03,Action,,,7
크루엘라,Unknown_Random,United States,2021-05-26,Drama,1975467.0,19178509920.0,9
울지마 톤즈 2 : 슈크란 바바,Unknown_Random,South Korea,2020-01-09,Documentary,,,3
나의 먼 가족,"Unknown_Random, Unknown_Random, Unknown_Random, Unknown_Random",South Korea,2021-04-01,Unknown,,,7
전주에서 길을 묻다,Unknown_Random,South Korea,2021-06-01,Drama,,,2
스페이스 시그널,Unknown_Random,United States,2021-05-31,Action,,,5
밤빛,Unknown_Random,South Korea,2021-03-04,Drama,,,4
요요현상,Unknown_Random,South Korea,2021-01-14,Documentary,,,2
킬버드,Unknown_Random,Canada,2021-05-28,Thriller,,,5
비와 당신의 이야기,Unknown_Random,South Korea,2021-04-28,Drama,398572.0,3634692350.0,3
초능력 에볼루션,Unknown_Random,United States,2021-05-31,Science Fiction,,,9
펜트하우스 쇼걸,Eroping,South Korea,2021-05-22,Drama,,,7
위험한 생방송,Eroping,South Korea,2021-05-22,Drama,,,7
소녀탈출,Eroping,South Korea,2021-05-22,Drama,,,7
새엄마의 무릎 사이,Unknown_Random,Japan,2021-05-20,Drama,,,7
특공황비2-무적의 적소검,Unknown_Random,China,2021-05-11,Action,,,10
보이저스,Unknown_Random,United States,2021-05-26,Science Fiction,19505.0,163586000.0,3
굴뚝마을의 푸펠,Unknown_Random,Japan,2021-05-26,Animation,20596.0,177406190.0,5
스프링 송,Unknown_Random,South Korea,2021-04-21,Drama,,,3
불어라 검풍아,Unknown_Random,South Korea,2021-04-08,Action,,,5
젊은이의 양지,Shin Su-won,South Korea,2020-10-28,Drama,,,7
구원,Unknown_Random,South Korea,2021-04-08,Thriller,,,5
시니어퀸 : 58년 개띠 여고동창생,Kim Moon-ok,South Korea,2021-05-11,Drama,,,7
스파이: 타임 투 저스티스,Unknown_Random,United States,2021-05-24,Action,,,8
사일런스 앤드 다크니스,Unknown_Random,United States,2021-05-24,Horror,,,6
애플,Unknown_Random,Unknown,2021-05-26,Drama,,,8
아르코 라이브 뮤지컬 인사이드 윌리엄,Unknown_Random,South Korea,2021-05-26,Concert,,,3
써니,Unknown_Random,Japan,2021-05-26,Drama,,,10
메이헴,Unknown_Random,United States,2021-04-08,Action,,,5
어른들은 몰라요,Unknown_Random,South Korea,2021-04-15,Drama,26848.0,262079990.0,9
크루즈 패밀리: 뉴 에이지,Unknown_Random,United States,2021-05-05,Animation,222562.0,1967506340.0,7
더스트맨,Unknown_Random,South Korea,2021-04-07,Drama,,,4
슈퍼노바,Unknown_Random,United Kingdom,2021-05-12,Drama,,,4
쇼크 웨이브 2,Unknown_Random,China,2021-05-20,Action,,,3
신비아파트 뮤지컬 시즌3 : 뱀파이어왕의 비밀,Unknown_Random,South Korea,2021-05-22,Concert,,,9
내일의 기억,Unknown_Random,South Korea,2021-04-21,Mystery,331619.0,3012481750.0,10
잘세우는 여친,Choi Sung-eun,South Korea,2021-05-19,Drama,,,7
은밀한 스캔들,Choi Sung-eun,South Korea,2021-05-17,Drama,,,7
비밀정사,Choi Sung-eun,South Korea,2021-05-17,Drama,,,8
브레이브 언더 파이어: 디 오리지널,Unknown_Random,Russia,2021-05-05,Action,,,4
봉신전설,Unknown_Random,China,2021-05-06,Action,,,5
바꿔서 할까?,Choi Sung-eun,South Korea,2021-05-19,Drama,,,7
달콤한 스캔들,Lee Ro-un,South Korea,2021-05-19,Drama,,,7
크라이시스,Unknown_Random,Germany,2021-05-20,Drama,,,4
무간귀도,Unknown_Random,China,2021-05-20,Action,,,7
푸드 몬스터,Unknown_Random,China,2021-05-19,Animation,,,7
도라에몽: 스탠바이미 2,Unknown_Random,Japan,2021-05-19,Animation,73540.0,641231110.0,8
구독좋아요알림설정,Unknown_Random,United States,2021-05-19,Comedy,,,3
유공자,Unknown_Random,South Korea,2021-03-01,Drama,,,4
아수라도,Unknown_Random,South Korea,2021-03-18,Action,,,9
시 읽는 시간,Lee Su-jeong,South Korea,2021-03-25,Documentary,,,7
링: 더 라스트 챕터,Unknown_Random,China,2021-05-12,Mystery,,,8
커피 오어 티,Unknown_Random,China,2021-03-31,Comedy,,,9
"내 어깨 위 고양이, 밥 2",Unknown_Random,United Kingdom,2020-12-24,Family,,,4
라라의 신비한 모험,Unknown_Random,Unknown,2021-03-18,Animation,,,4
배드 헤어,Unknown_Random,United States,2021-05-05,Horror,,,9
암모나이트,Unknown_Random,United States,2021-03-11,Drama,,,7
복면목사,Unknown_Random,Canada,2021-04-01,Drama,,,8
턴: 더 스트릿,Unknown_Random,South Korea,2021-03-31,Drama,,,7
키퍼스,Unknown_Random,United Kingdom,2021-05-12,Mystery,,,7
파이터,Unknown_Random,South Korea,2021-03-18,Drama,,,2
노가리,Unknown_Random,South Korea,2021-03-31,Drama,,,3
인천스텔라,Unknown_Random,South Korea,2021-03-25,Science Fiction,,,10
트웬티 해커,Unknown_Random,South Korea,2021-03-24,Action,,,5
홈런: 야구소년,Unknown_Random,China,2021-05-13,Documentary,,,9
황무지 5월의 고해,Unknown_Random,South Korea,2020-10-28,Drama,,,7
스파이럴,Unknown_Random,Hungary,2021-05-12,Thriller,128468.0,1274701180.0,3
미스,Unknown_Random,France,2021-05-12,Comedy,,,7
더 스파이,Unknown_Random,United States,2021-04-28,Thriller,303268.0,2801637740.0,5
그리고 방행자,Unknown_Random,South Korea,2021-03-11,Documentary,,,8
더 박스,Unknown_Random,South Korea,2021-03-24,Drama,117302.0,916554460.0,4
8년을 뛰어넘은 신부,Unknown_Random,Japan,2021-05-07,Family,,,3
멀리가지마라,Unknown_Random,South Korea,2021-03-04,Comedy,,,2
탐험왕 엘카노&마젤란: 위대한 첫 번째 항해,Unknown_Random,Spain,2021-05-06,Unknown_Random,,,2
점보,Unknown_Random,France,2021-05-05,Drama,,,6
어쌔신 프리스트 벡맨,Unknown_Random,United States,2021-05-05,Action,,,4
베르테르,Unknown_Random,South Korea,2021-05-05,Musical,,,2
내가 죽기를 바라는 자들,Unknown_Random,United States,2021-05-05,Crime,43017.0,403217600.0,4
여의사 : 잘세움병원,Unknown_Random,South Korea,2021-05-04,Drama,,,9
피델리오,"Unknown_Random, Unknown_Random",Italy,2021-05-01,Concert,,,7
불륜은 바람을 타고 주렁주렁,Unknown_Random,Japan,2021-04-15,Drama,,,3
워 히어로: 솔져 오브 갓,Christopher Forbes,United States,2021-04-19,Action,,,7
오디션 : 너를 보여줘,Eroping,South Korea,2021-04-14,Drama,,,7
볼빨간 가정부,Choi Sung-eun,South Korea,2021-04-09,Drama,,,7
내게 찾아온 사랑,Unknown_Random,United States,2021-04-07,Drama,,,3
바이킹: 블러드 워,Unknown_Random,United States,2021-04-05,Action,,,4
작전 23,Unknown_Random,United States,2021-04-03,Drama,,,6
경성 81호 : 죽지 않는 집,Unknown_Random,Hong Kong,2021-04-02,Thriller,,,9
"영안실, 야간근무자",Unknown_Random,Unknown,2021-04-01,Horror,,,5
미국대전쟁,Christopher Forbes,United States,2021-04-29,Western,,,7
마크맨,Unknown_Random,United States,2021-04-28,Action,15333.0,119439800.0,7
코드 기아스: 부활의 를르슈,Unknown_Random,Japan,2021-04-28,Animation,,,3
베르나르다 알바,Unknown_Random,South Korea,2021-04-28,Concert,,,5
듄: 드리프터,Unknown_Random,United Kingdom,2021-04-28,Science Fiction,,,7
극장판 바다 탐험대 옥토넛 : 불의 고리 대폭발,Unknown_Random,United Kingdom,2021-04-28,Animation,11685.0,95537800.0,10
레 미제라블,Unknown_Random,France,2021-04-15,Drama,,,5
정사4-위험한 사랑,Unknown_Random,United Kingdom,2021-04-22,Drama,,,10
코스믹 씬,Unknown_Random,United States,2021-04-22,Science Fiction,,,8
유다 그리고 블랙 메시아,Unknown_Random,United States,2021-04-22,Drama,,,6
어처구니없는,Unknown_Random,Unknown,2021-04-22,Mystery,,,9
섀도우 클라우드,Unknown_Random,United States,2021-04-22,Science Fiction,,,6
억남,Unknown_Random,Japan,2021-04-21,Drama,,,5
노바디,Unknown_Random,United States,2021-04-07,Action,129310.0,1234615530.0,5
인싸,Lee Su-seong,South Korea,2021-03-04,Action,,,7
코지 판 투테,Unknown_Random,Germany,2021-04-18,Concert,,,8
IS 탈출,Unknown_Random,Unknown,2021-04-15,Action,,,9
이 안에 외계인이 있다,Unknown_Random,South Korea,2021-02-03,Comedy,,,10
더블패티,Unknown_Random,South Korea,2021-02-17,Drama,11267.0,98118780.0,6
타인의 친절,Unknown_Random,United Kingdom,2021-04-07,Drama,6230.0,51915650.0,9
잃어버린 아이들,Unknown_Random,Unknown,2021-04-08,Unknown,,,3
모리타니안,Unknown_Random,United States,2021-03-17,Thriller,39885.0,357552870.0,2
"사랑하고 사랑받고, 차고 차이고",Unknown_Random,Japan,2021-04-08,Animation,,,4
족벌 두 신문 이야기,"Kim Yong-jin, Unknown_Random",South Korea,2021-01-01,Documentary,,,7
아이카,Unknown_Random,Unknown,2021-03-25,Drama,,,4
천녀유혼: 인간정,Unknown_Random,China,2021-04-08,Fantasy,,,9
기생춘 감독판,Unknown_Random,South Korea,2021-04-09,Comedy,,,10
더 파더,Unknown_Random,United Kingdom,2021-04-07,Drama,29366.0,251666300.0,7
패트리어트,Unknown_Random,United States,2021-04-08,Action,,,9
테이큰 하드체이싱,Unknown_Random,United States,2021-04-08,Action,,,6
모탈 컴뱃,Unknown_Random,United States,2021-04-08,Action,29517.0,308460310.0,9
피넛 버터 팔콘,"Unknown_Random, Unknown_Random",United States,2021-04-07,Drama,,,7
"킬링,",Unknown_Random,Japan,2021-04-07,Drama,,,4
아르코 라이브 무용 고요한 순환,Unknown_Random,South Korea,2021-04-07,Concert,,,7
리얼돌 : 섹스마네킹,Unknown_Random,South Korea,2021-04-05,Drama,,,5
카르멘,Unknown_Random,Italy,2021-04-03,Concert,,,10
초능력소년사건,Unknown_Random,China,2020-05-28,Drama,,,6
소리꾼,Jo Jung-rae,South Korea,2020-07-01,Historical Drama,74724.0,609107640.0,7
로스트 걸 & 러브호텔,Unknown_Random,United States,2021-03-24,Drama,,,3
동생의 여친을 탐하다,Choi Sung-eun,South Korea,2021-03-24,Drama,,,7
야쿠자의 딸: 벌컥벌컥 삼킨 물,Unknown_Random,Japan,2021-03-26,Drama,,,9
초대받은 배달부 무삭제판,Lee Sang-soo,South Korea,2021-03-18,Unknown,,,7
쓰리썸씽,Unknown_Random,United States,2021-03-18,Comedy,,,2
비밀 키스: 슈퍼스타 전 여친,Unknown_Random,Japan,2021-03-12,Drama,,,4
끝난 사람,Unknown_Random,Japan,2021-03-17,Comedy,,,6
하드코어,Yamashita Nobuhira,Japan,2021-03-18,Comedy,,,7
아내의 몸으로 생계유지,Unknown_Random,Japan,2021-03-12,Drama,,,6
싱크로닉,"Unknown_Random, Unknown_Random",United States,2021-04-01,Science Fiction,,,7
리틀 조,Unknown_Random,"Austria, United Kingdom, Germany, France",2021-04-01,Drama,,,7
BBC프롬스: 거슈윈 영화 음악 콘서트,Unknown_Random,Germany,2021-04-01,Concert,,,10
콘플릭트:비열한 거래,Unknown_Random,Japan,2021-03-31,Action,,,9
악녀의 악연,Unknown_Random,Japan,2021-03-31,Thriller,,,7
스파이의 아내,Unknown_Random,Japan,2021-03-25,Drama,,,6
반딧불이 딘딘과 용감한 곤충 탐험대,Unknown_Random,China,2021-03-25,Animation,,,3
원초적 본능,Unknown_Random,United States,2021-03-18,Mystery,,,9
실종: 사라진 사람들,Unknown_Random,United States,2021-03-18,Horror,,,3
막주기로 소문난 도쿄새댁,Unknown_Random,Japan,2021-03-12,Drama,,,4
형수사용설명서,Unknown_Random,South Korea,2021-03-01,Drama,,,5
나는신혼너는재혼,Unknown_Random,South Korea,2021-03-01,Drama,,,6
킬러파티 (양수리 살인사건),Unknown_Random,South Korea,2021-03-31,Concert,,,9
출동! 시크릿 보틀 수호대,Unknown_Random,South Korea,2021-03-24,Animation,,,4
여선생4,Choi Sung-eun,South Korea,2021-03-10,Drama,,,7
음란한 며느리,Unknown_Random,Japan,2021-03-09,Drama,,,6
섹스솔루션,Unknown_Random,South Korea,2021-03-09,Drama,,,10
스카이라인: 라스트 워,Unknown_Random,United States,2021-03-08,Science Fiction,,,10
프로젝트 마스,Unknown_Random,Russia,2021-03-18,Science Fiction,,,8
사정의 불시착,Choi Sung-eun,South Korea,2021-03-04,Drama,,,7
바이러스 Z: 백신 대참사,Unknown_Random,United States,2021-03-29,Horror,,,4
노 맨스 랜드,Unknown_Random,United States,2021-03-22,Action,,,5
300: 전사의 귀환,Christopher Forbes,United States,2021-03-22,Action,,,7
남편의 초대남,Choi Sung-eun,South Korea,2021-03-09,Drama,,,7
루시드 드림,Unknown_Random,Hong Kong,2021-03-02,Fantasy,,,2
땀샘터진 형수님,Unknown_Random,Japan,2021-03-02,Drama,,,9
남편의 관음 : 낯선 남자들,Unknown_Random,Japan,2021-03-02,Drama,,,5
주짓수,Unknown_Random,United States,2021-03-01,Action,,,3
미션 파서블,Unknown_Random,South Korea,2021-02-17,Comedy,434426.0,3964552760.0,2
이웃사촌,Unknown_Random,South Korea,2020-11-25,Drama,427141.0,3668929700.0,6
미스터 주: 사라진 VIP,Unknown_Random,South Korea,2020-01-22,Comedy,587819.0,4947984680.0,9
돌멩이,Unknown_Random,South Korea,2020-10-15,Drama,15970.0,134757400.0,4
특명: 스피드 레스큐,Unknown_Random,Hong Kong,2021-03-29,Action,,,2
솔져스 리벤지,Unknown_Random,United States,2021-03-25,Action,,,3
디 아더 사이드,"Unknown_Random, Unknown_Random",Unknown,2021-03-25,Horror,,,7
고질라 VS. 콩,Unknown_Random,United States,2021-03-25,Action,698084.0,6722237990.0,5
신 테니스의 왕자 효테이 vs 릿카이 : 게임 오브 퓨처 전편,Unknown_Random,Japan,2021-03-24,Animation,,,3
국카스텐 콘서트 실황 : 해프닝,Unknown_Random,South Korea,2021-03-24,Concert,,,6
큰엄마의 미친봉고,Unknown_Random,South Korea,2021-01-21,Comedy,,,10
욕정의 며느리3,Unknown_Random,Japan,2020-12-10,Drama,,,4
기도하는 남자,Unknown_Random,South Korea,2020-02-20,Drama,,,6
루비,Unknown_Random,South Korea,2020-07-30,Drama,,,6
남매의 여름밤,Unknown_Random,South Korea,2020-08-20,Drama,15023.0,123008490.0,6
토이 솔져스: 가짜사나이2 더 컴플리트,Oh Yoon-dong,South Korea,2021-01-27,Documentary,7991.0,75326300.0,9
크루아상,Jo Sung-kyu,South Korea,2021-01-21,Drama,,,7
"오늘, 우리 2","Unknown_Random, Unknown_Random, Unknown_Random, Unknown_Random",South Korea,2021-01-21,Drama,,,7
스매시 앤 그랩: 보석강도단 핑크 팬더,Unknown_Random,United Kingdom,2021-03-11,Documentary,,,9
아일로,Unknown_Random,France,2021-03-18,Documentary,,,10
더 킹: 독립 전쟁,Unknown_Random,Poland,2021-03-18,War,,,9
브레이브 언더 파이어,Unknown_Random,Russia,2021-03-17,Action,9202.0,74615800.0,8
타이만,Unknown_Random,Japan,2021-03-16,Action,,,2
버스납치 리턴즈,Unknown_Random,Japan,2021-03-16,Comedy,,,8
포제서,Unknown_Random,Canada,2021-03-11,Thriller,,,8
잔칫날,Unknown_Random,South Korea,2020-12-02,Drama,7073.0,56134850.0,5
부활,Unknown_Random,South Korea,2020-07-09,Documentary,,,9
늑대와 빨간 재킷,Unknown_Random,France,2021-02-03,Thriller,,,6
내일도 우린 사랑하고 있을까,Unknown_Random,China,2021-03-11,Drama,,,3
더 터널,Unknown_Random,Unknown,2021-03-04,Action,,,6
미드나이트 스카이,Unknown_Random,United States,2020-12-09,Drama,5094.0,44292400.0,10
렛 힘 고,Unknown_Random,United States,2020-11-05,Crime,,,6
웨이 다운,Unknown_Random,Spain,2021-03-11,Action,9801.0,86858810.0,5
아이 씨 유,Unknown_Random,United Kingdom,2021-03-11,Thriller,6985.0,65005110.0,9
리스타트,Unknown_Random,United States,2021-03-11,Action,38131.0,342245050.0,10
퍼펙트 케어,Unknown_Random,United States,2021-02-19,Crime,21576.0,181249000.0,9
"구라, 베토벤",Unknown_Random,South Korea,2021-02-25,Unknown,,,3
게임의 법칙: 인간사냥,Lee Su-seong,South Korea,2021-01-28,Thriller,,,7
페이트 스테이 나이트 헤븐즈필 제3장 스프링 송,Unknown_Random,Japan,2020-10-22,Animation,60390.0,552036460.0,8
카오스 워킹,Unknown_Random,United States,2021-02-24,Unknown_Random,138887.0,1164698860.0,9
간이역,Unknown_Random,South Korea,2021-02-18,Drama,,,7
라야와 마지막 드래곤,"Unknown_Random, Unknown_Random",United States,2021-03-04,Animation,312814.0,2891566280.0,7
신패왕화 : 예스마담,Unknown_Random,Hong Kong,2021-03-04,Action,,,4
람보-특별판,Unknown_Random,United States,2021-03-04,Action,,,9
3개의 얼굴들,Unknown_Random,France,2021-03-04,Drama,,,5
주세페 베르디의 '레퀴엠',Unknown_Random,Italy,2021-03-02,Concert,,,5
천사는 바이러스,Unknown_Random,South Korea,2021-01-06,Drama,,,8
열혈형사,Unknown_Random,South Korea,2020-06-18,Comedy,,,2
낙엽귀근,Unknown_Random,China,2020-09-24,Comedy,,,5
후쿠오카,Unknown_Random,South Korea,2020-08-27,Drama,,,4
프랑스여자,Unknown_Random,South Korea,2020-06-04,Drama,8548.0,65245420.0,2
럭키 몬스터,Unknown_Random,South Korea,2020-12-03,Drama,,,3
욕창,Unknown_Random,South Korea,2020-07-02,Drama,,,4
BBC프롬스: 그라치니테-틸라와 버밍엄 심포니,Unknown_Random,Germany,2021-03-02,Concert,,,3
노리개 가정부,Choi Sung-eun,South Korea,2021-02-26,Drama,,,7
더 허니문,Unknown_Random,Germany,2021-02-25,Science Fiction,,,9
잘세우는 도우미,Choi Sung-eun,South Korea,2021-02-23,Drama,,,7
우당탕탕 캠핑가족,Unknown_Random,Hong Kong,2021-02-15,Comedy,,,3
콩가루 모녀의 최후,Unknown_Random,Japan,2021-02-10,Drama,,,10
레컨,Unknown_Random,United States,2021-02-27,War,,,7
방황하는 네덜란드인,Unknown_Random,Germany,2021-02-28,Concert,,,7
365일: 비밀의 여자,Unknown_Random,United States,2021-02-08,Thriller,,,6
캔디 위치,Unknown_Random,United States,2021-02-08,Horror,,,6
무사: 400 vs 1,Unknown_Random,Japan,2021-02-08,Action,,,9
홀리데이 헬,Unknown_Random,United States,2021-02-03,Horror,,,4
아포칼립스: 최후의 날,Unknown_Random,United States,2021-02-03,Comedy,,,6
더 넌 : 돌아온 저주,Unknown_Random,United States,2021-02-03,Horror,,,6
내 여자의 변태욕정 무삭제판,Unknown_Random,South Korea,2021-02-02,Drama,,,2
스마일 페이스 킬러,Unknown_Random,United States,2021-02-04,Horror,,,2
당신이 기쁘다면 무삭제판,Han Dong-ho,South Korea,2021-02-01,Drama,,,7
선샤인 패밀리,Unknown_Random,"South Korea, Philippines",2020-12-31,Drama,,,9
처제지만 괜찮아,Choi Sung-eun,South Korea,2021-02-19,Drama,,,7
잘빠진 과외선생,Choi Sung-eun,South Korea,2021-02-19,Drama,,,7
일론 머스크: 리얼 아이언맨,Unknown_Random,United Kingdom,2021-02-11,Documentary,,,4
가정부의 유혹,Choi Sung-eun,South Korea,2021-02-04,Drama,,,7
BJ노는이모2,Choi Sung-eun,South Korea,2021-02-19,Drama,,,7
웰컴 투 X-월드,Unknown_Random,South Korea,2020-10-29,Documentary,,,2
69세,Unknown_Random,South Korea,2020-08-20,Drama,,,3
헬렌: 내 영혼의 자화상,Unknown_Random,Unknown,2021-02-25,Drama,,,6
극장판 페이트/그랜드 오더 신성원탁영역 카멜롯 완더링; 아가트람,Unknown_Random,Japan,2021-02-25,Animation,,,5
프리즈너,Unknown_Random,South Korea,2020-07-23,Action,,,6
스웨그,Unknown_Random,South Korea,2020-12-10,Drama,,,6
톰과 제리,Unknown_Random,United States,2021-02-24,Animation,130666.0,1121569440.0,3
워 위드 그랜파,Unknown_Random,United States,2021-02-24,Comedy,10379.0,83891230.0,5
리틀드래곤 코코넛2: 정글대탐험,Unknown_Random,Germany,2021-02-24,Animation,,,6
더 레이서,Unknown_Random,Unknown,2021-02-24,Drama,10918.0,89406830.0,4
블랙페이스,Unknown_Random,Japan,2021-02-23,Action,,,6
드래곤블랙,Ishikawa Jiro,Japan,2021-02-23,Action,,,7
세트플레이,Unknown_Random,South Korea,2020-12-10,Drama,,,7
낮손님,Unknown_Random,South Korea,2020-04-15,Comedy,,,2
페어웰,Unknown_Random,"United States, China",2021-02-04,Family,7454.0,62637000.0,9
라스트 특공대,Unknown_Random,"Brazil, Italy, Portugal",2021-02-18,War,,,10
마리오네트,Unknown_Random,Netherlands,2021-02-17,Mystery,5800.0,48043800.0,7
"이별유예, 일주일",Unknown_Random,South Korea,2020-12-09,Drama,,,5
바바 야가: 숲의 악령,Unknown_Random,Russia,2021-02-18,Horror,,,4
시간의 끝에서 널 기다려,Unknown_Random,Hong Kong,2021-02-17,Drama,,,2
인투 더 미러,Unknown_Random,Canada,2021-02-17,Science Fiction,,,6
디지몬 어드벤처 : 라스트 에볼루션 인연,Unknown_Random,Japan,2021-02-17,Animation,,,3
용루각: 비정도시,Unknown_Random,South Korea,2020-12-03,Action,,,7
어니스트 씨프,Unknown_Random,United States,2021-02-03,Action,76970.0,684328000.0,7
데스 오브 미,Unknown_Random,Unknown,2021-02-05,Horror,,,9
황금화 : 엄마의 일기,Unknown_Random,Hong Kong,2021-01-25,Drama,,,9
해브 어 나이스 데이,Unknown_Random,China,2021-01-25,Animation,,,10
이모네 미용실 문 닫는 날,Eroping,South Korea,2021-01-25,Drama,,,7
에이전트 미스터 찬,Unknown_Random,China,2021-01-25,Comedy,,,9
여직원의 육체영업,Unknown_Random,Japan,2021-01-22,Drama,,,8
막나가는 남편후배,Unknown_Random,Japan,2021-01-22,Drama,,,8
기운센 시아버지,Unknown_Random,Japan,2021-01-22,Drama,,,7
금의위 3인의 무사,Deng Yancheng,China,2021-01-21,Action,,,7
인턴의 입사교육,Unknown_Random,Japan,2021-01-14,Drama,,,6
베이 오브 사일런스,Unknown_Random,United Kingdom,2021-01-14,Mystery,,,7
미소녀 파라다이스 베이글녀 마을,Eroping,South Korea,2021-01-12,Drama,,,7
파이널 리벤지,Unknown_Random,Turkey,2021-01-09,War,,,3
소녀 소리를 보는 소녀,Eroping,South Korea,2021-01-08,Drama,,,7
마녀 마음을 듣는 소녀,Eroping,South Korea,2021-01-08,Drama,,,7
온천장 붕가붕가,Unknown_Random,Japan,2021-01-06,Drama,,,4
구멍청소부,Unknown_Random,Japan,2021-01-06,Drama,,,5
호라이즌 라인,Unknown_Random,United States,2021-02-10,Thriller,,,4
ARKO LIVE 뮤지컬 시데레우스,Unknown_Random,South Korea,2021-02-11,Musical,,,7
로그시티,Unknown_Random,France,2021-02-11,Crime,,,9
송가인 더 드라마,"Unknown_Random, Unknown_Random",South Korea,2021-02-11,Concert,11394.0,131325000.0,7
폴리스,Unknown_Random,France,2021-02-10,Drama,,,9
엘프,Unknown_Random,Germany,2021-02-10,Animation,,,6
살아남은 사람들,Unknown_Random,Hungary,2021-02-10,Drama,,,9
몬스터 헌터,Unknown_Random,United States,2021-02-10,Action,100210.0,955470450.0,5
스푸트닉,Unknown_Random,Russia,2021-02-04,Science Fiction,,,5
100% 울프: 푸들이 될 순 없어,Unknown_Random,Australia,2020-12-24,Animation,14781.0,117864080.0,9
데스 숏컷,Unknown_Random,Unknown,2021-02-03,Fantasy,,,5
힐빌리의 노래,Unknown_Random,United States,2020-11-11,Drama,,,7
더 시크릿,Unknown_Random,United Kingdom,2021-01-21,Thriller,,,2
맹크,Unknown_Random,United States,2020-11-18,Drama,,,6
모추어리 컬렉션,Unknown_Random,United States,2021-01-21,Fantasy,,,5
완벽한 가족,Unknown_Random,United States,2021-01-06,Drama,5297.0,47697340.0,3
소울,Unknown_Random,United States,2021-01-20,Animation,2036088.0,18920668890.0,8
뮤직 앤 리얼리티,"Unknown_Random, Unknown_Random","South Korea, United States",2020-12-23,Drama,,,7
칙 파이트,Unknown_Random,United States,2021-02-04,Action,,,8
어쌔신 게임,Unknown_Random,United States,2021-02-04,Crime,,,9
알파 테스트,Unknown_Random,United States,2021-02-04,Science Fiction,,,2
미드나잇 버스,Unknown_Random,Japan,2021-02-04,Drama,,,9
내겐 너무 어려운 연애,Unknown_Random,Italy,2021-02-04,Comedy,,,8
개 같은 것들,Unknown_Random,South Korea,2020-12-17,Drama,,,2
서바이브 더 나잇,Unknown_Random,United States,2021-02-03,Action,,,5
앙상블,Unknown_Random,South Korea,2020-11-05,Drama,,,10
BBC프롬스: 아르헤리치와 바렌보임 콘서트,Unknown_Random,Germany,2021-02-02,Concert,,,6
내언니전지현과 나,Unknown_Random,South Korea,2020-12-03,Documentary,,,9
라스칼라 갈라 콘서트: 별들을 다시 보려고,Unknown_Random,Italy,2021-02-01,Concert,,,10
웬디고: 전설의 몬스터,Unknown_Random,United States,2021-01-25,Horror,,,6
기기괴괴 성형수,Unknown_Random,South Korea,2020-09-09,Horror,87463.0,779456800.0,3
사일런싱,Unknown_Random,United States,2021-01-28,Horror,,,5
미스터 존스,Unknown_Random,Poland,2021-01-07,Drama,5668.0,50834750.0,9
명탐정 코난: 진홍의 수학여행,Unknown_Random,Japan,2021-01-27,Animation,54458.0,459905520.0,4
디노소어 어드벤쳐,Unknown_Random,United States,2021-01-27,Unknown_Random,,,3
나이트 언데드,Unknown_Random,United States,2021-01-27,Mystery,,,4
골든맨,Unknown_Random,Italy,2021-01-27,Crime,,,9
국도극장: 감독판,Unknown_Random,South Korea,2020-05-29,Drama,,,9
사라진 시간,Unknown_Random,South Korea,2020-06-18,Mystery,185385.0,1649096880.0,7
라이어트: 기계들의 역습,Unknown_Random,United States,2020-12-23,Science Fiction,,,5
파힘,Unknown_Random,France,2021-01-21,Drama,4701.0,35937300.0,2
제이티 르로이,Unknown_Random,United States,2021-01-21,Drama,,,8
438일,Unknown_Random,Unknown,2021-01-21,Drama,,,10
커넥트,Unknown_Random,United States,2021-01-20,Horror,11203.0,100639040.0,5
라스트 프론티어,Unknown_Random,Russia,2021-01-14,War,,,2
아이 엠 우먼,Unknown_Random,Australia,2021-01-14,Drama,22918.0,186954270.0,9
다시 만난 날들,Unknown_Random,South Korea,2020-09-24,Musical,,,3
미스캡틴 : 섹시 히어로즈,Unknown_Random,United States,2021-01-14,Action,,,10
걸,Unknown_Random,Germany,2021-01-07,Drama,3045.0,28537710.0,10
블라인드,Unknown_Random,Netherlands,2021-01-14,Drama,15594.0,138729200.0,5
버스납치,Unknown_Random,Japan,2021-01-15,Comedy,,,9
요가학원 : 죽음의 쿤달리니,"Jeon Jae-hong, Unknown_Random",South Korea,2020-11-18,Horror,,,7
버든: 세상을 바꾸는 힘,Unknown_Random,United States,2020-11-25,Drama,,,5
나의 작은 동무,Unknown_Random,Unknown,2021-01-14,Drama,,,10
누군가 어디에서 나를 기다리면 좋겠다,Unknown_Random,France,2020-12-17,Drama,,,6
래시 컴 홈,Unknown_Random,Germany,2021-01-07,Family,,,9
나이팅게일,Unknown_Random,Australia,2020-12-30,Thriller,10620.0,86249740.0,7
탱크 투 베를린,Unknown_Random,Russia,2020-12-23,Action,,,5
그날이 온다,Unknown_Random,United Kingdom,2020-12-09,Comedy,,,3
사라센의 칼,Unknown_Random,South Korea,2021-01-14,Drama,,,9
빛의 아버지: 파이널 판타지 XIV,"Unknown_Random, Unknown_Random",Japan,2021-01-14,Drama,,,7
애비규환,Unknown_Random,South Korea,2020-11-12,Drama,16154.0,148575910.0,6
테우리,Unknown_Random,South Korea,2020-07-09,Drama,,,4
여름날,Unknown_Random,South Korea,2020-08-20,Drama,,,6
블러드하운드,Unknown_Random,United States,2021-01-07,Mystery,,,10
인플루언서,Unknown_Random,South Korea,2020-11-25,Documentary,,,4
삼진그룹 영어토익반,Lee Jong-pil,South Korea,2020-10-21,Drama,1565712.0,13937434430.0,8
우리 안의 그들,"Unknown_Random, Unknown_Random, Unknown_Random",South Korea,2020-11-01,Unknown,,,7
빅풋 주니어2: 패밀리가 떴다,"Unknown_Random, Unknown_Random",Unknown,2021-01-06,Animation,13524.0,112699280.0,7
도망친 여자,Hong Sang-soo,South Korea,2020-09-17,Drama,4084.0,35445850.0,8
에듀케이션,Unknown_Random,South Korea,2020-11-26,Drama,,,2
레전더리 콘서트: 레너드 번스타인,Unknown_Random,Germany,2021-01-03,Concert,,,8
더러운아내 무삭제판,Choi Jeong-ja,South Korea,2020-12-23,Drama,,,7
시진5,Unknown_Random,United States,2020-12-15,Horror,,,5
발정난 동창,Unknown_Random,Japan,2020-12-10,Drama,,,3
계부의 욕정,Unknown_Random,Japan,2020-12-10,Drama,,,8
메가 블리자드,Unknown_Random,United States,2020-12-07,Horror,,,4
노리개가 된 젊은 사모님,Unknown_Random,Japan,2020-12-01,Drama,,,3
코벤,Unknown_Random,United States,2020-12-10,Horror,,,6
죽고 싶은 인간들의 밤,Unknown_Random,United States,2020-12-21,Horror,,,6
스페셜 솔져,Unknown_Random,Poland,2020-12-22,Action,,,6
로마-저항군의 탄생,Unknown_Random,United Kingdom,2020-12-10,Action,,,9
런 런 런,Unknown_Random,United States,2020-12-28,Horror,,,6
라이즈 오브 워리어 퀸: 부디카,Unknown_Random,United Kingdom,2020-12-16,Action,,,3
돈 스피크,Scott Jeffrey,United States,2020-12-14,Horror,,,7
클라운 돌,Scott Jeffrey,United States,2020-12-23,Horror,,,7
전쟁,Unknown_Random,United States,2020-12-30,Action,,,10
뱅가드,Unknown_Random,China,2020-12-30,Action,28655.0,240577600.0,8
봉쇄수도원 카르투시오,Unknown_Random,South Korea,2020-11-19,Documentary,,,6
추억의 검정고무신,Unknown_Random,South Korea,2020-11-19,Animation,17582.0,143923600.0,7
소리도 없이,Unknown_Random,South Korea,2020-10-15,Crime,401693.0,3545044680.0,10
붉은 눈,Unknown_Random,Japan,2020-12-24,Mystery,,,2
남산의 부장들,Woo Min-ho,South Korea,2020-01-22,Drama,4748005.0,41206628790.0,9
장마,"Unknown_Random, Unknown_Random",South Korea,2020-02-27,Documentary,,,7
작은 빛,Unknown_Random,South Korea,2020-01-23,Drama,,,5
이장,Unknown_Random,South Korea,2020-03-25,Drama,,,10
저 산 너머,Choi Jong-tae,South Korea,2020-04-30,Drama,93831.0,699868580.0,7
유령선,Unknown_Random,South Korea,2020-04-15,Documentary,15591.0,139011300.0,3
정직한 후보,Unknown_Random,South Korea,2020-02-12,Comedy,1529330.0,12794300850.0,4
야구소녀,Unknown_Random,South Korea,2020-06-18,Drama,28388.0,245870140.0,8
악몽,Unknown_Random,South Korea,2020-03-12,Mystery,,,10
아홉 스님,Unknown_Random,South Korea,2020-05-27,Drama,17249.0,105457800.0,8
아이즈 온 미 : 더 무비,Park Jae-seok,South Korea,2020-06-10,Concert,37743.0,487027000.0,7
좀비파이터,Unknown_Random,South Korea,2020-04-16,Horror,,,9
좋은 여자,Jeon Kyu-hwan,South Korea,2020-05-28,Drama,,,7
죽도 서핑 다이어리,Unknown_Random,South Korea,2020-05-07,Drama,,,10
지푸라기라도 잡고 싶은 짐승들,Unknown_Random,South Korea,2020-02-19,Thriller,618938.0,5371297170.0,7
슈팅걸스,Unknown_Random,South Korea,2020-05-06,Drama,,,9
찬실이는 복도 많지,Unknown_Random,South Korea,2020-03-05,Drama,,,8
"센베노,평창",Unknown_Random,South Korea,2020-01-01,Documentary,,,6
성혜의 나라,Unknown_Random,South Korea,2020-01-30,Drama,,,7
창은,Unknown_Random,South Korea,2020-02-01,Drama,,,10
설화,Unknown_Random,South Korea,2020-04-16,Thriller,,,3
침입자,Unknown_Random,South Korea,2020-06-04,Mystery,529259.0,4788172040.0,4
서치 아웃,Unknown_Random,South Korea,2020-04-15,Thriller,31624.0,276920520.0,6
산티아고의 흰 지팡이,Unknown_Random,South Korea,2020-03-19,Documentary,,,10
파도를 걷는 소년,Unknown_Random,South Korea,2020-05-14,Drama,,,6
비행,Unknown_Random,South Korea,2020-03-19,Drama,,,9
핑크퐁 시네마 콘서트 : 우주대탐험,Byun Hee-sun,South Korea,2020-01-30,Animation,,,7
바람의 언덕,Unknown_Random,South Korea,2020-04-23,Drama,,,5
하트,Unknown_Random,South Korea,2020-02-27,Drama,,,8
해치지않아,Unknown_Random,South Korea,2020-01-15,Comedy,1217492.0,10226508060.0,8
몽마르트 파파,Unknown_Random,South Korea,2020-01-09,Documentary,,,6
호텔 레이크,Unknown_Random,South Korea,2020-04-29,Horror,61129.0,517984060.0,7
혼 : 공포의 시작,Unknown_Random,South Korea,2020-02-13,Horror,,,8
대전 블루스,Unknown_Random,South Korea,2020-04-23,Drama,,,8
꼴통 2인조,Unknown_Random,South Korea,2020-04-09,Action,,,3
김일성의 아이들,Unknown_Random,South Korea,2020-06-25,Documentary,,,10
극장판 미니특공대: 공룡왕 디노,Unknown_Random,South Korea,2020-02-06,Animation,71671.0,559526960.0,10
그녀의 비밀정원,Unknown_Random,South Korea,2020-04-22,Drama,,,10
국도극장,Unknown_Random,South Korea,2020-05-29,Drama,,,6
공수도,Unknown_Random,South Korea,2020-04-09,Action,,,7
고양이 집사,Unknown_Random,South Korea,2020-05-14,Documentary,,,3
결백,Unknown_Random,South Korea,2020-06-10,Drama,894025.0,7859629340.0,5
#살아있다,Unknown_Random,South Korea,2020-06-24,Drama,1900331.0,15946026420.0,4
원더 우먼 1984,Unknown_Random,United States,2020-12-23,Action,544186.0,4915085650.0,5
얼굴없는 보스: 못다한 이야기 감독판,Unknown_Random,South Korea,2020-05-13,Crime,,,7
청춘빌라 살인사건,Unknown_Random,South Korea,2020-01-02,Comedy,,,6
잊지 않았어요,Unknown_Random,South Korea,2020-01-01,Unknown,,,3
호프,Unknown_Random,Unknown,2020-12-17,Drama,,,8
용감한 토끼 당당이,Unknown_Random,China,2020-12-17,Animation,,,7
관음증 남편 : 거유 아내,Unknown_Random,Japan,2020-12-08,Drama,,,4
리플레이,Unknown_Random,United States,2020-12-16,Drama,9933.0,82502050.0,3
마음 울적한 날엔,"Unknown_Random, Unknown_Random, Unknown_Random",South Korea,2020-10-08,Drama,,,7
세인트 아가타,Unknown_Random,United States,2020-03-19,Horror,9666.0,86641940.0,6
더 테러리스트,Unknown_Random,Unknown,2020-02-26,Crime,,,9
디어 마이 지니어스,Unknown_Random,South Korea,2020-10-22,Documentary,,,3
더 프롬,Unknown_Random,United States,2020-12-02,Comedy,23577.0,205048340.0,9
나의 인생여행,Unknown_Random,United Kingdom,2020-12-10,Drama,,,8
엽문 리부트 2020,Unknown_Random,China,2020-11-26,Action,,,3
해머 오브 갓,Unknown_Random,United Kingdom,2020-11-25,Action,,,8
인퍼머스,Unknown_Random,United States,2020-11-11,Crime,,,8
얼론,Unknown_Random,United States,2020-11-18,Action,,,6
트라이얼 오브 더 시카고 7,Unknown_Random,United States,2020-10-07,Drama,,,2
프리키 데스데이 순한맛,Unknown_Random,United States,2020-12-10,Comedy,,,10
스카이와 친구들: 로보시티의 비밀,Unknown_Random,Unknown,2020-12-10,Animation,,,3
머리카락,Unknown_Random,South Korea,2020-12-10,Documentary,,,4
레벨 16,Unknown_Random,Canada,2020-12-10,Thriller,,,4
800,Unknown_Random,China,2020-12-10,War,14251.0,124573000.0,9
외설마사지 고삐풀린아내,Unknown_Random,Japan,2020-12-08,Drama,,,3
아내의 내조 : 빼앗긴 아내,Nagira Kenzo,Japan,2020-12-08,Drama,,,7
더 게이트,Unknown_Random,Spain,2020-12-08,Drama,,,3
종이꽃,Unknown_Random,South Korea,2020-10-22,Drama,4957.0,42492670.0,8
그리고 우린 춤을 추었다,Unknown_Random,France,2020-11-25,Drama,,,2
알피니스트 - 어느 카메라맨의 고백,"Unknown_Random, Unknown_Random",South Korea,2020-10-15,Documentary,,,7
극장판 기븐,Unknown_Random,Japan,2020-11-26,Animation,,,7
불량한 가족,Unknown_Random,South Korea,2020-07-09,Comedy,,,3
파티마의 기적,Unknown_Random,United States,2020-12-03,Drama,14665.0,117531000.0,3
태양을 삼켜버린 자들,Unknown_Random,Australia,2020-12-03,Crime,,,9
로맨틱 코미디,Unknown_Random,United States,2020-12-03,Documentary,,,8
피원에이치 : 새로운 세계의 시작,Unknown_Random,South Korea,2020-10-08,Drama,,,7
레전더리 콘서트: 카를로스 클라이버,Unknown_Random,Germany,2020-12-02,Concert,,,4
누군가 있다,Unknown_Random,United States,2020-11-27,Horror,,,10
싸이코: 13번째 희생자,Unknown_Random,United States,2020-12-01,Horror,,,5
토스카,Unknown_Random,Italy,2020-12-01,Concert,,,8
저주받은 이야기들,Unknown_Random,United States,2020-11-18,Comedy,,,5
미샤 버튼의 감금,Unknown_Random,United States,2020-11-18,Horror,,,8
데드맨 스탠딩,Unknown_Random,United States,2020-11-17,Thriller,,,7
루아나의 세계,Unknown_Random,United States,2020-11-16,Drama,,,6
고객센터: 살인예고,Unknown_Random,Hungary,2020-11-15,Thriller,,,10
편의점 알바생 변태사장의교육,Han Dong-ho,South Korea,2020-11-13,Drama,,,7
화이트 블러드,Unknown_Random,Hungary,2020-11-04,Crime,,,3
별에서 온 순임,Unknown_Random,South Korea,2020-11-10,Drama,,,7
도둑까치,Unknown_Random,Italy,2020-11-03,Concert,,,9
놈놈놈: 캔자스의 무법자,Christopher Forbes,United States,2020-11-02,Action,,,7
검은 사제들: 지옥의 문,Unknown_Random,"United States, France, Unknown",2020-11-02,Horror,,,3
해피 데스데이: 악마의 큐피드,Scott Jeffrey,United States,2020-11-30,Horror,,,7
데빌 인사이드 미,Unknown_Random,Canada,2020-11-30,Horror,,,10
라 보엠,Unknown_Random,Germany,2020-11-29,Concert,,,3
사이버 브라이드,Unknown_Random,United States,2020-11-25,Science Fiction,,,8
택스 콜렉터,Unknown_Random,United States,2020-11-18,Action,14498.0,112372040.0,6
콴타: 외계와의 조우,Unknown_Random,Australia,2020-11-18,Science Fiction,,,7
스토커 광기의 살인,Unknown_Random,Hungary,2020-11-16,Thriller,,,5
몰록 제물이 된 아이들,Unknown_Random,Hungary,2020-11-04,Thriller,,,10
더 듀얼,Unknown_Random,United States,2020-11-19,Crime,,,4
프린세스 에미: 마법 책의 비밀,Unknown_Random,Germany,2020-11-26,Animation,,,5
지옥의 묵시록 파이널 컷,Unknown_Random,United States,2020-11-26,War,,,8
런,Unknown_Random,United States,2020-11-20,Mystery,280569.0,2576241880.0,5
프리키 데스데이,Unknown_Random,United States,2020-11-25,Comedy,49292.0,429657150.0,6
최미역행,Unknown_Random,China,2020-11-25,Drama,,,7
로그,Unknown_Random,United States,2020-11-25,Action,,,7
나이스 걸 라이크 유,Unknown_Random,United States,2020-11-18,Comedy,,,3
어게인,Unknown_Random,South Korea,2020-07-30,Musical,,,2
피아니스트의 마지막 인터뷰,Unknown_Random,Canada,2020-11-19,Drama,,,4
엠티맨,Unknown_Random,United States,2020-11-19,Horror,,,8
엑설런트 어드벤쳐 3,Unknown_Random,United States,2020-11-19,Unknown_Random,,,3
구직자들,Hwang Seung-jae,South Korea,2020-11-12,Science Fiction,,,7
갱,Unknown_Random,South Korea,2020-01-16,Action,,,7
걸후드,Céline Sciamma,France,2020-11-12,Drama,,,7
국제수사,Unknown_Random,South Korea,2020-09-29,Comedy,533002.0,4467070550.0,10
마리 퀴리,Unknown_Random,France,2020-11-18,Drama,21591.0,173796150.0,8
극장판 미니특공대: 햄버거괴물의 습격,Unknown_Random,South Korea,2020-09-30,Animation,36813.0,298404180.0,2
밥정,Unknown_Random,South Korea,2020-10-07,Documentary,,,10
무협강호,Unknown_Random,China,2020-11-13,Action,,,4
극장판 바다 탐험대 옥토넛 : 대산호초 보호작전,Unknown_Random,United Kingdom,2020-11-12,Animation,21904.0,147406000.0,6
글로리아를 위하여,Unknown_Random,"France, Italy",2020-10-29,Drama,,,9
코마,Unknown_Random,Russia,2020-11-12,Science Fiction,,,3
메피스토,Unknown_Random,South Korea,2020-09-10,Drama,,,7
터키쉬 아이스크림,Unknown_Random,Unknown,2020-11-12,Comedy,,,5
매지컬: 공주를 웃겨라,Jeong Yoon-cheol,South Korea,2020-09-17,Animation,,,7
더 인터프리터,Unknown_Random,France,2020-11-06,Drama,,,7
학교는 끝났다,Unknown_Random,France,2020-11-04,Mystery,,,6
아트 오브 더 데드,Unknown_Random,United States,2020-11-04,Drama,,,8
킹덤 오브 헤븐: 디렉터스 컷,Ridley Scott,United Kingdom,2020-11-11,Action,15057.0,141342100.0,8
스윈들러,Unknown_Random,South Korea,2020-10-08,Drama,,,7
미스터트롯: 더 무비,Unknown_Random,South Korea,2020-10-22,Concert,140625.0,1212634900.0,7
극장판 요괴워치: 포에버 프렌즈,Unknown_Random,Japan,2020-10-15,Animation,9158.0,72925170.0,3
다만 악에서 구하소서 파이널컷,Unknown_Random,South Korea,2020-10-28,Action,34210.0,300157230.0,6
동아시아반일무장전선,Unknown_Random,South Korea,2020-08-20,Documentary,,,9
페뷸러스,Unknown_Random,Canada,2020-11-05,Comedy,,,2
아이 빌리브,Unknown_Random,United States,2020-11-05,Drama,,,3
마음에 부는 바람,Unknown_Random,Japan,2020-11-05,Unknown,,,5
래드윔프스 안티 안티 제너레이션 2019,Unknown_Random,Japan,2020-11-05,Concert,,,9
런 위드 더 헌티드,Unknown_Random,United States,2020-11-04,Crime,,,10
나인스 게이트: 아홉 번째 살인,Unknown_Random,Russia,2020-11-04,Unknown_Random,,,7
1917,Unknown_Random,United States,2020-02-19,Drama,858815.0,7767825320.0,9
레전더리 콘서트: 헤르베르트 폰 카라얀,Unknown_Random,Germany,2020-11-01,Concert,,,7
예쁜엄마,Choi Sung-eun,South Korea,2020-10-30,Drama,,,7
여성친구 무삭제,Unknown_Random,South Korea,2020-10-30,Unknown,,,6
긴섹충 무삭제,Unknown_Random,South Korea,2020-10-30,Unknown,,,2
죽이는 여자,Unknown_Random,United States,2020-08-23,Horror,,,10
기묘한 이야기: 리플레이,Unknown_Random,United States,2020-08-23,Unknown_Random,,,5
새엄마는 열아홉,Choi Sung-eun,South Korea,2020-10-19,Unknown,,,7
늑대소녀 야생소녀를 교육하다,Eroping,South Korea,2020-10-19,Drama,,,7
눈떠보니 제수씨,Unknown_Random,Japan,2020-10-19,Drama,,,9
흥건한 유부녀 삼류극장에서의 은밀한 취미,Unknown_Random,Japan,2020-10-17,Drama,,,6
쏠릴땐 옆집 벨을 누른다,Unknown_Random,Japan,2020-10-17,Drama,,,7
비하인드 더 피스,Unknown_Random,Uzbekistan,2020-10-16,War,,,3
볼빨간 며느리,Choi Sung-eun,South Korea,2020-10-16,Drama,,,7
라스트 카우보이,Brett Bentman,United States,2020-10-26,Action,,,3
한지붕 세가족,Unknown_Random,South Korea,2020-10-15,Drama,,,7
좀비랜드 파이널,Unknown_Random,Hungary,2020-10-15,Thriller,,,3
위험한 삼촌들,Unknown_Random,South Korea,2020-10-15,Drama,,,7
위자 악마소환게임,Unknown_Random,Hungary,2020-10-15,Horror,,,10
목격자들 5번의 살인,Unknown_Random,Hungary,2020-10-15,Thriller,,,8
내 여자의 변태욕정,Unknown_Random,South Korea,2020-10-15,Drama,,,7
남편상사들2,Nagira Kenzo,Japan,2020-10-15,Drama,,,7
스트레인지 네이처,Unknown_Random,United States,2020-10-29,Horror,,,10
마틴 에덴,Unknown_Random,Italy,2020-10-29,Drama,,,7
마이 리틀 포니: 레인보우 로드 트립,Unknown_Random,United States,2020-10-29,Animation,,,4
이비자,Unknown_Random,France,2020-10-08,Comedy,,,9
꿀벌과 천둥,Unknown_Random,Japan,2020-10-29,Drama,,,6
뮤지컬 버드나무에 부는 바람,Unknown_Random,United Kingdom,2020-10-07,Musical,,,5
포기와 베스,Unknown_Random,United States,2020-10-06,Concert,,,10
테슬라,Unknown_Random,United States,2020-10-28,Drama,17650.0,140475310.0,5
셔터: 죽음의 숲,Unknown_Random,Hong Kong,2020-10-27,Horror,,,9
친척 여동생 - 무삭제,Choi Sung-eun,South Korea,2020-10-05,Unknown,,,7
유쾌한 과부,Unknown_Random,Italy,2020-10-02,Concert,,,2
바흐: 숨겨진 작곡가,Unknown_Random,United Kingdom,2020-10-27,Documentary,,,8
구르는 수레바퀴,Unknown_Random,South Korea,2020-09-23,Family,,,3
옆집 자매,Park Eun-seok,South Korea,2020-10-02,Drama,,,7
지옥의 오르페,"Unknown_Random, Unknown_Random",Germany,2020-10-25,Concert,,,7
늙은 부부이야기: 스테이지 무비,Unknown_Random,South Korea,2020-08-19,Concert,,,8
프록시마 프로젝트,Unknown_Random,France,2020-10-15,Drama,,,5
예티: 신비한 동물 탐험대,"Unknown_Random, Unknown_Random",Canada,2020-10-08,Animation,,,7
마르지엘라,Unknown_Random,Unknown,2020-09-30,Documentary,,,2
빅샤크3: 젤리몬스터 대소동,Unknown_Random,China,2020-07-29,Animation,67387.0,520832240.0,3
더 프린세스 : 도둑맞은 공주,Unknown_Random,Ukraine,2020-08-12,Animation,55398.0,454299300.0,9
공포체험라디오 4DX,Unknown_Random,South Korea,2020-09-16,Horror,,,9
에브리타임 아이 다이,Unknown_Random,United States,2020-10-21,Mystery,,,4
7월7일,Unknown_Random,South Korea,2020-09-02,Drama,,,5
팔로우 미,Unknown_Random,United States,2020-10-22,Thriller,,,4
부니베어: 원시시대 대모험,Unknown_Random,China,2020-10-22,Animation,5006.0,40348600.0,3
베이비티스,Unknown_Random,Australia,2020-10-22,Comedy,,,5
"어디갔어, 버나뎃",Unknown_Random,United States,2020-10-08,Comedy,16651.0,145290000.0,9
폰조,Unknown_Random,United States,2020-10-14,Crime,21069.0,175093650.0,4
오케이 마담,Unknown_Random,South Korea,2020-08-12,Comedy,1225004.0,10957629630.0,3
카일라스 가는 길,Unknown_Random,South Korea,2020-09-03,Documentary,1699.0,14099960.0,3
언힌지드,Unknown_Random,United States,2020-10-07,Thriller,112613.0,974291550.0,7
남과 여: 여전히 찬란한,Unknown_Random,France,2020-10-15,Drama,,,9
그리드,Unknown_Random,United Kingdom,2020-10-15,Comedy,,,5
안녕까지 30분,Unknown_Random,Japan,2020-10-14,Fantasy,,,10
초미의 관심사,Unknown_Random,South Korea,2020-05-27,Drama,10351.0,82840160.0,10
그린랜드,Unknown_Random,United States,2020-09-29,Action,319741.0,2736825130.0,5
21 브릿지: 테러 셧다운,Unknown_Random,United States,2020-01-01,Thriller,111140.0,861674730.0,3
뉴클리어: 원전 2020,Unknown_Random,United Kingdom,2020-10-09,Drama,,,7
마샤와 곰: 최고 중에 최고,Unknown_Random,Russia,2020-10-08,Animation,,,8
트롤 킹,Unknown_Random,Unknown,2020-10-07,Animation,,,2
해수의 아이,Unknown_Random,Japan,2020-09-30,Animation,,,10
극장판 엉덩이 탐정: 텐텐마을의 수수께끼,Unknown_Random,Japan,2020-09-24,Animation,7739.0,57135820.0,4
강철비2 : 정상회담 확장판,Yang Woo-suk,South Korea,2020-09-30,Drama,,,7
"그대, 고맙소 : 김호중 생애 첫 팬미팅 무비",Unknown_Random,South Korea,2020-09-29,Concert,94361.0,2909954000.0,4
브레이크 더 사일런스: 더 무비,Park Joon-soo,South Korea,2020-09-24,Documentary,122388.0,1078263000.0,7
에이전트 제이드 블랙,Unknown_Random,United States,2020-09-29,Action,,,6
구멍동서2,Lee Sang-soo,South Korea,2020-09-28,Unknown,,,7
연애 완전 정복 - 무삭제판,Unknown_Random,South Korea,2020-09-24,Unknown,,,6
부다페스트 느와르,Unknown_Random,Hungary,2020-09-18,Mystery,,,2
스파이 전쟁,Unknown_Random,United Kingdom,2020-09-17,Drama,,,5
뮤지컬 남극 탐험가는 나를 좋아해,Unknown_Random,United States,2020-09-16,Musical,,,10
친척동생2,Choi Sung-eun,South Korea,2020-09-14,Unknown,,,7
쌍둥이 여친 과외하기 무삭제판,Choi Jeong-ja,South Korea,2020-09-10,Drama,,,7
손빨래하는 여자 무삭제판,Choi Jeong-ja,South Korea,2020-09-10,Drama,,,7
못말리는 며느리,Choi Sung-eun,South Korea,2020-09-08,Unknown,,,7
올드 가드 인 런던,Unknown_Random,United Kingdom,2020-09-07,Action,,,3
흔들린 담배: 이웃의 정부가 된 아내,Unknown_Random,Japan,2020-09-04,Drama,,,10
친척동생 무삭제,Choi Sung-eun,South Korea,2020-09-02,Unknown,,,6
여동생 무삭제,Choi Sung-eun,South Korea,2020-09-02,Unknown,,,7
싸버린 택배기사,Unknown_Random,Japan,2020-09-02,Drama,,,3
이 마스나디에리,Unknown_Random,Italy,2020-09-01,Concert,,,9
우리가 이별 뒤에 알게 되는 것들,Unknown_Random,Canada,2020-09-30,Drama,,,7
극장판 포켓몬스터 뮤츠의 역습 EVOLUTION,"Yuyama Kunihiko, Unknown_Random",Japan,2020-09-30,Animation,86080.0,690129180.0,7
교실 안의 야크,Unknown_Random,Unknown,2020-09-30,Drama,,,9
로스트 바이킹: 전쟁의 신의 아들,Unknown_Random,United Kingdom,2020-09-24,Action,,,6
플레인 하이스트,Unknown_Random,United States,2020-09-29,Action,,,4
블러드 킬,Unknown_Random,United States,2020-09-28,Crime,,,6
아웃포스트,Unknown_Random,United States,2020-09-23,War,33070.0,280854970.0,2
임파서블 미션,Unknown_Random,Spain,2020-09-23,Action,,,3
좀비캠프,Unknown_Random,United States,2020-09-25,Thriller,,,6
터칭 더 보이드,Unknown_Random,United Kingdom,2020-09-24,Documentary,,,2
보테로,Unknown_Random,Canada,2020-09-24,Documentary,,,6
태백권,Unknown_Random,South Korea,2020-08-20,Comedy,,,4
더 렌탈 : 소리없는 감시자,Unknown_Random,United States,2020-09-16,Horror,6558.0,52655280.0,2
파이널 킬,Unknown_Random,United States,2020-09-21,Action,,,2
살로메,Unknown_Random,Germany,2020-09-20,Concert,,,2
아디오스,Unknown_Random,Spain,2020-07-22,Action,,,5
어트랙션,"Unknown_Random, Unknown_Random",Germany,2020-09-17,Drama,,,7
사스콰치: 거인 괴물,Unknown_Random,United States,2020-09-16,Horror,,,8
위 섬온 더 다크니스,Unknown_Random,United States,2020-09-17,Horror,,,7
비독: 파리의 황제,Unknown_Random,France,2020-09-17,Action,,,7
뮬란,Unknown_Random,United States,2020-09-17,Unknown_Random,221265.0,1951303820.0,7
공포분자,Unknown_Random,Unknown,2020-09-17,Drama,,,5
지니어스 독,Unknown_Random,United States,2020-09-16,Comedy,,,8
루브르박물관 기획특별전,Unknown_Random,France,2020-09-16,Documentary,,,10
반교: 디텐션,Unknown_Random,Unknown,2020-08-13,Horror,32575.0,300237330.0,6
큐리오사,Unknown_Random,France,2020-08-06,Drama,,,7
시크릿 가든,Unknown_Random,United Kingdom,2020-08-19,Drama,11102.0,93279660.0,7
애니멀 크래커,Unknown_Random,United States,2020-08-05,Animation,119060.0,943896280.0,4
주식회사 스페셜액터스,Unknown_Random,Japan,2020-08-06,Comedy,,,4
테스와 보낸 여름,Unknown_Random,Netherlands,2020-09-10,Drama,,,2
뉴 뮤턴트,Unknown_Random,United States,2020-09-10,Action,61103.0,539510410.0,3
고스트 오브 워,Unknown_Random,United Kingdom,2020-09-02,Mystery,5754.0,49382160.0,3
아무도 없다,Unknown_Random,United States,2020-09-09,Thriller,,,3
지저귀는 새는 날지 않는다,Unknown_Random,Japan,2020-07-16,Animation,,,8
에이바,Unknown_Random,United States,2020-09-09,Action,19155.0,150522760.0,7
소셜노마드,"Unknown_Random, Unknown_Random",South Korea,2020-08-01,Documentary,,,7
쥬라기 썬더,Unknown_Random,United States,2020-09-10,Action,,,6
치어리딩 클럽,Unknown_Random,Canada,2020-09-10,Comedy,,,9
송 오브 러브,Unknown_Random,Unknown,2020-09-10,Drama,,,3
엠마,Unknown_Random,United Kingdom,2020-02-27,Comedy,,,9
강철비2: 정상회담,Yang Woo-suk,South Korea,2020-07-29,Drama,1789851.0,14653254110.0,7
이십일세기 소녀,Unknown_Random,Japan,2020-09-03,Drama,,,10
침묵의 이방인,Unknown_Random,Russia,2020-09-03,Thriller,,,5
아메리칸 잡,Unknown_Random,United States,2020-09-03,Crime,,,2
욕정의 며느리2,Unknown_Random,Japan,2020-09-02,Drama,,,9
작은 소망,Unknown_Random,"Taiwan, China",2020-08-13,Comedy,,,3
홈헬퍼 두 얼굴: 저항 못하고 빨린 양기,Unknown_Random,Japan,2020-08-28,Drama,,,3
왕좌의 전쟁: 드래곤 레전드,Unknown_Random,United States,2020-08-26,Fantasy,,,2
보체크,Unknown_Random,United States,2020-08-18,Concert,,,3
이웃집 여자 스토킹,Park Eun-seok,South Korea,2020-08-14,Drama,,,7
미망인: 남편 앞 쾌감 절정,Unknown_Random,Japan,2020-08-14,Drama,,,7
엣지 오브 더 월드,Unknown_Random,Germany,2020-09-01,Drama,,,5
블러드 헌터스: 라이즈 오브 하이브리드,Unknown_Random,Philippines,2020-08-13,Action,,,8
헤리티지,Unknown_Random,United States,2020-08-10,Drama,,,7
애비게일의 저주,Unknown_Random,United States,2020-08-10,Drama,,,4
뱀파이어 헌터스 D,Unknown_Random,United States,2020-08-07,Action,,,2
아내의알바 무삭제판,Choi Jeong-ja,South Korea,2020-08-04,Drama,,,7
하바나 다크니스,Unknown_Random,United States,2020-08-03,Horror,,,4
마농 레스코,Unknown_Random,Italy,2020-08-03,Concert,,,2
굿와이프:아내체험현장 무삭제판,Han Dong-ho,South Korea,2020-08-03,Drama,,,6
햄릿: 죽느냐 사느냐,Unknown_Random,United States,2020-08-17,Family,,,4
로그 워페어 3 데스 오브 네이션,Unknown_Random,United States,2020-08-26,War,,,9
그곳,Unknown_Random,Turkey,2020-08-26,Horror,,,6
캐리비안 해적과 마법 다이아몬드,Unknown_Random,Norway,2020-08-26,Animation,,,3
이블데드 2020,Unknown_Random,Italy,2020-08-27,Horror,,,5
리메인,Unknown_Random,South Korea,2020-08-27,Drama,,,9
사랑이 눈뜰 때,Unknown_Random,United States,2020-08-26,Drama,,,2
신 복수무정,Unknown_Random,United Kingdom,2020-08-12,Action,,,10
데드 앤트 - 거대개미의 습격,Unknown_Random,United States,2020-08-13,Action,,,8
테넷,Unknown_Random,United States,2020-08-26,Action,1995833.0,18432739370.0,3
팡파레,Unknown_Random,South Korea,2020-07-09,Drama,,,5
레브,Unknown_Random,Canada,2020-08-20,Action,,,4
덩케르크 이스케이프,Unknown_Random,United Kingdom,2020-08-20,War,,,3
극장판 짱구는 못말려: 신혼여행 허리케인~ 사라진 아빠!,Unknown_Random,Japan,2020-08-20,Animation,120580.0,982159240.0,2
극장판 시로바코,Mizushima Tsutomu,Japan,2020-08-20,Animation,,,7
상사의 아내2,Unknown_Random,Japan,2020-08-14,Drama,,,7
바다 몬스터2,Unknown_Random,United States,2020-08-12,Animation,,,3
부다페스트 스토리,Unknown_Random,Hungary,2020-08-13,Thriller,,,10
워터 릴리스,Céline Sciamma,France,2020-08-13,Drama,8015.0,68007252.0,7
셰이프 오브 뮤직: 알렉상드르 데스플라,Unknown_Random,France,2020-08-13,Documentary,,,2
엘라 벨라 빙고: 친구 찾기 대작전,"Unknown_Random, Unknown_Random",Norway,2020-08-12,Animation,,,7
싸움의 법칙,Unknown_Random,Ukraine,2020-08-13,Action,,,4
동네오빠들 무삭제판,Choi Jeong-ja,South Korea,2020-08-13,Drama,,,7
우리집 똥멍청이,Unknown_Random,"France, Belgium",2020-07-22,Comedy,,,5
소년 아메드,"Unknown_Random, Unknown_Random",France,2020-07-30,Drama,,,7
조조 래빗,Unknown_Random,United States,2020-02-05,Comedy,105411.0,904708300.0,7
슈퍼 레이스,Unknown_Random,Canada,2020-07-23,Animation,,,8
맛있는 녀석들,Unknown_Random,China,2020-07-16,Animation,,,10
모든 것을 벗어던진 특별한 여행,Unknown_Random,Australia,2020-07-29,Comedy,,,3
너와 파도를 탈 수 있다면,Unknown_Random,Japan,2020-07-08,Animation,,,9
비바리움,Unknown_Random,"United States, Denmark, Belgium, Ireland",2020-07-16,Mystery,14265.0,123829280.0,4
피그테일:피그테일과 거미소녀 그리고 레슬링,"Unknown_Random, Unknown_Random",Japan,2020-07-09,Animation,,,7
딥워터,Unknown_Random,Unknown,2020-07-09,Action,,,1
킬러맨,Unknown_Random,United States,2020-08-13,Action,,,9
머피와 샐리의 법칙,Kim Moon-ok,South Korea,2020-05-20,Comedy,,,7
블랙아웃 : 인베이젼 어스,Unknown_Random,Russia,2020-08-05,Science Fiction,,,11
O.J. 심슨 사건 파일,Unknown_Random,United States,2020-08-05,Thriller,,,10
뮤지컬 브로드웨이 42번가,Unknown_Random,United States,2020-07-08,Musical,,,5
혈전 : 피의 전쟁,Unknown_Random,United States,2020-07-28,Action,,,8
꿈의직장 스와핑오피스,Han Dong-ho,South Korea,2020-07-27,Drama,,,7
오션스 게임,Unknown_Random,United States,2020-07-27,Drama,,,10
트러스트 넘버원,Unknown_Random,United States,2020-07-24,Action,,,9
킹 아더 카멜롯의 기사,Unknown_Random,United Kingdom,2020-07-23,Action,,,6
고 피쉬!,Unknown_Random,United States,2020-07-23,Animation,,,8
깡패와소녀,Unknown_Random,South Korea,2020-07-22,Drama,,,4
할로윈: 살인마 잭,Unknown_Random,United Kingdom,2020-07-21,Horror,,,9
구멍동서,Lee Sang-soo,South Korea,2020-07-20,Unknown,,,7
위자 크래프트,Unknown_Random,United States,2020-07-20,Horror,,,2
샤크 쓰나미,Unknown_Random,United States,2020-07-17,Unknown_Random,,,7
샤크 베이트,Unknown_Random,United States,2020-07-17,Thriller,,,2
컨택트 2020,Unknown_Random,United States,2020-07-15,Science Fiction,,,4
택배기사의 참교육 무삭제판,Unknown_Random,Japan,2020-07-14,Drama,,,7
위로해준 시동생 무삭제판,Nagira Kenzo,Japan,2020-07-14,Drama,,,7
욕정해결사,Nagira Kenzo,Japan,2020-07-14,Drama,,,7
옆집아재,Unknown_Random,Japan,2020-07-14,Drama,,,4
기린의 날개,Unknown_Random,Japan,2020-07-14,Crime,,,4
헤븐퀘스트,Unknown_Random,United States,2020-07-13,Action,,,3
베토벤 프로젝트,Unknown_Random,Germany,2020-07-12,Concert,,,2
불륜의 세계,Unknown_Random,South Korea,2020-07-10,Unknown,,,6
딥한 관계,Unknown_Random,South Korea,2020-07-10,Unknown,,,2
노처녀 팀장의 목적,Unknown_Random,South Korea,2020-07-10,Unknown,,,6
아크나텐,Unknown_Random,United States,2020-07-07,Concert,,,6
사범님의 젊은 아내,Unknown_Random,Japan,2020-07-07,Unknown,,,7
거유미녀 서큐버스2,Unknown_Random,Japan,2020-07-07,Unknown,,,3
섹스노예,Han Dong-ho,South Korea,2020-07-06,Drama,,,7
팔리아치,Unknown_Random,Italy,2020-07-03,Concert,,,7
친척 여동생,Choi Sung-eun,South Korea,2020-07-01,Unknown,,,7
친척 누나,Choi Sung-eun,South Korea,2020-07-01,Unknown,,,7
착한도련님,Choi Sung-eun,South Korea,2020-07-01,Unknown,,,7
욕정 마사지,Nagira Kenzo,Japan,2020-07-01,Drama,,,7
오빠가 너무해,Choi Sung-eun,South Korea,2020-07-01,Unknown,,,7
디재스터 라이프,Unknown_Random,South Korea,2020-07-01,Unknown,,,7
콜리니 케이스,Unknown_Random,Germany,2020-07-30,Crime,,,5
래미와 친구들: 푸른푸른 초원의 위기,Unknown_Random,China,2020-07-30,Animation,,,2
세인트 주디,Unknown_Random,United States,2020-07-29,Drama,,,4
1942: 언노운 배틀,Unknown_Random,Russia,2020-07-29,War,,,10
에베레스트,Unknown_Random,China,2020-07-22,Action,,,7
그레텔과 헨젤,Unknown_Random,Canada,2020-07-08,Fantasy,11011.0,99221820.0,4
쓰루 더 파이어,Unknown_Random,France,2020-07-23,Drama,,,8
밤쉘: 세상을 바꾼 폭탄선언,Unknown_Random,"United States, Canada",2020-07-08,Drama,174468.0,1485487640.0,8
팬데믹,Unknown_Random,United States,2020-07-22,Thriller,17104.0,150209600.0,3
블루 아워,Unknown_Random,Japan,2020-07-22,Drama,16649.0,143366480.0,6
음란주택:노예가 된 아내 무삭제판,Han Dong-ho,South Korea,2020-07-17,Drama,,,7
트로이 디렉터스 컷,Unknown_Random,United States,2020-07-03,War,,,10
래미의 드래곤월드 구출작전,Unknown_Random,China,2020-07-16,Animation,,,5
시라이,Unknown_Random,Japan,2020-07-15,Horror,,,5
와일드 시티,Unknown_Random,United Kingdom,2020-06-17,Action,,,9
16세의 사운드트랙,Unknown_Random,United Kingdom,2020-07-02,Comedy,,,2
도미노,Unknown_Random,"Denmark, United States, Belgium, Italy, France",2020-06-11,Crime,,,5
모탈: 레전드 오브 토르,Unknown_Random,Unknown,2020-07-09,Action,,,5
부산행:익스텐디드,Yeon Sang-ho,South Korea,2020-07-01,Action,,,7
카메론 포스트의 잘못된 교육,Unknown_Random,"United States, United Kingdom",2020-06-04,Drama,,,3
"아무튼, 아담",Unknown_Random,United States,2020-07-02,Drama,5415.0,40057000.0,7
엔딩스 비기닝스,Unknown_Random,"United States, South Korea",2020-06-24,Drama,10391.0,85821240.0,9
백년의 기억,Unknown_Random,France,2020-06-11,Documentary,,,9
해피 디 데이,Unknown_Random,United States,2020-07-01,Comedy,,,5
부력,Unknown_Random,Australia,2020-06-25,Drama,,,2
인 더 다크: 악령의 부활,Unknown_Random,United Kingdom,2020-07-03,Horror,,,7
아이덴티티: 11번째 환자,Unknown_Random,United States,2020-07-03,Horror,,,10
바이러스: 인류 최후의 날,Unknown_Random,United States,2020-07-03,Action,,,9
인헤리턴스,Unknown_Random,United States,2020-06-25,Thriller,,,8
코드 8,Unknown_Random,Canada,2020-07-02,Science Fiction,,,7
"시, 나리오",Kim Dong-won,South Korea,2020-07-02,Drama,,,7
구속,Unknown_Random,South Korea,2020-07-02,Drama,,,3
골든타임,Unknown_Random,United States,2020-06-30,Action,,,8
아일랜드 제로,Unknown_Random,United States,2020-06-26,Horror,,,10
판타스틱 썸머,Unknown_Random,United States,2020-06-25,Drama,,,8
킬 모드,Unknown_Random,Netherlands,2020-06-25,Action,,,9
벨빌 캅,Unknown_Random,France,2020-06-25,Crime,,,9
사냥의 시간: 데스 게임,Unknown_Random,United States,2020-06-22,Horror,,,6
무협: 더 코드,Unknown_Random,United States,2020-06-22,Action,,,2
연쇄살인마의 이중생활,Unknown_Random,Spain,2020-06-18,Crime,,,6
부부 성생활 연구회,Unknown_Random,Japan,2020-06-17,Drama,,,6
남편보다 점장님,Unknown_Random,Japan,2020-06-17,Drama,,,3
블러드: 궁금한 이야기,Unknown_Random,United Kingdom,2020-06-15,Horror,,,3
맨슨 패밀리,Unknown_Random,"United Kingdom, United States",2020-06-15,Horror,,,5
AV 여배우의 직장 체험기,Unknown_Random,Japan,2020-06-09,Unknown,,,8
한입만,Choi Sung-eun,South Korea,2020-06-09,Drama,,,7
은밀한 서비스,Unknown_Random,Japan,2020-06-09,Unknown,,,5
우리 형수님,Choi Sung-eun,South Korea,2020-06-09,Drama,,,7
여선생3 무삭제,Choi Sung-eun,South Korea,2020-06-09,Drama,,,7
시미켄의 촬영 강의,Unknown_Random,Japan,2020-06-09,Unknown,,,4
과외선생과 성적의 관계3,Unknown_Random,Japan,2020-06-09,Unknown,,,2
지구 침공: 컨테이젼,Unknown_Random,"United Kingdom, France",2020-06-08,Science Fiction,,,4
웨이크필드 프로젝트,Unknown_Random,United States,2020-06-08,Horror,,,5
에이브의 쿠킹 다이어리,Unknown_Random,Brazil,2020-06-24,Drama,,,10
인베이젼 2020,Unknown_Random,Russia,2020-07-01,Science Fiction,18543.0,154539140.0,5
포스 오브 네이쳐,Unknown_Random,United States,2020-07-01,Action,,,9
킬 스위치,Unknown_Random,United States,2020-07-01,Science Fiction,,,5
바람의 검 - 적영자,Unknown_Random,Japan,2020-06-16,Action,,,5
전설의 파이터,Unknown_Random,South Korea,2020-06-16,Action,,,7
파리 오페라 발레단,"Unknown_Random, Unknown_Random",France,2020-06-11,Documentary,,,7
자매들: 감금의 추억 무삭제판,Han Dong-ho,South Korea,2020-06-30,Drama,,,7
3022: 지구 대폭발,Unknown_Random,United States,2020-06-30,Science Fiction,,,7
카르멘,Unknown_Random,United Kingdom,2020-06-03,Concert,,,3
로그 워페어 2 더 헌트,Unknown_Random,United States,2020-06-03,War,,,5
페이건 워리어,Unknown_Random,United States,2020-06-02,Action,,,9
컬트 걸,Unknown_Random,United States,2020-06-02,Horror,,,8
사랑의 묘약,Unknown_Random,Italy,2020-06-02,Concert,,,9
나의 첫 번째 슈퍼스타,Unknown_Random,United States,2020-06-10,Comedy,47183.0,430822560.0,3
엑소시즘: 귀신과의 대화,Unknown_Random,"Portugal, Brazil",2020-06-26,Horror,,,3
아내의 세계,Unknown_Random,South Korea,2020-06-26,Drama,,,6
환상의 마로나,Unknown_Random,France,2020-06-11,Animation,,,3
다크 워터스,Unknown_Random,United States,2020-03-11,Drama,125718.0,1083721220.0,8
나는 야한 여자,Unknown_Random,South Korea,2020-06-25,Drama,,,7
인비저블 라이프,Unknown_Random,Unknown,2020-06-24,Drama,,,10
1945: 포인트 오브 노 리턴,Unknown_Random,United Kingdom,2020-06-24,War,,,3
하이큐!! 또 다른 도전,Mitsunaka Susumu,Japan,2020-05-14,Animation,,,7
아이언 마스크: 용패지미,Unknown_Random,Russia,2020-06-18,Action,,,4
극장판 시티헌터: 신주쿠 프라이빗 아이즈,Unknown_Random,Japan,2020-06-18,Animation,,,9
식스센스:속 보이는 여자들,Unknown_Random,South Korea,2020-06-12,Drama,,,7
온워드: 단 하루의 기적,Unknown_Random,United States,2020-06-17,Animation,414699.0,3565679500.0,8
아빠와 딸 그리고 딸의 친구들,Unknown_Random,South Korea,2020-06-11,Drama,,,5
루키스,Unknown_Random,China,2020-05-20,Action,,,9
싸커 퀸즈,Unknown_Random,France,2020-05-27,Comedy,,,2
미스비헤이비어,Unknown_Random,United Kingdom,2020-05-27,Drama,24769.0,206186780.0,9
씨 피버,Unknown_Random,"Ireland, Sweden, Belgium, United Kingdom",2020-05-13,Science Fiction,7124.0,62300540.0,7
그집,Unknown_Random,Spain,2020-05-27,Horror,27868.0,231487520.0,4
캣츠토피아,Unknown_Random,China,2020-04-30,Fantasy,,,6
퍼펙트 내니,Unknown_Random,France,2020-04-23,Thriller,,,6
레미: 집 없는 아이,Unknown_Random,France,2020-05-28,Family,,,5
더 플랫폼,Unknown_Random,Spain,2020-05-13,Science Fiction,61779.0,566334000.0,7
라스트 풀 메저,Unknown_Random,United States,2020-05-20,Drama,,,7
에어로너츠,Unknown_Random,"United Kingdom, United States",2020-06-10,Drama,71614.0,636643960.0,7
"조금씩, 천천히 안녕",Unknown_Random,Japan,2020-05-27,Family,,,10
레옹 디 오리지널,Unknown_Random,France,2020-06-11,Action,,,5
태양 대폭발: 지구 최후의 날,Unknown_Random,Ukraine,2020-06-08,Science Fiction,,,9
숀더쉽 더 무비: 꼬마 외계인 룰라!,"Unknown_Random, Unknown_Random",United Kingdom,2020-02-19,Animation,,,7
"안녕, 미누",Unknown_Random,South Korea,2020-05-27,Documentary,,,3
슈퍼스타 뚜루,Unknown_Random,Spain,2020-06-04,Musical,,,3
피델리오,Unknown_Random,Germany,2020-05-31,Concert,,,9
소림절세귀동 - 천하곡술,Unknown_Random,Hong Kong,2020-05-20,Action,,,2
메탈리카와 샌프란시스코 심포니,Unknown_Random,United States,2020-05-20,Concert,,,5
조쉬 그로반: 브리지스 뉴욕 매디슨스퀘어가든 콘서트,Unknown_Random,United Kingdom,2020-05-20,Concert,,,10
잠자는 숲 속의 미녀,Unknown_Random,United Kingdom,2020-05-02,Concert,,,10
피쉬 스쿨 2,Unknown_Random,United States,2020-05-11,Animation,,,6
쥬피터 스타쉽,Unknown_Random,United States,2020-05-08,Science Fiction,,,5
아르코라이브 무용 히트 앤 런,Unknown_Random,South Korea,2020-05-06,Concert,,,6
마담 버터플라이,Unknown_Random,United States,2020-05-05,Concert,,,2
피가로의 결혼,Unknown_Random,Italy,2020-05-01,Concert,,,3
데드워터,Unknown_Random,United States,2020-05-28,Thriller,,,3
언더워터,Unknown_Random,United States,2020-05-27,Thriller,101343.0,870761760.0,8
금기를 깨트린 여자들,Unknown_Random,Spain,2020-05-20,Horror,,,5
이웃의 아내,Unknown_Random,United States,2020-05-26,Thriller,,,5
루팡 3세: 더 퍼스트,Unknown_Random,Japan,2020-05-21,Animation,,,11
비홀드 마이 하트,Unknown_Random,United States,2020-05-21,Drama,,,10
블러드샷,Unknown_Random,United States,2020-05-21,Action,,,3
카페 벨에포크,Unknown_Random,France,2020-05-20,Comedy,55130.0,475091080.0,2
아르코라이브 의자 고치는 여인,Unknown_Random,South Korea,2020-05-20,Concert,,,8
브레이크,Unknown_Random,Russia,2020-05-20,Thriller,,,3
해피 해피 레스토랑,Unknown_Random,Japan,2020-05-14,Family,,,6
콜 오브 와일드,Unknown_Random,United States,2020-05-14,Unknown_Random,32242.0,275926220.0,6
쌍둥이 여친 과외하기,Choi Jeong-ja,South Korea,2020-05-14,Drama,,,7
기도의 막이 내릴 때,Unknown_Random,Japan,2020-05-14,Drama,,,4
금의위-기문둔갑,Unknown_Random,Hong Kong,2020-05-14,Historical Drama,,,10
어쩌다 아스널,Unknown_Random,France,2020-05-13,Drama,,,9
레미제라블: 뮤지컬 콘서트,Unknown_Random,United States,2020-05-13,Musical,,,7
애프터 웨딩 인 뉴욕,Unknown_Random,United Kingdom,2020-04-23,Drama,6794.0,57519880.0,9
행복의 단추를 채우는 완벽한 방법,Unknown_Random,United Kingdom,2020-04-02,Comedy,,,7
퀸 오브 아이스,Unknown_Random,Norway,2020-03-26,Drama,,,8
핀란드 메탈밴드,Unknown_Random,Finland,2020-04-09,Comedy,,,5
피델리티,Unknown_Random,Russia,2020-04-15,Drama,,,2
프리즌 이스케이프,Unknown_Random,"United Kingdom, Australia",2020-05-06,Unknown_Random,213731.0,1826826560.0,2
선생님과 길고양이,Unknown_Random,Japan,2020-04-09,Comedy,,,9
펠리칸 베이커리,Unknown_Random,Japan,2020-04-02,Documentary,,,5
모리의 정원,Unknown_Random,Japan,2020-03-26,Drama,,,5
쉬 네버 다이,Unknown_Random,Canada,2020-04-02,Thriller,,,7
헌티드 파크,Unknown_Random,Japan,2020-05-06,Horror,,,7
마이 스파이,Unknown_Random,United States,2020-04-29,Action,51332.0,439352600.0,4
외계인 지구침공,Unknown_Random,Spain,2020-05-07,Science Fiction,,,6
리벤지,Unknown_Random,France,2020-05-06,Action,,,6
더 워닝,Unknown_Random,Spain,2020-05-06,Thriller,,,10
파이브 갤럭시스,Unknown_Random,United States,2020-05-04,Science Fiction,,,2
강호제일검 금강철선,Unknown_Random,China,2020-05-04,Action,,,8
독수인심,Unknown_Random,Hong Kong,2020-04-30,Action,,,5
트롤: 월드 투어,"Unknown_Random, Unknown_Random",United States,2020-04-29,Animation,144410.0,1110798520.0,7
보존상: 천년의 유혼,Unknown_Random,China,2020-04-29,Unknown,,,7
왕과 나: 런던 팔라디움 극장 뮤지컬,Unknown_Random,United Kingdom,2020-04-29,Concert,,,4
빅풋 레전드,Unknown_Random,United States,2020-04-29,Action,,,5
사탄의 드론,Unknown_Random,Russia,2020-04-23,Horror,,,5
피쉬 스쿨,Unknown_Random,United States,2020-04-23,Animation,,,10
킹덤,Sato Shinsuke,Japan,2020-04-29,Action,,,7
킹덤: 아메리칸 좀비,Unknown_Random,United States,2020-04-20,Comedy,,,10
세비야의 이발사,Unknown_Random,Italy,2020-03-03,Concert,,,6
이웃집 섹스중독녀,Unknown_Random,Japan,2020-04-08,Drama,,,7
발정난 여건물주,Unknown_Random,Japan,2020-04-08,Drama,,,6
리골레토,Unknown_Random,Germany,2020-04-05,Concert,,,6
도둑냥,Unknown_Random,South Korea,2020-04-15,Comedy,,,7
아르코 라이브 완창판소리프로젝트2 강산제수궁가,Unknown_Random,South Korea,2020-04-14,Concert,,,8
아틸라,Unknown_Random,Italy,2020-04-03,Concert,,,10
그녀와 아줌마의 동거 무삭제,Unknown_Random,South Korea,2020-04-03,Drama,,,7
스케어리 스토리:어둠의 속삭임,Unknown_Random,United States,2020-03-25,Fantasy,42506.0,358118500.0,6
체이싱,Unknown_Random,Russia,2020-04-23,Action,,,10
이누야시키 : 히어로 VS 빌런,Sato Shinsuke,Japan,2020-04-22,Science Fiction,,,7
비밀정보원: 인 더 프리즌,Unknown_Random,United Kingdom,2020-04-15,Crime,17835.0,153118320.0,8
손빨래하는 여자,Choi Jeong-ja,South Korea,2020-04-07,Drama,,,7
킹 오브 프리즘 올 스타즈 -프리즘 쇼☆베스트10-,Hishida Masakazu,Japan,2020-04-02,Animation,,,7
치한 마을버스,Unknown_Random,Japan,2020-04-23,Drama,,,2
토네이도: 지구 재앙의 날,Unknown_Random,United States,2020-04-24,Action,,,3
사내정사: 은밀한 회의실,Unknown_Random,South Korea,2020-04-24,Drama,,,7
후계자들,Unknown_Random,"United States, India",2020-04-23,Action,,,7
헌트,Unknown_Random,United States,2020-04-23,Action,,,6
고양이와 할아버지,Unknown_Random,Japan,2020-04-23,Drama,,,10
정사 : 사돈처녀 무삭제,Unknown_Random,South Korea,2020-04-22,Drama,,,2
라라걸,Unknown_Random,Australia,2020-04-15,Drama,6430.0,57124940.0,2
그링고,Unknown_Random,United States,2020-03-05,Action,,,5
더 터닝,Unknown_Random,United States,2020-04-02,Mystery,15305.0,135135360.0,6
왕가슴 제수씨,Unknown_Random,Japan,2020-04-08,Drama,,,5
시체들의 새벽,Unknown_Random,United States,2020-04-15,Horror,,,3
신과 나: 100일간의 거래,Unknown_Random,Unknown,2020-04-08,Mystery,5780.0,49544640.0,7
시체들의 새벽: 컨테이젼,Unknown_Random,Bulgaria,2020-04-09,Horror,,,2
다니엘 이즌 리얼,Unknown_Random,United States,2020-04-09,Thriller,,,8
걸즈 앤 판처 제​ 63회 전차도 전국 고교생 대회,Mizushima Tsutomu,Japan,2020-04-09,Animation,,,7
오픈 더 도어,Unknown_Random,Russia,2020-04-08,Horror,24024.0,219290100.0,5
프리저베이션홀 재즈밴드,"Unknown_Random, Unknown_Random",United States,2020-04-02,Documentary,,,7
촉산2 항마전,Unknown_Random,China,2020-04-02,Action,,,7
아웃사이더,"Unknown_Random, Unknown_Random",Taiwan,2020-04-02,Unknown,,,7
돈 겟 컷,Unknown_Random,United States,2020-03-31,Action,,,4
청불학원2,Unknown_Random,South Korea,2020-03-27,Unknown_Random,,,7
아들의 아내2,Unknown_Random,South Korea,2020-03-27,Comedy,,,5
더퍼지:최초의시작,Unknown_Random,United States,2020-03-26,Horror,,,10
여선생3,Choi Sung-eun,South Korea,2020-03-20,Unknown,,,7
마농,Unknown_Random,United States,2020-03-31,Concert,,,7
아메리칸 호러 스토리: 메리메이커의 살인자,Unknown_Random,United States,2020-03-05,Horror,,,8
에일리언 우주전쟁,Unknown_Random,United States,2020-03-02,Action,,,4
파라다이스 힐스,Unknown_Random,Spain,2020-03-19,Fantasy,,,5
문신을 한 신부님,Unknown_Random,"Poland, France",2020-02-13,Drama,,,9
페인티드 버드,Unknown_Random,"Slovakia, Ukraine",2020-03-26,Drama,,,9
빈폴,Unknown_Random,Russia,2020-02-27,Drama,,,7
페인 앤 글로리,Unknown_Random,Spain,2020-02-05,Drama,19008.0,148008640.0,3
첫키스만 50번째,Fukuda Yuichi,Japan,2020-03-26,Comedy,,,7
아르코라이브 뮤지컬 안테모사,"Unknown_Random, Unknown_Random",South Korea,2020-03-25,Concert,,,7
네 멋대로 해라: 장 뤽 고다르,Unknown_Random,France,2020-03-19,Comedy,,,10
그 누구도 아닌,Unknown_Random,France,2020-03-26,Drama,,,8
온다,Unknown_Random,Japan,2020-03-26,Horror,,,9
슈윙! 블루 노트 레코드 스토리,Unknown_Random,Germany,2020-03-19,Documentary,,,10
용길이네 곱창집,Unknown_Random,Japan,2020-03-12,Drama,,,3
스킨,Unknown_Random,United States,2020-03-19,Drama,,,7
레닌그라드 대공습,Unknown_Random,Russia,2020-03-17,Action,,,5
러브돌: 위험한 사랑,Unknown_Random,United States,2020-03-03,Drama,,,9
올머스트다이,Unknown_Random,Unknown,2020-03-12,Horror,,,6
동네 오빠들,Choi Jeong-ja,South Korea,2020-03-12,Drama,,,7
걸즈 앤 판처 최종장,Mizushima Tsutomu,Japan,2020-03-12,Animation,,,7
리암 갤러거,"Unknown_Random, Unknown_Random",United Kingdom,2020-03-12,Documentary,,,7
스콜피온: 대테러 진압 작전,Unknown_Random,Uzbekistan,2020-03-09,Action,,,9
울프 콜,Unknown_Random,France,2020-03-05,Action,13914.0,116925020.0,3
프론테라스,Unknown_Random,United States,2020-03-05,Action,,,2
악마의 오후,Unknown_Random,Italy,2020-03-05,Horror,,,2
더 보이 2: 돌아온 브람스,Unknown_Random,United States,2020-03-05,Horror,22973.0,208118000.0,2
태국 여행의 목적: 파타야 풀빌라 섹스현장,Park Eun-seok,South Korea,2020-02-14,Drama,,,6
포르노 스캔들,Unknown_Random,United States,2020-03-02,Documentary,,,5
무림3대고수전,Unknown_Random,China,2020-03-02,Action,,,10
몸으로 성공한 태국 처녀,Park Eun-seok,South Korea,2020-02-28,Drama,,,7
친척동생,Choi Sung-eun,South Korea,2020-02-25,Unknown,,,7
원정녀 2호의 사연,Choi Sung-eun,South Korea,2020-02-25,Drama,,,7
흑인 복싱 트레이너: 검은 참교육,Unknown_Random,Japan,2020-02-21,Drama,,,6
순진한 태국 모델 꼬시기,Park Eun-seok,South Korea,2020-02-21,Drama,,,7
데스 룰렛,Unknown_Random,United States,2020-02-20,Horror,,,7
형제의 여자,Choi Sung-eun,South Korea,2020-02-18,Drama,,,7
여동생,Choi Sung-eun,South Korea,2020-02-18,Drama,,,7
두 남자와 노는 여자,Unknown_Random,Japan,2020-02-14,Unknown,,,10
투란도트,Unknown_Random,United States,2020-02-08,Concert,,,10
흥건한 내연녀,Unknown_Random,Japan,2020-02-07,Drama,,,9
파타야 모델 자매,Park Eun-seok,South Korea,2020-02-07,Drama,,,7
의붓 여동생,Choi Jeong-ja,South Korea,2020-02-07,Drama,,,7
변태작가의 색스런 이야기,Unknown_Random,Japan,2020-02-07,Drama,,,5
엔젤스 폴른,Unknown_Random,United States,2020-02-06,Action,,,6
도화선: 용의 부활,Unknown_Random,United States,2020-02-06,Action,,,4
시원찮은 그녀를 위한 육성방법 피날레,Unknown_Random,Japan,2020-02-27,Animation,,,4
젠틀맨,Guy Ritchie,United States,2020-02-26,Crime,71305.0,576990470.0,8
굿와이프:아내체험현장,Han Dong-ho,South Korea,2020-02-26,Drama,,,7
인비저블맨,Unknown_Random,United States,2020-02-26,Horror,566214.0,4939009380.0,2
내 여자의 남자들 무삭제판,Choi Jeong-ja,South Korea,2020-02-10,Drama,,,7
비쎈,Unknown_Random,China,2020-02-20,Drama,,,6
작가 미상,Unknown_Random,Germany,2020-02-20,Drama,,,6
"하이, 젝시","Unknown_Random, Unknown_Random",United States,2020-02-19,Comedy,21718.0,175102500.0,7
사마에게,"Unknown_Random, Unknown_Random",United Kingdom,2020-01-23,Documentary,,,7
봉신연의: 불의 검 외전,Unknown_Random,China,2020-02-17,Fantasy,,,5
딥워터 서바이벌,Unknown_Random,"United Kingdom, United States",2020-01-16,Horror,,,3
슈퍼 베어,Unknown_Random,United States,2020-01-15,Action,,,9
핫 룸메이트,Unknown_Random,United States,2020-02-13,Comedy,,,5
새벽의 저주: 악령의 부활,Unknown_Random,United States,2020-02-05,Horror,,,3
극장판 원피스 스탬피드,Unknown_Random,Japan,2020-02-13,Animation,,,5
데빌 인 더 캐빈,Unknown_Random,United States,2020-01-28,Horror,,,4
다운시커,Unknown_Random,United States,2020-01-28,Science Fiction,,,2
중년 알바: 젖어드는 불륜의 맛,Unknown_Random,Japan,2020-01-23,Drama,,,10
에어리언 대침공,Unknown_Random,United States,2020-01-23,Action,,,6
사촌동생들,Unknown_Random,South Korea,2020-01-29,Drama,,,2
거친 섹스에 빠진 그녀들,Park Eun-seok,South Korea,2020-01-22,Drama,,,7
참지 못하는 여친의 성욕,Park Eun-seok,South Korea,2020-01-17,Drama,,,7
월드 워 Z : 아포칼립스,Unknown_Random,United Kingdom,2020-01-14,Horror,,,6
팔려버린 아내,Unknown_Random,Japan,2020-01-13,Drama,,,3
겁탈당한 유부녀,Unknown_Random,Japan,2020-01-13,Drama,,,10
남자에 굶주린 그녀,Park Eun-seok,South Korea,2020-01-10,Drama,,,7
게이트 키퍼: 또 다른 세계,Unknown_Random,Russia,2020-01-09,Science Fiction,,,10
에일리언 2020,Unknown_Random,Canada,2020-01-07,Action,,,3
알라딘-램프의 신,Unknown_Random,United States,2020-01-07,Drama,,,3
알.이.엠,Unknown_Random,United States,2020-01-04,Thriller,,,10
섹슈얼 클리닉-오르가즘강좌,Unknown_Random,Japan,2020-01-03,Drama,,,4
구멍사이 몰래보기,Unknown_Random,Japan,2020-01-03,Drama,,,7
대리 남편,Unknown_Random,South Korea,2020-01-03,Unknown,,,10
작은 아씨들,Unknown_Random,United States,2020-02-12,Drama,847954.0,7150926550.0,7
수퍼 소닉,Unknown_Random,United States,2020-02-12,Animation,113356.0,890164390.0,5
음란주택:노예가 된 아내,Han Dong-ho,South Korea,2020-02-06,Drama,,,7
나치 오버로드,Unknown_Random,United States,2020-02-06,Action,,,7
이 멋진 세계에 축복을! 붉은 전설,Unknown_Random,Japan,2020-02-06,Animation,,,10
버즈 오브 프레이(할리 퀸의 황홀한 해방),Unknown_Random,United States,2020-02-05,Action,399872.0,3539761070.0,9
어쩌다 액션 히어로,Unknown_Random,Mexico,2020-01-17,Action,,,9
돈틀리스: 미드웨이 해전,Unknown_Random,United States,2020-01-23,War,,,2
소림퇴마: 악마사냥꾼,Unknown_Random,China,2020-02-03,Action,,,7
성기사단: 어둠의 마법사,Unknown_Random,United States,2020-02-03,Action,,,6
무협: 절대비기의 비밀,Unknown_Random,China,2020-02-03,Action,,,7
더 헌티드: 저주받은 집,Unknown_Random,United Kingdom,2020-02-03,Horror,,,2
살인병기 격리구역,Unknown_Random,China,2020-01-31,Action,,,8
카잔자키스,Unknown_Random,Unknown,2020-01-30,Drama,,,7
택배기사의 참교육,Unknown_Random,Japan,2020-01-29,Drama,,,4
에릭 클랩튼: 기타의 신,Lili Fini Zanuck,United Kingdom,2020-01-23,Documentary,,,7
나이트 헌터,Unknown_Random,Canada,2020-01-29,Action,,,3
목격자-눈이 없는 아이,Sim Yong,China,2020-01-29,Horror,,,7
지옥행 특급택시,Unknown_Random,United States,2020-01-27,Science Fiction,,,7
루시드: 자각몽,Unknown_Random,United Kingdom,2020-01-24,Science Fiction,,,2
위로해준 시동생,Nagira Kenzo,Japan,2020-01-22,Drama,,,7
오즈의 마법사: 요술구두와 말하는 책,Unknown_Random,Russia,2020-01-22,Animation,,,3
마리오 보타 : 영혼을 위한 건축,"Unknown_Random, Unknown_Random",Switzerland,2020-01-23,Documentary,,,7
스파이 지니어스,"Unknown_Random, Unknown_Random",United States,2020-01-22,Animation,446274.0,3660123900.0,7
1944 대전투,Unknown_Random,France,2020-01-21,War,,,4
자매들:감금의 추억,Han Dong-ho,South Korea,2020-01-17,Drama,,,7
더러운 아내,Choi Jeong-ja,South Korea,2020-01-17,Drama,,,7
우아한 만찬,Unknown_Random,United States,2020-01-16,Comedy,,,8
벌룬,Unknown_Random,Germany,2020-01-16,Drama,,,6
브라 이야기,Unknown_Random,Germany,2020-01-16,Drama,,,3
신의 은총으로,Unknown_Random,France,2020-01-16,Drama,,,6
나쁜 녀석들: 포에버,"Unknown_Random, Unknown_Random",United States,2020-01-15,Action,543095.0,4844332260.0,7
스파이즈,Unknown_Random,France,2020-01-15,Animation,,,4
소녀가 소녀에게,Unknown_Random,Japan,2020-01-09,Drama,,,6
일 트로바토레,Unknown_Random,Germany,2020-01-12,Concert,,,2
무림방주: 절대고수의 탄생,Unknown_Random,China,2020-01-10,Historical Drama,,,9
차일드 인 타임,Unknown_Random,United Kingdom,2020-01-09,Drama,,,6
썩시드,Unknown_Random,Thailand,2020-01-09,Comedy,,,9
리틀 큐,Unknown_Random,Hong Kong,2020-01-09,Drama,,,8
디어스킨,Unknown_Random,France,2020-01-01,Thriller,,,7
타발루가와 얼음공주,Unknown_Random,Germany,2020-01-08,Animation,,,8
닥터 두리틀,Unknown_Random,United States,2020-01-08,Fantasy,1604127.0,13430495940.0,4
스타워즈: 라이즈 오브 스카이워커,Unknown_Random,United States,2020-01-08,Action,485464.0,4513763050.0,6
파바로티,Unknown_Random,United Kingdom,2020-01-01,Documentary,,,8
